-- MySQL dump 10.13  Distrib 5.7.44, for Win64 (x86_64)
--
-- Host: localhost    Database: saludame_prod
-- ------------------------------------------------------
-- Server version	5.7.44-log

/*!40101 SET @OLD_CHARACTER_SET_CLIENT=@@CHARACTER_SET_CLIENT */;
/*!40101 SET @OLD_CHARACTER_SET_RESULTS=@@CHARACTER_SET_RESULTS */;
/*!40101 SET @OLD_COLLATION_CONNECTION=@@COLLATION_CONNECTION */;
/*!40101 SET NAMES utf8 */;
/*!40103 SET @OLD_TIME_ZONE=@@TIME_ZONE */;
/*!40103 SET TIME_ZONE='+00:00' */;
/*!40014 SET @OLD_UNIQUE_CHECKS=@@UNIQUE_CHECKS, UNIQUE_CHECKS=0 */;
/*!40014 SET @OLD_FOREIGN_KEY_CHECKS=@@FOREIGN_KEY_CHECKS, FOREIGN_KEY_CHECKS=0 */;
/*!40101 SET @OLD_SQL_MODE=@@SQL_MODE, SQL_MODE='NO_AUTO_VALUE_ON_ZERO' */;
/*!40111 SET @OLD_SQL_NOTES=@@SQL_NOTES, SQL_NOTES=0 */;

--
-- Current Database: `saludame_prod`
--

CREATE DATABASE /*!32312 IF NOT EXISTS*/ `saludame_prod` /*!40100 DEFAULT CHARACTER SET latin1 */;

USE `saludame_prod`;

--
-- Table structure for table `cliente`
--

DROP TABLE IF EXISTS `cliente`;
/*!40101 SET @saved_cs_client     = @@character_set_client */;
/*!40101 SET character_set_client = utf8 */;
CREATE TABLE `cliente` (
  `cid` int(11) NOT NULL AUTO_INCREMENT,
  `nombre` varchar(100) DEFAULT NULL,
  `apellidoPaterno` varchar(50) DEFAULT NULL,
  `carnetIdentidad` int(11) DEFAULT NULL,
  `fechaNacimiento` date DEFAULT NULL,
  `curso` varchar(3) DEFAULT NULL,
  `tipoAsegurado` varchar(45) DEFAULT NULL,
  `uidFK1` int(11) DEFAULT NULL,
  `apellidoMaterno` varchar(50) DEFAULT NULL,
  `colegio` int(11) DEFAULT NULL,
  `estado` tinyint(4) DEFAULT NULL,
  `nombreTutor` varchar(200) DEFAULT NULL,
  `nroTelefonoTutor` int(8) DEFAULT NULL,
  PRIMARY KEY (`cid`),
  KEY `uid_fk_idx` (`uidFK1`),
  KEY `colegio_idx` (`colegio`),
  CONSTRAINT `colegio` FOREIGN KEY (`colegio`) REFERENCES `colegio` (`cid`) ON DELETE NO ACTION ON UPDATE NO ACTION,
  CONSTRAINT `uid_fk1` FOREIGN KEY (`uidFK1`) REFERENCES `usuario` (`uid`) ON DELETE NO ACTION ON UPDATE NO ACTION
) ENGINE=InnoDB AUTO_INCREMENT=2433 DEFAULT CHARSET=latin1;
/*!40101 SET character_set_client = @saved_cs_client */;

--
-- Dumping data for table `cliente`
--

LOCK TABLES `cliente` WRITE;
/*!40000 ALTER TABLE `cliente` DISABLE KEYS */;
INSERT INTO `cliente` VALUES (3,'Ariel','Tellez',9667582,'2003-04-24','S6B','Asegurado',26,'Torrico',1,1,NULL,NULL),(4,'Santiago','Paz',8473923,'2001-09-23','S6A','Asegurado',26,'Farfan',2,1,'Santiago',76304828),(5,'Juan','Perez',9283472,'2002-05-19','S3C','Asegurado',26,'Suarez',3,1,NULL,NULL),(6,'Eduardo','Rivero',1094372,'2000-10-25','S6B','Asegurado',26,'Chavez',1,1,NULL,NULL),(7,'Bruno','Melgar',1293842,'2000-08-28','S5A','Asegurado',26,'Arauz',2,1,'Bruno',75639402),(9,'Marcelo','Fernandez',9483745,'2001-08-07','S6C','Asegurado',26,'Dorado',5,1,'Marcelo',75588000),(10,'Pedro','Perez',8793842,'2009-11-07','S3A','Asegurado',26,'Torrez',2,1,NULL,NULL),(11,'EMILIANO ','PEREZ',NULL,NULL,NULL,'Asegurado',26,'CORIA',12,1,NULL,NULL),(12,'BRANDON ','PINTO',NULL,NULL,NULL,'Asegurado',26,'SALCES',5,1,NULL,NULL),(13,'BYRON ','PINTO',NULL,NULL,NULL,'Asegurado',26,'SALCES',5,1,NULL,NULL),(14,'LUANA ','ICHAZO',NULL,NULL,NULL,'Asegurado',26,'ESPINOZA',5,1,NULL,NULL),(15,'VICTORIA ','LIMPIAS',NULL,NULL,NULL,'Asegurado',26,'MARISCAL',5,1,NULL,NULL),(16,'MARLI FLAVIA','RODRIGUEZ',NULL,NULL,NULL,'Asegurado',26,'LOAYZA',5,1,NULL,NULL),(17,'NATALY ','RODRIGUEZ',NULL,NULL,NULL,'Asegurado',26,'LOAYZA',5,1,NULL,NULL),(18,'TIZZIANE ','SUAREZ',NULL,NULL,NULL,'Asegurado',26,'EGUEZ',12,1,NULL,NULL),(19,'ROMANEL ','SUAREZ',NULL,NULL,NULL,'Asegurado',26,'EGUEZ',12,1,NULL,NULL),(20,'NELSON EDUARDO','VISCARRA',NULL,NULL,NULL,'Asegurado',26,'GALLARDO',12,1,NULL,NULL),(21,'PILAR ','BANEGAS',NULL,NULL,NULL,'Asegurado',26,'MEJIA',12,1,NULL,NULL),(22,'GABRIEL BENJAMIN','FERNANDEZ',NULL,NULL,NULL,'Asegurado',26,'CUENCA',5,1,NULL,NULL),(23,'SOFIA ISABEL','FERNANDEZ',NULL,NULL,NULL,'Asegurado',26,'CUENCA',5,1,NULL,NULL),(24,'NOELIA CAROLINA','SALVATIERRA',NULL,NULL,NULL,'Asegurado',26,'VARGAS',12,1,NULL,NULL),(25,'LYNN NAHID','ROJAS',NULL,NULL,NULL,'Asegurado',26,'VALVERDE',11,1,NULL,NULL),(26,'NASIB ','ROJAS',NULL,NULL,NULL,'Asegurado',26,'VALVERDE',11,1,NULL,NULL),(27,'SARA LEIDY','LIMACHI',NULL,NULL,NULL,'Asegurado',26,'MORON',15,1,NULL,NULL),(28,'AGUSTIN ','CALDA',NULL,NULL,NULL,'Asegurado',26,'MOREIRA',2,1,NULL,NULL),(29,'LUCAS ','JUSTINIANO',NULL,NULL,NULL,'Asegurado',26,'PEREDO',5,1,NULL,NULL),(30,'THIAGO ','ROMERO',NULL,NULL,NULL,'Asegurado',26,'EYZAGUIRRE',6,1,NULL,NULL),(31,'BRUNO ','ROMERO',NULL,NULL,NULL,'Asegurado',26,'VACA',6,1,NULL,NULL),(32,'MATEO ROLY','OSINAGA',NULL,NULL,NULL,'Asegurado',26,'MALAGA',5,1,NULL,NULL),(33,'HUGO ELIAS','SANDOVAL',NULL,NULL,NULL,'Asegurado',26,'PARRA',5,1,NULL,NULL),(34,'MARIA ISABELLA','MANRIQUEZ',NULL,NULL,NULL,'Asegurado',26,'CAMACHO',2,1,NULL,NULL),(35,'CAMILA ANDREA','MALDONADO',NULL,NULL,NULL,'Asegurado',26,'BEISAGA',12,1,NULL,NULL),(36,'NICOLAS ','SILVA',NULL,NULL,NULL,'Asegurado',26,'SANTINO',12,1,NULL,NULL),(37,'MAXIMILIANO ','VELASCO',NULL,NULL,NULL,'Asegurado',26,'PARADA',6,1,NULL,NULL),(38,'SOFIA ISABEL','VELASCO',NULL,NULL,NULL,'Asegurado',26,'PARADA',6,1,NULL,NULL),(39,'ARTURO ADIEL','DAVALOS',NULL,NULL,NULL,'Asegurado',26,'SUAREZ',11,1,NULL,NULL),(40,'SERGIO ARIEL','DAVALOS',NULL,NULL,NULL,'Asegurado',26,'SUAREZ',11,1,NULL,NULL),(41,'JAVIER ','MIRANDA',NULL,NULL,NULL,'Asegurado',26,'SALVATIERRA',11,1,NULL,NULL),(42,'MIGUEL EDUARDO','CANIDO',NULL,NULL,NULL,'Asegurado',26,'MORETTA',12,1,NULL,NULL),(43,'ESTEBAN ','FERNANDEZ',NULL,NULL,NULL,'Asegurado',26,'AENAS',2,1,NULL,NULL),(44,'MELISSA ','MOYA',NULL,NULL,NULL,'Asegurado',26,'PERALTA',5,1,NULL,NULL),(45,'ANTONELLA ','COIMBRA',NULL,NULL,NULL,'Asegurado',26,'CABRERA',2,1,NULL,NULL),(46,'CARLOS DIEGO','COIMBRA',NULL,NULL,NULL,'Asegurado',26,'CABRERA',2,1,NULL,NULL),(47,'ISABELLA ','COIMBRA',NULL,NULL,NULL,'Asegurado',26,'CABRERA',2,1,NULL,NULL),(48,'CARLA LUCIA','TABERNERO',NULL,NULL,NULL,'Asegurado',26,'CABRERA',2,1,NULL,NULL),(49,'JOHANN FOX','ROJAS',NULL,NULL,NULL,'Asegurado',26,'MENACHO',6,1,NULL,NULL),(50,'MIA ANTONELLA','CHOQUE',NULL,NULL,NULL,'Asegurado',26,'DAZA',6,1,NULL,NULL),(51,'DENIS SANTIAGO','GIL',NULL,NULL,NULL,'Asegurado',26,'ESPINOZA',12,1,NULL,NULL),(52,'NINA SIMONA','HURTADO',NULL,NULL,NULL,'Asegurado',26,'ANAYA',12,1,NULL,NULL),(53,'LEONARDO ','PERALES',NULL,NULL,NULL,'Asegurado',26,'BAYA',6,1,NULL,NULL),(54,'KAILI ','NIGOEVIC',NULL,NULL,NULL,'Asegurado',26,'LOZANO',6,1,NULL,NULL),(55,'MIA SOFIA','LANDIVAR',NULL,NULL,NULL,'Asegurado',26,'BERDEJA',2,1,NULL,NULL),(56,'CALEB ','IMAÑA',NULL,NULL,NULL,'Asegurado',26,'PADILLA',6,1,NULL,NULL),(57,'ARTURO JOSE','MANRRIQUE',NULL,NULL,NULL,'Asegurado',26,'HERRERA',12,1,NULL,NULL),(58,'ANTONIO ','DALENZ',NULL,NULL,NULL,'Asegurado',26,'ORTUÑO',6,1,NULL,NULL),(59,'AGUSTIN ','VALDIVIA',NULL,NULL,NULL,'Asegurado',26,'MUÑOZ',6,1,NULL,NULL),(60,'ANGEL JAVIER','VALDIVIA',NULL,NULL,NULL,'Asegurado',26,'MUÑOZ',6,1,NULL,NULL),(61,'OLIVER LEOPOLD','BAUM',NULL,NULL,NULL,'Asegurado',26,'MORENO',15,1,NULL,NULL),(62,'NINO ANGELO','DI BLASI',NULL,NULL,NULL,'Asegurado',26,'LLADO',2,1,NULL,NULL),(63,'SANTAGO ','MONTERO',NULL,NULL,NULL,'Asegurado',26,'RUIZ',12,1,NULL,NULL),(64,'PAULO ANDRE','AGUILERA',NULL,NULL,NULL,'Asegurado',26,'GUTIERREZ',5,1,NULL,NULL),(65,'AGUSTINA ','TABOADA',NULL,NULL,NULL,'Asegurado',26,'LOAYZA',2,1,NULL,NULL),(66,'ELENA MAE','GRAZIANO',NULL,NULL,NULL,'Asegurado',26,'CABALLERO',5,1,NULL,NULL),(67,'LUCIANA ','GRAZIANO',NULL,NULL,NULL,'Asegurado',26,'CABALLERO',5,1,NULL,NULL),(68,'ANA VICTORIA','SAINZ',NULL,NULL,NULL,'Asegurado',26,'SALAMANCA',6,1,NULL,NULL),(69,'LEANDRO ','FRANCO',NULL,NULL,NULL,'Asegurado',26,'ZEBALLOS',5,1,NULL,NULL),(70,'FRANCO ','RONCAL',NULL,NULL,NULL,'Asegurado',26,'NAZRALA',2,1,NULL,NULL),(71,'MAXIMILIANO ','CONDORI',NULL,NULL,NULL,'Asegurado',26,'MORENO',12,1,NULL,NULL),(72,'LUCAS DANIEL','AÑEZ',NULL,NULL,NULL,'Asegurado',26,'PRIETO',6,1,NULL,NULL),(73,'FABIO ALEJANDRO','AÑEZ',NULL,NULL,NULL,'Asegurado',26,'PRIETO',6,1,NULL,NULL),(74,'AITANA GISELLE','AÑEZ',NULL,NULL,NULL,'Asegurado',26,'PRIETO',6,1,NULL,NULL),(75,'MARIA VICTORIA','ZAMBRANA',NULL,NULL,NULL,'Asegurado',26,'CASTILLO',5,1,NULL,NULL),(76,'VALENTINA ','ZAMBRANA',NULL,NULL,NULL,'Asegurado',26,'CASTILLO',5,1,NULL,NULL),(77,'ANA CRISTINA','LIMPIAS',NULL,NULL,NULL,'Asegurado',26,'LINO',6,1,NULL,NULL),(78,'LUZ CAMILA','LIRA',NULL,NULL,NULL,'Asegurado',26,'RODRIGUEZ',5,1,NULL,NULL),(79,'SANTIAGO ','LIRA',NULL,NULL,NULL,'Asegurado',26,'RODRIGUEZ',5,1,NULL,NULL),(80,'AARON ','ALVAREZ',NULL,NULL,NULL,'Asegurado',26,'ROSALES',5,1,NULL,NULL),(81,'RAUL ','ALVAREZ',NULL,NULL,NULL,'Asegurado',26,'ROSALES',5,1,NULL,NULL),(82,'MELINA ','MITA',NULL,NULL,NULL,'Asegurado',26,'CHOQUETICLLA',2,1,NULL,NULL),(83,'MIA CAROLINA','PEREZ',NULL,NULL,NULL,'Asegurado',26,'CORNEJO',5,1,NULL,NULL),(84,'SOFIA CELINA','PEREZ',NULL,NULL,NULL,'Asegurado',26,'CORNEJO',5,1,NULL,NULL),(85,'CIELO GIOMARA','RIVADENEYRA',NULL,NULL,NULL,'Asegurado',26,'TRIGOSO',2,1,NULL,NULL),(86,'JOSE LEONEL','RIVADENEYRA',NULL,NULL,NULL,'Asegurado',26,'TRIGOSO',2,1,NULL,NULL),(87,'RAFAEL ','GARCIA',NULL,NULL,NULL,'Asegurado',26,'OSINAGA',5,1,NULL,NULL),(88,'SEBASTIAN ','MONTERO',NULL,NULL,NULL,'Asegurado',26,'RUIZ',12,1,NULL,NULL),(89,'MIKAELA ','MONTERO',NULL,NULL,NULL,'Asegurado',26,'NUÑEZ',5,1,NULL,NULL),(90,'LUCAS ANDRES','SUAREZ',NULL,NULL,NULL,'Asegurado',26,'PINTO',12,1,NULL,NULL),(91,'LUANA ','SUAREZ',NULL,NULL,NULL,'Asegurado',26,'PINTO',12,1,NULL,NULL),(92,'RAFAELLA ','CABRERA',NULL,NULL,NULL,'Asegurado',26,'CALDERON',2,1,NULL,NULL),(93,'ANDRES MATTEO','JUSTINIANO',NULL,NULL,NULL,'Asegurado',26,'ARCE',2,1,NULL,NULL),(94,'ISABELLA ','JUSTINIANO',NULL,NULL,NULL,'Asegurado',26,'ARCE',2,1,NULL,NULL),(95,'ANDE YECIT','HINOJOSA',NULL,NULL,NULL,'Asegurado',26,'ORELLANA',12,1,NULL,NULL),(96,'MARY ALEJANDRA','HINOJOSA',NULL,NULL,NULL,'Asegurado',26,'ORELLANA',12,1,NULL,NULL),(97,'MARIA JULIANA','HINOJOSA',NULL,NULL,NULL,'Asegurado',26,'ORELLANA',12,1,NULL,NULL),(98,'CATALINA ','CASTELLON',NULL,NULL,NULL,'Asegurado',26,'MIDDAGH',2,1,NULL,NULL),(99,'EMILIANO DAVID','MEDINA',NULL,NULL,NULL,'Asegurado',26,'RETAMOZO',12,1,NULL,NULL),(100,'EMILIANO ','SALAS',NULL,NULL,NULL,'Asegurado',26,'ROJAS',12,1,NULL,NULL),(101,'PAULA ANDREA','SALAS',NULL,NULL,NULL,'Asegurado',26,'ROJAS',12,1,NULL,NULL),(102,'FLAVIA NICOLE','PETRAITIS',NULL,NULL,NULL,'Asegurado',26,'ROJAS',12,1,NULL,NULL),(103,'JOSE DAMIAN','LOPEZ',NULL,NULL,NULL,'Asegurado',26,'FERNANDEZ',12,1,NULL,NULL),(104,'LUIS GUILLERMO','ROBLES',NULL,NULL,NULL,'Asegurado',26,'SEVILLA',12,1,NULL,NULL),(105,'VICTORIA ','ARAUZ',NULL,NULL,NULL,'Asegurado',26,'MARIA',12,1,NULL,NULL),(106,'JESUS EDUARDO','ARDAYA',NULL,NULL,NULL,'Asegurado',26,'ANTELO',12,1,NULL,NULL),(107,'BIANCA CAMILA','MACIAS',NULL,NULL,NULL,'Asegurado',26,'VILLAVICENCIO',5,1,NULL,NULL),(108,'DIANA GEORGINA','MACIAS',NULL,NULL,NULL,'Asegurado',26,'VILLAVICENCIO',5,1,NULL,NULL),(109,'LARISSA ABIGAIL','MACIAS',NULL,NULL,NULL,'Asegurado',26,'VILLAVICENCIO',5,1,NULL,NULL),(110,'OSCAR SANTIAGO','FRIAS',NULL,NULL,NULL,'Asegurado',26,'HERRERA',12,1,NULL,NULL),(111,'OSCAR MATEO','FRIAS',NULL,NULL,NULL,'Asegurado',26,'HERRERA',12,1,NULL,NULL),(112,'ANTONELLA ','FRIAS',NULL,NULL,NULL,'Asegurado',26,'HERRERA',12,1,NULL,NULL),(113,'AXEL ENRIQUE','LOPEZ',NULL,NULL,NULL,'Asegurado',26,'RODRIGUEZ',12,1,NULL,NULL),(114,'LEONEL ','MOLINA',NULL,NULL,NULL,'Asegurado',26,'CESPEDES',5,1,NULL,NULL),(115,'MARCELO ','PACHECO',NULL,NULL,NULL,'Asegurado',26,'MONTAÑO',12,1,NULL,NULL),(116,'SANTIAGO DARIO','MORALES',NULL,NULL,NULL,'Asegurado',26,'ROJAS',12,1,NULL,NULL),(117,'JORGE ','MONDOCORRE',NULL,NULL,NULL,'Asegurado',26,'FUENTES',12,1,NULL,NULL),(118,'ALEJANDRO ','MONDOCORRE',NULL,NULL,NULL,'Asegurado',26,'FUENTES',12,1,NULL,NULL),(119,'ALESSANDRO ','CHAILE',NULL,NULL,NULL,'Asegurado',26,'ANDRADE',5,1,NULL,NULL),(120,'MARIO SEBASTIAN','ROMERO',NULL,NULL,NULL,'Asegurado',26,'RUIZ',6,1,NULL,NULL),(121,'FABIANE ','SUAREZ',NULL,NULL,NULL,'Asegurado',26,'CALATAYUD',6,1,NULL,NULL),(122,'FABIO ','SUAREZ',NULL,NULL,NULL,'Asegurado',26,'CALATAYUD',6,1,NULL,NULL),(123,'MATIAS ','CHAILE',NULL,NULL,NULL,'Asegurado',26,'ANDRADE',5,1,NULL,NULL),(124,'GIANELHA ','JORDAN',NULL,NULL,NULL,'Asegurado',26,'OLIVA',12,1,NULL,NULL),(125,'THAIS ','CASCALES',NULL,NULL,NULL,'Asegurado',26,'VIDAL',12,1,NULL,NULL),(126,'ISABELLA ','CASCALES',NULL,NULL,NULL,'Asegurado',26,'VIDAL',12,1,NULL,NULL),(127,'JUAN MANUEL','RICO',NULL,NULL,NULL,'Asegurado',26,'VIDAL',12,1,NULL,NULL),(128,'ENZO ANDRES','ZAGAL',NULL,NULL,NULL,'Asegurado',26,'ENDARA',12,1,NULL,NULL),(129,'ALEJANDRO ','ANTUNEZ',NULL,NULL,NULL,'Asegurado',26,'ESCALANTE',12,1,NULL,NULL),(130,'LUCIANA ','ANTUNEZ',NULL,NULL,NULL,'Asegurado',26,'ESCALANTE',12,1,NULL,NULL),(131,'JOSE DANUEL','DAZA',NULL,NULL,NULL,'Asegurado',26,'LOPEZ',5,1,NULL,NULL),(132,'SAMANTHA ARIANA','FERNANDEZ',NULL,NULL,NULL,'Asegurado',26,'RAMOS',6,1,NULL,NULL),(133,'LAIA FIORELLA','FERNANDEZ',NULL,NULL,NULL,'Asegurado',26,'RAMOS',6,1,NULL,NULL),(134,'ALEJANDRA NICOLE','MOLINA',NULL,NULL,NULL,'Asegurado',26,'ARMIJO',15,1,NULL,NULL),(135,'CARLA ANDREA','MOLINA',NULL,NULL,NULL,'Asegurado',26,'ARMIJO',15,1,NULL,NULL),(136,'CAMILA ','SOTO',NULL,NULL,NULL,'Asegurado',26,'SANCHEZ',12,1,NULL,NULL),(137,'VALENTINA ','SOTO',NULL,NULL,NULL,'Asegurado',26,'SANCHEZ',12,1,NULL,NULL),(138,'ANTHONELLA ','FERNANDEZ',NULL,NULL,NULL,'Asegurado',26,'ARTEAGA',12,1,NULL,NULL),(139,'VALERIA ','MONASTERIO',NULL,NULL,NULL,'Asegurado',26,'ANTEZANA',5,1,NULL,NULL),(140,'ANALIA ','CUELLAR',NULL,NULL,NULL,'Asegurado',26,'PANIAGUA',15,1,NULL,NULL),(141,'CARLO NICOLAS','ALANDIA',NULL,NULL,NULL,'Asegurado',26,'CAMACHO',12,1,NULL,NULL),(142,'FABIANA ','SANCHEZ',NULL,NULL,NULL,'Asegurado',26,'JORDAN',5,1,NULL,NULL),(143,'BRIZEIDA ','HOYOS',NULL,NULL,NULL,'Asegurado',26,'ANTELO',12,1,NULL,NULL),(144,'JOSE CRISTIAN','PARDO',NULL,NULL,NULL,'Asegurado',26,'AGUILERA',5,1,NULL,NULL),(145,'JOSIAS DAVID','PARDO',NULL,NULL,NULL,'Asegurado',26,'AGUILERA',5,1,NULL,NULL),(146,'MEGAN LUCIANA','PARDO',NULL,NULL,NULL,'Asegurado',26,'AGUILERA',5,1,NULL,NULL),(147,'RAUL IGNACIO','RAMOS',NULL,NULL,NULL,'Asegurado',26,'MELGAR',12,1,NULL,NULL),(148,'LUCAS ','HERRERA',NULL,NULL,NULL,'Asegurado',26,'ESPINOZA',5,1,NULL,NULL),(149,'MARIANO ','HOYOS',NULL,NULL,NULL,'Asegurado',26,'ANTELO',12,1,NULL,NULL),(150,'CAROLINA ','HOYOS',NULL,NULL,NULL,'Asegurado',26,'ANTELO',12,1,NULL,NULL),(151,'ADRIANA LIZETH','FLORES',NULL,NULL,NULL,'Asegurado',26,'GODOY',5,1,NULL,NULL),(152,'RAFAELA ','LAZZAROTTO',NULL,NULL,NULL,'Asegurado',26,'ROJAS',2,1,NULL,NULL),(153,'JUAN PABLO','ORELLANA',NULL,NULL,NULL,'Asegurado',26,'RIBERA',12,1,NULL,NULL),(154,'VALERIA SOFIA','ORELLANA',NULL,NULL,NULL,'Asegurado',26,'RIBERA',12,1,NULL,NULL),(155,'NATALIA ','GUARDIA',NULL,NULL,NULL,'Asegurado',26,'PADILLA',12,1,NULL,NULL),(156,'MATEO ','RENDON',NULL,NULL,NULL,'Asegurado',26,'GUTIERREZ',5,1,NULL,NULL),(157,'TIARA LUCIA','YRIGOYEN',NULL,NULL,NULL,'Asegurado',26,'DAVALOS',12,1,NULL,NULL),(158,'FABIANA ','ROCA',NULL,NULL,NULL,'Asegurado',26,'ARRIAGA',12,1,NULL,NULL),(159,'FAIRS MOISES','MALDONADO',NULL,NULL,NULL,'Asegurado',26,'MONTAÑO',5,1,NULL,NULL),(160,'JOSE DANIEL','DAZA',NULL,NULL,NULL,'Asegurado',26,'LOPEZ',5,1,NULL,NULL),(161,'MIKAELA ','TANGO',NULL,NULL,NULL,'Asegurado',26,'VERA',5,1,NULL,NULL),(162,'PAULA SOFIA','NUÑEZ',NULL,NULL,NULL,'Asegurado',26,'GUERRERO',12,1,NULL,NULL),(163,'LUIS ALEJANDRO','NUÑEZ',NULL,NULL,NULL,'Asegurado',26,'GUERRERO',12,1,NULL,NULL),(164,'FABIANA ','SALAZAR',NULL,NULL,NULL,'Asegurado',26,'MENDEZ',2,1,NULL,NULL),(165,'DARIANA ','SALAZAR',NULL,NULL,NULL,'Asegurado',26,'MENDEZ',2,1,NULL,NULL),(166,'MATEO ','LAGRAVA',NULL,NULL,NULL,'Asegurado',26,'LAVARDENZ',6,1,NULL,NULL),(167,'SANTIAGO ','LAGRAVA',NULL,NULL,NULL,'Asegurado',26,'LAVARDENZ',6,1,NULL,NULL),(168,'FABRIZIO ','GUTIERREZ',NULL,NULL,NULL,'Asegurado',26,'VELASQUEZ',12,1,NULL,NULL),(169,'SOFIA ','CRESPO',NULL,NULL,NULL,'Asegurado',26,'MENACHO',6,1,NULL,NULL),(170,'VALENTINA ','CRESPO',NULL,NULL,NULL,'Asegurado',26,'MENACHO',6,1,NULL,NULL),(171,'DIEGO ','CRESPO',NULL,NULL,NULL,'Asegurado',26,'MENACHO',6,1,NULL,NULL),(172,'LEANDRO ENRIQUE','TELLEZ',NULL,NULL,NULL,'Asegurado',26,'MONDACA',2,1,NULL,NULL),(173,'ANA PAULA','BILBAO',NULL,NULL,NULL,'Asegurado',26,'EGUEZ',12,1,NULL,NULL),(174,'FRANCO GUILLERMO','ROMAN',NULL,NULL,NULL,'Asegurado',26,'GALARZA',6,1,NULL,NULL),(175,'NATALIA ','ORQUERA',NULL,NULL,NULL,'Asegurado',26,'HERRERA',12,1,NULL,NULL),(176,'ADRIAN ','RIBERA',NULL,NULL,NULL,'Asegurado',26,'GARRETT',12,1,NULL,NULL),(177,'LUISA ','RIBERA',NULL,NULL,NULL,'Asegurado',26,'GARRETT',12,1,NULL,NULL),(178,'MARIO ','ORTIZ',NULL,NULL,NULL,'Asegurado',26,'JACOBS',2,1,NULL,NULL),(179,'CAMILA ','ARANDIA',NULL,NULL,NULL,'Asegurado',26,'ESCOBAR',12,1,NULL,NULL),(180,'SANTIAGO ','LAZO',NULL,NULL,NULL,'Asegurado',26,'CHAVEZ',5,1,NULL,NULL),(181,'NELVY LUANA','PRATA',NULL,NULL,NULL,'Asegurado',26,'AÑEZ',12,1,NULL,NULL),(182,'LUCAS ','PRATA',NULL,NULL,NULL,'Asegurado',26,'AÑEZ',12,1,NULL,NULL),(183,'SOFIA BEATRIZ','FERNANDEZ',NULL,NULL,NULL,'Asegurado',26,'BARBA',15,1,NULL,NULL),(184,'MIA NICOLE','VALENZUELA',NULL,NULL,NULL,'Asegurado',26,'MERCADO',12,1,NULL,NULL),(185,'ZOE ','VALENZUELA',NULL,NULL,NULL,'Asegurado',26,'MERCADO',12,1,NULL,NULL),(186,'SOFIA ANDREA','MONDOCORRE',NULL,NULL,NULL,'Asegurado',26,'LLANOS',12,1,NULL,NULL),(187,'MARIA ISABEL','MONDOCORRE',NULL,NULL,NULL,'Asegurado',26,'LLANOS',12,1,NULL,NULL),(188,'MARIA INES','MONDOCORRE',NULL,NULL,NULL,'Asegurado',26,'PEREZ',12,1,NULL,NULL),(189,'RENATO ','RIOJA',NULL,NULL,NULL,'Asegurado',26,'BILBAO',6,1,NULL,NULL),(190,'EMILIANO ALEJANDRO','ESPINOZA',NULL,NULL,NULL,'Asegurado',26,'GUACHALLA',6,1,NULL,NULL),(191,'JOSE MARTIN','LOPEZ',NULL,NULL,NULL,'Asegurado',26,'FIGUEROA',15,1,NULL,NULL),(192,'ANGEL DANIEL','SILES',NULL,NULL,NULL,'Asegurado',26,'MENDOZA',5,1,NULL,NULL),(193,'JOSE ANDRES','SILES',NULL,NULL,NULL,'Asegurado',26,'MENDOZA',5,1,NULL,NULL),(194,'MICHEL ','GONZALES',NULL,NULL,NULL,'Asegurado',26,'CESPEDES',6,1,NULL,NULL),(195,'GERMAN DELUKA','MEDRANO',NULL,NULL,NULL,'Asegurado',26,'PARDO',5,1,NULL,NULL),(196,'LUIS ENRIQUE','CUELLAR',NULL,NULL,NULL,'Asegurado',26,'PATRONI',5,1,NULL,NULL),(197,'LOPEZ SAMANTHA','DA',NULL,NULL,NULL,'Asegurado',26,'SILVA',12,1,NULL,NULL),(198,'HERNAN ','ROJAS',NULL,NULL,NULL,'Asegurado',26,'VELARDE',6,1,NULL,NULL),(199,'SANTIAGO ','FERRUFINO',NULL,NULL,NULL,'Asegurado',26,'VANNUCCI',5,1,NULL,NULL),(200,'SEBASTIAN ','FERRUFINO',NULL,NULL,NULL,'Asegurado',26,'VANNUCCI',5,1,NULL,NULL),(201,'IAN ERICK','TUDELA',NULL,NULL,NULL,'Asegurado',26,'PEREZ',12,1,NULL,NULL),(202,'KEITHLEEN THAIS','TUDELA',NULL,NULL,NULL,'Asegurado',26,'PEREZ',12,1,NULL,NULL),(203,'MATHIAS DANILO','VARGAS',NULL,NULL,NULL,'Asegurado',26,'VELARDE',6,1,NULL,NULL),(204,'SOFIA ANTONELA','HERRERA',NULL,NULL,NULL,'Asegurado',26,'CAUTIN',2,1,NULL,NULL),(205,'ANDRES ','HURTADO',NULL,NULL,NULL,'Asegurado',26,'VARGAS',12,1,NULL,NULL),(206,'RAFAELA ','EGUEZ',NULL,NULL,NULL,'Asegurado',26,'PANIAGUA',12,1,NULL,NULL),(207,'OSVALDO ','ARAOZ',NULL,NULL,NULL,'Asegurado',26,'SAUCEDO',6,1,NULL,NULL),(208,'RAFAEL ALEJANDRO','PACHECO',NULL,NULL,NULL,'Asegurado',26,'SUAREZ',2,1,NULL,NULL),(209,'CARLOS ANDRES','PINTO',NULL,NULL,NULL,'Asegurado',26,'CAETANO',12,1,NULL,NULL),(210,'AITOR ','ELORZA',NULL,NULL,NULL,'Asegurado',26,'CAETANO',12,1,NULL,NULL),(211,'ANA CRISTINA','CUELLAR',NULL,NULL,NULL,'Asegurado',26,'PATRONI',5,1,NULL,NULL),(212,'BIANCA FLAVIA','AÑEZ',NULL,NULL,NULL,'Asegurado',26,'VARGAS',5,1,NULL,NULL),(213,'LEANDRO ANDRE','AÑEZ',NULL,NULL,NULL,'Asegurado',26,'VARGAS',5,1,NULL,NULL),(214,'MARIA BELEN','ORTIZ',NULL,NULL,NULL,'Asegurado',26,'JACOBS',2,1,NULL,NULL),(215,'LUCIO ALEJANDRO','FERRUFINO',NULL,NULL,NULL,'Asegurado',26,'HERBAS',5,1,NULL,NULL),(216,'LUIS FEDERICO','FERRUFINO',NULL,NULL,NULL,'Asegurado',26,'HERBAS',5,1,NULL,NULL),(217,'SOFIA ','FERRUFINO',NULL,NULL,NULL,'Asegurado',26,'HERBAS',5,1,NULL,NULL),(218,'ANELI EDITH','LLANOS',NULL,NULL,NULL,'Asegurado',26,'MENDEZ',12,1,NULL,NULL),(219,'MARIO AUGUSTO','TAPIA',NULL,NULL,NULL,'Asegurado',26,'MUÑOZ',12,1,NULL,NULL),(220,'VICENTE ','LEAÑOS',NULL,NULL,NULL,'Asegurado',26,'ALVAREZ',12,1,NULL,NULL),(221,'ALDO ANTONIO','LEAÑOS',NULL,NULL,NULL,'Asegurado',26,'ALVAREZ',12,1,NULL,NULL),(222,'SEBASTIAN ','LEAÑOS',NULL,NULL,NULL,'Asegurado',26,'ALVAREZ',12,1,NULL,NULL),(223,'MARIA AGUSTINA','FARELL',NULL,NULL,NULL,'Asegurado',26,'RUIZ',2,1,NULL,NULL),(224,'SAMANTHA ','OROZA',NULL,NULL,NULL,'Asegurado',26,'CASANOVA',12,1,NULL,NULL),(225,'NICOLAS ANTONIO','OROZA',NULL,NULL,NULL,'Asegurado',26,'CASANOVA',12,1,NULL,NULL),(226,'CATALINA ','GUZMAN',NULL,NULL,NULL,'Asegurado',26,'JUSTINIANO',2,1,NULL,NULL),(227,'MATIAS ','RIVERO',NULL,NULL,NULL,'Asegurado',26,'VILLENA',15,1,NULL,NULL),(228,'LUCAS ','RIVERO',NULL,NULL,NULL,'Asegurado',26,'VILLENA',15,1,NULL,NULL),(229,'FRANCO ','GALARZA',NULL,NULL,NULL,'Asegurado',26,'GIANELLA',5,1,NULL,NULL),(230,'CARLA LEIDY','VILLEGAS',NULL,NULL,NULL,'Asegurado',26,'ARTEAGA',6,1,NULL,NULL),(231,'FANY ANTONELLA','COIMBRA',NULL,NULL,NULL,'Asegurado',26,'ROJAS',5,1,NULL,NULL),(232,'ANAHI ','ZAPATA',NULL,NULL,NULL,'Asegurado',26,'VIDAL',12,1,NULL,NULL),(233,'GARCIA ALEXIA','SORIA',NULL,NULL,NULL,'Asegurado',26,'GALVARRO',6,1,NULL,NULL),(234,'ILHIAN MATEO','CLEMENTELLI',NULL,NULL,NULL,'Asegurado',26,'RUIZ',5,1,NULL,NULL),(235,'JOSUE ','CUELLAR',NULL,NULL,NULL,'Asegurado',26,'MENA',15,1,NULL,NULL),(236,'ROY JESUS','VACA',NULL,NULL,NULL,'Asegurado',26,'MARTINEZ',15,1,NULL,NULL),(237,'ISABELLA ','VASQUEZ',NULL,NULL,NULL,'Asegurado',26,'MENACHO',15,1,NULL,NULL),(238,'MICHELLE ','VASQUEZ',NULL,NULL,NULL,'Asegurado',26,'MENACHO',15,1,NULL,NULL),(239,'JOSUE YAHIR','OJEDA',NULL,NULL,NULL,'Asegurado',26,'JUSTINIANO',15,1,NULL,NULL),(240,'DIEGO ','SALVATIERRA',NULL,NULL,NULL,'Asegurado',26,'GUZMAN',15,1,NULL,NULL),(241,'BERNARDO JOSE','BATANCOURT',NULL,NULL,NULL,'Asegurado',26,'RAMOS',15,1,NULL,NULL),(242,'FABIANA ELOISA','BETANCOURT',NULL,NULL,NULL,'Asegurado',26,'RAMOS',15,1,NULL,NULL),(243,'CAROLINA ','BANEGAS',NULL,NULL,NULL,'Asegurado',26,'MONTERO',15,1,NULL,NULL),(244,'JOSE ANTONIO','IBARRA',NULL,NULL,NULL,'Asegurado',26,'OVANDO',15,1,NULL,NULL),(245,'LUZ MAYA','CINFUENTES',NULL,NULL,NULL,'Asegurado',26,'OJEDA',15,1,NULL,NULL),(246,'SILVA VICTORIA','DECIMA',NULL,NULL,NULL,'Asegurado',26,'DA',15,1,NULL,NULL),(247,'SILVA SOFIA','DECIMA',NULL,NULL,NULL,'Asegurado',26,'DA',15,1,NULL,NULL),(248,'MELISA ','TAMAYO',NULL,NULL,NULL,'Asegurado',26,'TELLERIA',15,1,NULL,NULL),(249,'VALENTINA ','SANDOVAL',NULL,NULL,NULL,'Asegurado',26,'TELLERIA',15,1,NULL,NULL),(250,'CAMILA ','SANDOVAL',NULL,NULL,NULL,'Asegurado',26,'TELLERIA',15,1,NULL,NULL),(251,'SANTHIAGO ','ARIAS',NULL,NULL,NULL,'Asegurado',26,'FERNANDEZ',12,1,NULL,NULL),(252,'GISSEL ','RODRIGUEZ',NULL,NULL,NULL,'Asegurado',26,'ARTEAGA',12,1,NULL,NULL),(253,'SOFIA ','GRIMALDES',NULL,NULL,NULL,'Asegurado',26,'CLAVIJO',12,1,NULL,NULL),(254,'SANDRA NICOLE','SAYMAN',NULL,NULL,NULL,'Asegurado',26,'SALAZAR',12,1,NULL,NULL),(255,'MARIA BELEN','SAYMAN',NULL,NULL,NULL,'Asegurado',26,'SALAZAR',12,1,NULL,NULL),(256,'RAFAELLA LISSANDRA SIRANI','POGGIO',NULL,NULL,NULL,'Asegurado',26,'RODRIGUEZ',6,1,NULL,NULL),(257,'RAQUEL ','GUTIERREZ',NULL,NULL,NULL,'Asegurado',26,'CORDERO',12,1,NULL,NULL),(258,'HAROLD  ROBERTO','BOYER',NULL,NULL,NULL,'Asegurado',26,'VACA DIEZ',5,1,NULL,NULL),(259,'VIERA NICOLAS','FORNS',NULL,NULL,NULL,'Asegurado',26,'SAMSO',6,1,NULL,NULL),(260,'VIERA CRISTINA','FORNS',NULL,NULL,NULL,'Asegurado',26,'SAMSO',6,1,NULL,NULL),(261,'ADRIANA CELESTE','GUZMAN',NULL,NULL,NULL,'Asegurado',26,'MADRID',5,1,NULL,NULL),(262,'JOSUE MIGUEL','GUZMAN',NULL,NULL,NULL,'Asegurado',26,'MADRID',5,1,NULL,NULL),(263,'JUAN CARLOS','GUZMAN',NULL,NULL,NULL,'Asegurado',26,'MADRID',5,1,NULL,NULL),(264,'ADRIAN ','GUTIERREZ',NULL,NULL,NULL,'Asegurado',26,'MERIDA',5,1,NULL,NULL),(265,'BRUNA ','LIMA',NULL,NULL,NULL,'Asegurado',26,'PARADA',6,1,NULL,NULL),(266,'MAURO ','LIMA',NULL,NULL,NULL,'Asegurado',26,'PARADA',6,1,NULL,NULL),(267,'JOSE DAVID','PERALTA',NULL,NULL,NULL,'Asegurado',26,'SAEZ',6,1,NULL,NULL),(268,'SOFIA MARIE','AZIZE',NULL,NULL,NULL,'Asegurado',26,'ESPINOZA',15,1,NULL,NULL),(269,'HUMBERTO ','GUTIERREZ',NULL,NULL,NULL,'Asegurado',26,'MERIDA',5,1,NULL,NULL),(270,'NICOLAS ','JUSTINIANO',NULL,NULL,NULL,'Asegurado',26,'VELARDE',6,1,NULL,NULL),(271,'MIA LUANNA','SOLIS',NULL,NULL,NULL,'Asegurado',26,'LENIS',12,1,NULL,NULL),(272,'ELISA ','CHACON',NULL,NULL,NULL,'Asegurado',26,'TUDOR',6,1,NULL,NULL),(273,'LUCIANA ','CHACON',NULL,NULL,NULL,'Asegurado',26,'TUDOR',6,1,NULL,NULL),(274,'MIKAELA ','BILLEWICZ',NULL,NULL,NULL,'Asegurado',26,'TUDOR',6,1,NULL,NULL),(275,'GERALDINE ','GARCIA',NULL,NULL,NULL,'Asegurado',26,'GUILLEN',12,1,NULL,NULL),(276,'DIEGO STEPHAN','D´LORENNTTI',NULL,NULL,NULL,'Asegurado',26,'OVANDO',6,1,NULL,NULL),(277,'HANSEL ','ORDOÑEZ',NULL,NULL,NULL,'Asegurado',26,'MUES',12,1,NULL,NULL),(278,'BRUNO STEEFFAN','ORDOÑEZ',NULL,NULL,NULL,'Asegurado',26,'MUES',12,1,NULL,NULL),(279,'EZEQUIEL ','JIMENEZ',NULL,NULL,NULL,'Asegurado',26,'MENDEZ',5,1,NULL,NULL),(280,'JUAN OSWALDO','RIOS',NULL,NULL,NULL,'Asegurado',26,'CANDIA',6,1,NULL,NULL),(281,'JORGE SEBASTIAN','RIOS',NULL,NULL,NULL,'Asegurado',26,'CANDIA',6,1,NULL,NULL),(282,'LUZ BRIANNAH','LUJAN',NULL,NULL,NULL,'Asegurado',26,'CARTAGENA',6,1,NULL,NULL),(283,'BOSHIM ZOE','CHEN',NULL,NULL,NULL,'Asegurado',26,'RIOS',6,1,NULL,NULL),(284,'CAMILA ','JUSTINIANO',NULL,NULL,NULL,'Asegurado',26,'FIGUEROA',6,1,NULL,NULL),(285,'ADRIAN ','GARCIA',NULL,NULL,NULL,'Asegurado',26,'SEGURONDO',6,1,NULL,NULL),(286,'JULIANA BEATRIZ','GARCIA',NULL,NULL,NULL,'Asegurado',26,'SEGURONDO',6,1,NULL,NULL),(287,'SEBASTIAN MAURICIO','VILLARROEL',NULL,NULL,NULL,'Asegurado',26,'PINTO',12,1,NULL,NULL),(288,'SARAI ','JIMENEZ',NULL,NULL,NULL,'Asegurado',26,'MENDEZ',5,1,NULL,NULL),(289,'AARON DAVID','ORTIZ',NULL,NULL,NULL,'Asegurado',26,'LOPEZ',6,1,NULL,NULL),(290,'SARA LUCIANA','ORTIZ',NULL,NULL,NULL,'Asegurado',26,'LOPEZ',6,1,NULL,NULL),(291,'ANDREA VICTORIA','ORTIZ',NULL,NULL,NULL,'Asegurado',26,'LOPEZ',6,1,NULL,NULL),(292,'MARCO ','ANTORIANO',NULL,NULL,NULL,'Asegurado',26,'AIREYU',2,1,NULL,NULL),(293,'JORGE ESTEBAN','DI BELLO',NULL,NULL,NULL,'Asegurado',26,'JUSTINIANO',12,1,NULL,NULL),(294,'JOSE MATIAS','DI BELLO',NULL,NULL,NULL,'Asegurado',26,'JUSTINIANO',12,1,NULL,NULL),(295,'FLAVIA ','GUTIERREZ',NULL,NULL,NULL,'Asegurado',26,'ESPADA',6,1,NULL,NULL),(296,'FRANCISCO ','GUTIERREZ',NULL,NULL,NULL,'Asegurado',26,'ESPADA',6,1,NULL,NULL),(297,'JULIETTA ','GIL',NULL,NULL,NULL,'Asegurado',26,'VILLARROEL',6,1,NULL,NULL),(298,'MAELA ARLEN','MOLINA',NULL,NULL,NULL,'Asegurado',26,'PEÑARANDA',6,1,NULL,NULL),(299,'MATIAS CAMILO','MOLINA',NULL,NULL,NULL,'Asegurado',26,'PEÑARANDA',6,1,NULL,NULL),(300,'NICOLAS MANUEL','MOLINA',NULL,NULL,NULL,'Asegurado',26,'PEÑARANDA',6,1,NULL,NULL),(301,'RODRIGO ANTONIO','VARGAS',NULL,NULL,NULL,'Asegurado',26,'CABRERA',5,1,NULL,NULL),(302,'VALENTINA ','SUAREZ',NULL,NULL,NULL,'Asegurado',26,'URIBE',6,1,NULL,NULL),(303,'ALEJANDRO ','PAZ',NULL,NULL,NULL,'Asegurado',26,'DEMETRIO',12,1,NULL,NULL),(304,'EMMANUEL LEANDRO','FLORES',NULL,NULL,NULL,'Asegurado',26,'CHAVEZ',5,1,NULL,NULL),(305,'SOFIA ','AIMARETTI',NULL,NULL,NULL,'Asegurado',26,'BANZER',2,1,NULL,NULL),(306,'NICOLAS ALEJANDRO','LEON',NULL,NULL,NULL,'Asegurado',26,'RUIZ',6,1,NULL,NULL),(307,'AGUSTIN ','DOMINGUEZ',NULL,NULL,NULL,'Asegurado',26,'GARRIDO',6,1,NULL,NULL),(308,'JOSE DAVID','PIZA',NULL,NULL,NULL,'Asegurado',26,'BALDERRAMA',5,1,NULL,NULL),(309,'FABIAN ','SALINAS',NULL,NULL,NULL,'Asegurado',26,'VERGARA',12,1,NULL,NULL),(310,'ZSOFIA ','SANDOVAL',NULL,NULL,NULL,'Asegurado',26,'ESCALANTE',12,1,NULL,NULL),(311,'TOBIAS ','SANDOVAL',NULL,NULL,NULL,'Asegurado',26,'ESCALANTE',12,1,NULL,NULL),(312,'SANTIAGO EDUARDO','CESPEDES',NULL,NULL,NULL,'Asegurado',26,'BARRANCOS',6,1,NULL,NULL),(313,'FABIO ','ORTIZ',NULL,NULL,NULL,'Asegurado',26,'ARDAYA',6,1,NULL,NULL),(314,'SOPHIE ADARA','AQUINO',NULL,NULL,NULL,'Asegurado',26,'AGUILERA',12,1,NULL,NULL),(315,'ADRIANA ALEXANDRA','AQUINO',NULL,NULL,NULL,'Asegurado',26,'AGUILERA',12,1,NULL,NULL),(316,'MATIAS ','COLEONI',NULL,NULL,NULL,'Asegurado',26,'JUSTINIANO',6,1,NULL,NULL),(317,'JOSE SANTIAGO','PAZ',NULL,NULL,NULL,'Asegurado',26,'HURTADO',6,1,NULL,NULL),(318,'MATIAS ','ROSSI',NULL,NULL,NULL,'Asegurado',26,'HEREDIA',12,1,NULL,NULL),(319,'FERNANDA ','IKENOUCHI',NULL,NULL,NULL,'Asegurado',26,'MACHICAO',6,1,NULL,NULL),(320,'NICOLAS ','ABASTOFLOR',NULL,NULL,NULL,'Asegurado',26,'CASTILLO',2,1,NULL,NULL),(321,'MAYRA ALEJANDRA','CHOQUE',NULL,NULL,NULL,'Asegurado',26,'IPORRE',6,1,NULL,NULL),(322,'MADISON ','CHOQUE',NULL,NULL,NULL,'Asegurado',26,'IPORRE',6,1,NULL,NULL),(323,'MATTEO ','ANIBARRO',NULL,NULL,NULL,'Asegurado',26,'BORJA',2,1,NULL,NULL),(324,'MARKUS JOAO','NOBRE',NULL,NULL,NULL,'Asegurado',26,'ROJAS',5,1,NULL,NULL),(325,'BRENDA CAROLINA','SUAREZ',NULL,NULL,NULL,'Asegurado',26,'URIBE',6,1,NULL,NULL),(326,'FRANCO ','ILLANES',NULL,NULL,NULL,'Asegurado',26,'GONZALES',2,1,NULL,NULL),(327,'RENATO ','ILLANES',NULL,NULL,NULL,'Asegurado',26,'GONZALES',2,1,NULL,NULL),(328,'JOSE CARLOS','DURAN',NULL,NULL,NULL,'Asegurado',26,'RODRIGUEZ',6,1,NULL,NULL),(329,'DONALD ','IRIGOYEN',NULL,NULL,NULL,'Asegurado',26,'HURTADO',15,1,NULL,NULL),(330,'SANTIAGO ','IRIGOYEN',NULL,NULL,NULL,'Asegurado',26,'HURTADO',15,1,NULL,NULL),(331,'MELISSA ISABEL','YEPEZ',NULL,NULL,NULL,'Asegurado',26,'MERUVIA',12,1,NULL,NULL),(332,'MARIANA ','REVOLLO',NULL,NULL,NULL,'Asegurado',26,'SEMO',12,1,NULL,NULL),(333,'NATHALIA ','CANELAS',NULL,NULL,NULL,'Asegurado',26,'GUTIERREZ',5,1,NULL,NULL),(334,'TATIANA VALENTINA','TERAN',NULL,NULL,NULL,'Asegurado',26,'TABOADA',6,1,NULL,NULL),(335,'JULIO CESAR','BURIRU',NULL,NULL,NULL,'Asegurado',26,'TABOADA',6,1,NULL,NULL),(336,'ANGEL ','AVILA',NULL,NULL,NULL,'Asegurado',26,'SANCHEZ',5,1,NULL,NULL),(337,'JUAN MATIAS','ROMAN',NULL,NULL,NULL,'Asegurado',26,'HURTADO',5,1,NULL,NULL),(338,'MARIA VICTORIA','ROMAN',NULL,NULL,NULL,'Asegurado',26,'HURTADO',5,1,NULL,NULL),(339,'MIA LUCIANA','MAVRICH',NULL,NULL,NULL,'Asegurado',26,'RAFUL',12,1,NULL,NULL),(340,'ALVEIRO ','MONTENEGRO',NULL,NULL,NULL,'Asegurado',26,'SALGUERO',11,1,NULL,NULL),(341,'LUANA SOPHIA','ROJAS',NULL,NULL,NULL,'Asegurado',26,'ARIAS',5,1,NULL,NULL),(342,'OSCAR ADRIAN','ROJAS',NULL,NULL,NULL,'Asegurado',26,'ARIAS',5,1,NULL,NULL),(343,'MARIA FERNANDA','ARREDONDO',NULL,NULL,NULL,'Asegurado',26,'BECERRA',5,1,NULL,NULL),(344,'DULCE ELIANA','MARTINEZ',NULL,NULL,NULL,'Asegurado',26,'MARISCAL',5,1,NULL,NULL),(345,'GIUSEPPE ','MARTINEZ',NULL,NULL,NULL,'Asegurado',26,'MARICAL',5,1,NULL,NULL),(346,'RAFAELLA ','MENDOZA',NULL,NULL,NULL,'Asegurado',26,'RIBERA',12,1,NULL,NULL),(347,'HUGO LEANDRO','ALCOBA',NULL,NULL,NULL,'Asegurado',26,'BOHORQUEZ',12,1,NULL,NULL),(348,'SOFIA ','VARGAS',NULL,NULL,NULL,'Asegurado',26,'MELGAR',15,1,NULL,NULL),(349,'MARIA CELESTE','DREW',NULL,NULL,NULL,'Asegurado',26,'RIVERO',12,1,NULL,NULL),(350,'MARIA BELEN','DREW',NULL,NULL,NULL,'Asegurado',26,'RIVERO',12,1,NULL,NULL),(351,'THAIS ','TABORGA',NULL,NULL,NULL,'Asegurado',26,'CARRILLO',11,1,NULL,NULL),(352,'JULIANA MIREYA','NAZRA',NULL,NULL,NULL,'Asegurado',26,'HERRERA',2,1,NULL,NULL),(353,'SAMIRA ','NAZRA',NULL,NULL,NULL,'Asegurado',26,'HERRERA',2,1,NULL,NULL),(354,'VALENTINA ','LLIZARRO',NULL,NULL,NULL,'Asegurado',26,'CORTEZ',12,1,NULL,NULL),(355,'YASI ','ROCA',NULL,NULL,NULL,'Asegurado',26,'ARNES',2,1,NULL,NULL),(356,'ANTONELLA ','BURGOS',NULL,NULL,NULL,'Asegurado',26,'FRANCO',6,1,NULL,NULL),(357,'ISABELA ','BURGOS',NULL,NULL,NULL,'Asegurado',26,'FRANCO',6,1,NULL,NULL),(358,'MELANIE VALERIA','BURGOS',NULL,NULL,NULL,'Asegurado',26,'FRANCO',6,1,NULL,NULL),(359,'GENESIS ','GUTIERREZ',NULL,NULL,NULL,'Asegurado',26,'AYALA',12,1,NULL,NULL),(360,'ALEJANDRO ','HURTADO',NULL,NULL,NULL,'Asegurado',26,'RIVERO',2,1,NULL,NULL),(361,'MATIAS ','CESPEDES',NULL,NULL,NULL,'Asegurado',26,'BARRIOS',11,1,NULL,NULL),(362,'ABIGAIL ','JIMENEZ',NULL,NULL,NULL,'Asegurado',26,'MENDEZ',5,1,NULL,NULL),(363,'DANIEL ','JIMENEZ',NULL,NULL,NULL,'Asegurado',26,'MENDEZ',5,1,NULL,NULL),(364,'ADRIANA ','MIKARI',NULL,NULL,NULL,'Asegurado',26,'CAPOBIANCO',6,1,NULL,NULL),(365,'ISABELLA BEATRIZ','PEREZ',NULL,NULL,NULL,'Asegurado',26,'BAUER',15,1,NULL,NULL),(366,'JOSE DANIEL','PEREZ',NULL,NULL,NULL,'Asegurado',26,'BAUER',15,1,NULL,NULL),(367,'OSCAR IGNACIO','SALVATIERRA',NULL,NULL,NULL,'Asegurado',26,'BAUER',15,1,NULL,NULL),(368,'CAROLINA MONSERRAT','OVANDO',NULL,NULL,NULL,'Asegurado',26,'FLORES',12,1,NULL,NULL),(369,'PABLO MATIAS','SALAS',NULL,NULL,NULL,'Asegurado',26,'JUSTINIANO',12,1,NULL,NULL),(370,'SERGIO ANDRE','MEDRANO',NULL,NULL,NULL,'Asegurado',26,'SALAS',12,1,NULL,NULL),(371,'DANNA VALENTINA','SUAREZ',NULL,NULL,NULL,'Asegurado',26,'VERASTEGUI',5,1,NULL,NULL),(372,'LUY EDUARDO','ECTCHEVERRY',NULL,NULL,NULL,'Asegurado',26,'BAZAN',5,1,NULL,NULL),(373,'NAOKI URIEL','KONDO',NULL,NULL,NULL,'Asegurado',26,'CUELLAR',2,1,NULL,NULL),(374,'CESAR ENRIQUE','CABRERA',NULL,NULL,NULL,'Asegurado',26,'ALGARAÑAZ',12,1,NULL,NULL),(375,'ADALID SEBASTIAN','CABRERA',NULL,NULL,NULL,'Asegurado',26,'ALGARAÑAZ',12,1,NULL,NULL),(376,'ANHEISSA ','HUARI',NULL,NULL,NULL,'Asegurado',26,'VARGAS',12,1,NULL,NULL),(377,'JOHANNY ','HUARI',NULL,NULL,NULL,'Asegurado',26,'VARGAS',12,1,NULL,NULL),(378,'AARON ','URIONA',NULL,NULL,NULL,'Asegurado',26,'MOSCOSO',11,1,NULL,NULL),(379,'NICOLAS FERNANDO','VALLEJOS',NULL,NULL,NULL,'Asegurado',26,'SANTISTEBAN',11,1,NULL,NULL),(380,'IRENE ARYA','FLORES',NULL,NULL,NULL,'Asegurado',26,'LLIMACHI',12,1,NULL,NULL),(381,'ITZEL ','LOPEZ',NULL,NULL,NULL,'Asegurado',26,'ARTEAGA',12,1,NULL,NULL),(382,'MAIA ','LOPEZ',NULL,NULL,NULL,'Asegurado',26,'ARTEAGA',12,1,NULL,NULL),(383,'ANTONELLA ','NUÑEZ',NULL,NULL,NULL,'Asegurado',26,'MIRANDA',12,1,NULL,NULL),(384,'JHON LAIMER','BALCAZAR',NULL,NULL,NULL,'Asegurado',26,'ORTIZ',15,1,NULL,NULL),(385,'TELMA KIM','ARTEAGA',NULL,NULL,NULL,'Asegurado',26,'REVOLLO',12,1,NULL,NULL),(386,'AMARANTA ZOU','ARTEAGA',NULL,NULL,NULL,'Asegurado',26,'REVOLLO',12,1,NULL,NULL),(387,'MIA ','KOLESAR',NULL,NULL,NULL,'Asegurado',26,'VARGAS',15,1,NULL,NULL),(388,'BRUNA ','ARANCIBIA',NULL,NULL,NULL,'Asegurado',26,'SANDOVAL',12,1,NULL,NULL),(389,'LEONARDO IVAN','GUTIERREZ',NULL,NULL,NULL,'Asegurado',26,'HURTADO',12,1,NULL,NULL),(390,'JULIANNE ','FERNANDEZ',NULL,NULL,NULL,'Asegurado',26,'MORALES',12,1,NULL,NULL),(391,'MARCUR ','ESPINOZA',NULL,NULL,NULL,'Asegurado',26,'BARBOSA',12,1,NULL,NULL),(392,'FRANCO ANDRE','CASTILLO',NULL,NULL,NULL,'Asegurado',26,'BARRIGA',12,1,NULL,NULL),(393,'IVANA ISABEL','CASTILLO',NULL,NULL,NULL,'Asegurado',26,'BARRIGA',12,1,NULL,NULL),(394,'ANUBBIS ','PEREDO',NULL,NULL,NULL,'Asegurado',26,'ANGULO',12,1,NULL,NULL),(395,'CARLOS ERNESTO','PEREDO',NULL,NULL,NULL,'Asegurado',26,'ANGULO',12,1,NULL,NULL),(396,'ELIANA ','ROJAS',NULL,NULL,NULL,'Asegurado',26,'CUELLAR',12,1,NULL,NULL),(397,'THIAGO ENRIQUE','VIDEZ',NULL,NULL,NULL,'Asegurado',26,'BECERRA',12,1,NULL,NULL),(398,'BRUNO ','AÑEZ',NULL,NULL,NULL,'Asegurado',26,'CENTELLAS',12,1,NULL,NULL),(399,'ADRIANO ','AÑEZ',NULL,NULL,NULL,'Asegurado',26,'CENTELLAS',12,1,NULL,NULL),(400,'PAULA ','AÑEZ',NULL,NULL,NULL,'Asegurado',26,'CENTELLAS',12,1,NULL,NULL),(401,'JULIANA ','CASTRO',NULL,NULL,NULL,'Asegurado',26,'ALDUNATE',5,1,NULL,NULL),(402,'SOFIA NATALIA','LOZA',NULL,NULL,NULL,'Asegurado',26,'ZEBALLOS',12,1,NULL,NULL),(403,'ROSSE MARY CAMILA','MURILLO',NULL,NULL,NULL,'Asegurado',26,'CASTRO',12,1,NULL,NULL),(404,'YERKO DANIEL','OTTICH',NULL,NULL,NULL,'Asegurado',26,'PINTO',12,1,NULL,NULL),(405,'LUCAS BLAS','HURTADO',NULL,NULL,NULL,'Asegurado',26,'BASCOPE',12,1,NULL,NULL),(406,'FATIMA VALERIA','IGARASHI',NULL,NULL,NULL,'Asegurado',26,'SALAS',12,1,NULL,NULL),(407,'SANTIAGO ','MARISCAL',NULL,NULL,NULL,'Asegurado',26,'RIBERA',12,1,NULL,NULL),(408,'DEIMY NADESHKA','TITO',NULL,NULL,NULL,'Asegurado',26,'DE LA BARRA',12,1,NULL,NULL),(409,'DIMITRY GAEL','TITO',NULL,NULL,NULL,'Asegurado',26,'DE LA BARRA',12,1,NULL,NULL),(410,'LEONARDO ','AGREDA',NULL,NULL,NULL,'Asegurado',26,'MANSILLA',12,1,NULL,NULL),(411,'ESTEBAN LUIS','LLUSCO',NULL,NULL,NULL,'Asegurado',26,'SALCEDO',12,1,NULL,NULL),(412,'NATALY SHARLOT','ESCALANTE',NULL,NULL,NULL,'Asegurado',26,'SAAVEDRA',12,1,NULL,NULL),(413,'JUAN CARLOS','TERRAZAS',NULL,NULL,NULL,'Asegurado',26,'SALAZAR',2,1,NULL,NULL),(414,'FABIAN ','BARBERY',NULL,NULL,NULL,'Asegurado',26,'BUSTILLO',12,1,NULL,NULL),(415,'SANDY ','CUELLAR',NULL,NULL,NULL,'Asegurado',26,'MARCELO',12,1,NULL,NULL),(416,'ANALIA VALENTINA','QUISPE',NULL,NULL,NULL,'Asegurado',26,'FLORES',12,1,NULL,NULL),(417,'FABIO SAMUEL','QUISPE',NULL,NULL,NULL,'Asegurado',26,'FLORES',12,1,NULL,NULL),(418,'PAULA VICTORIA','QUISPE',NULL,NULL,NULL,'Asegurado',26,'FLORES',12,1,NULL,NULL),(419,'MARIA BELEN','HINOJOSA',NULL,NULL,NULL,'Asegurado',26,'MUÑOZ',5,1,NULL,NULL),(420,'ETHAN SANTIAGO','SANJINES',NULL,NULL,NULL,'Asegurado',26,'SILVA',12,1,NULL,NULL),(421,'MIA LEI LEIZA','MASAI',NULL,NULL,NULL,'Asegurado',26,'PONCE',5,1,NULL,NULL),(422,'MICAELA ANIRA','MASAI',NULL,NULL,NULL,'Asegurado',26,'PONCE',5,1,NULL,NULL),(423,'PAULA AYSEL','GUARDIA',NULL,NULL,NULL,'Asegurado',26,'PINTO',12,1,NULL,NULL),(424,'PAULA AYSEL','GUARDIA',NULL,NULL,NULL,'Asegurado',26,'PINTO',12,1,NULL,NULL),(425,'MARIA VICTORIA','TORREZ',NULL,NULL,NULL,'Asegurado',26,'ALVAREZ',12,1,NULL,NULL),(426,'MARINA VICTORIA','LOPEZ',NULL,NULL,NULL,'Asegurado',26,'ORTIZ',12,1,NULL,NULL),(427,'ROSENDA SOFIA','ESTEPA',NULL,NULL,NULL,'Asegurado',26,'ORTIZ',12,1,NULL,NULL),(428,'ASIER ','PEDRAZA',NULL,NULL,NULL,'Asegurado',26,'LOPEZ',12,1,NULL,NULL),(429,'ORIANA ','HERBAS',NULL,NULL,NULL,'Asegurado',26,'GONSALEZ',12,1,NULL,NULL),(430,'ANGEL MATEO','HERBAS',NULL,NULL,NULL,'Asegurado',26,'GONSALEZ',12,1,NULL,NULL),(431,'JENNY ANTONELLA','CAPRIROLO',NULL,NULL,NULL,'Asegurado',26,'PASTOR',12,1,NULL,NULL),(432,'ISABELLA ','LAGUNA',NULL,NULL,NULL,'Asegurado',26,'MENDOZA',12,1,NULL,NULL),(433,'VIOLETA ','TABABARY',NULL,NULL,NULL,'Asegurado',26,'MENDOZA',12,1,NULL,NULL),(434,'RENATA RAFAELA','ANGLES',NULL,NULL,NULL,'Asegurado',26,'MANGUDO',12,1,NULL,NULL),(435,'MATIAS NABIH','VARGAS',NULL,NULL,NULL,'Asegurado',26,'SOLIZ',12,1,NULL,NULL),(436,'MARIA LAURA','TORRICO',NULL,NULL,NULL,'Asegurado',26,'FERNANDEZ',12,1,NULL,NULL),(437,'DANIEL ','MERCADO',NULL,NULL,NULL,'Asegurado',26,'VILLENA',15,1,NULL,NULL),(438,'MARIANA ','MERCADO',NULL,NULL,NULL,'Asegurado',26,'VILLENA',15,1,NULL,NULL),(439,'MARIO ANDRES','MERCADO',NULL,NULL,NULL,'Asegurado',26,'VILLENA',15,1,NULL,NULL),(440,'RUBEN DARIO','MERCADO',NULL,NULL,NULL,'Asegurado',26,'VILLENA',15,1,NULL,NULL),(441,'ANTONELLA ','PARADA',NULL,NULL,NULL,'Asegurado',26,'MOLINA',12,1,NULL,NULL),(442,'IVAN JOSE','TOLEDO',NULL,NULL,NULL,'Asegurado',26,'ARTEAGA',12,1,NULL,NULL),(443,'MARIA SALOME','TOLEDO',NULL,NULL,NULL,'Asegurado',26,'ARTEAGA',12,1,NULL,NULL),(444,'MARTINA ','MARISCAL',NULL,NULL,NULL,'Asegurado',26,'SILES',12,1,NULL,NULL),(445,'LEONARDO ','MARISCAL',NULL,NULL,NULL,'Asegurado',26,'SILES',12,1,NULL,NULL),(446,'FERNANDA ','MARISCAL',NULL,NULL,NULL,'Asegurado',26,'SILES',12,1,NULL,NULL),(447,'MONICA ISABELA','JUSTINIANO',NULL,NULL,NULL,'Asegurado',26,'SEJAS',12,1,NULL,NULL),(448,'FERNANDO ','BECERRA',NULL,NULL,NULL,'Asegurado',26,'AGUILERA',5,1,NULL,NULL),(449,'RICARDO ','MEDINA',NULL,NULL,NULL,'Asegurado',26,'PANOZO',12,1,NULL,NULL),(450,'FRANCO ','FERNANDEZ',NULL,NULL,NULL,'Asegurado',26,'LEIGUE',12,1,NULL,NULL),(451,'MARIA ISABELA','DOMINGUEZ',NULL,NULL,NULL,'Asegurado',26,'FLORES',12,1,NULL,NULL),(452,'EDWIN NICOLAS','DOMINGUEZ',NULL,NULL,NULL,'Asegurado',26,'FLORES',12,1,NULL,NULL),(453,'SERGIO ANDRES','DOMINGUEZ',NULL,NULL,NULL,'Asegurado',26,'FLORES',12,1,NULL,NULL),(454,'FIORELA ','PANIAGUA',NULL,NULL,NULL,'Asegurado',26,'VALLARINO',12,1,NULL,NULL),(455,'ARTURO NICOLAS','VASQUEZ',NULL,NULL,NULL,'Asegurado',26,'VILLAGOMEZ',2,1,NULL,NULL),(456,'KENDRA ','FLOR',NULL,NULL,NULL,'Asegurado',26,'SALGUERO',12,1,NULL,NULL),(457,'NAOMI ','FLOR',NULL,NULL,NULL,'Asegurado',26,'SALGUERO',12,1,NULL,NULL),(458,'CRYSTAL NASHIRA','TORANZOS',NULL,NULL,NULL,'Asegurado',26,'QUINTANILLA',11,1,NULL,NULL),(459,'ARIEL FERNANDO','MONTALVAN',NULL,NULL,NULL,'Asegurado',26,'CABRERA',2,1,NULL,NULL),(460,'FERNANDA ','GONZALES',NULL,NULL,NULL,'Asegurado',26,'ENCINAS',12,1,NULL,NULL),(461,'HORACIO ','GUTIERREZ',NULL,NULL,NULL,'Asegurado',26,'ARTUNGUAGA',12,1,NULL,NULL),(462,'FIORELA ANELISE','ZENTENO',NULL,NULL,NULL,'Asegurado',26,'CHACON',12,1,NULL,NULL),(463,'GABRIEL ','ALBA',NULL,NULL,NULL,'Asegurado',26,'IBAÑEZ',12,1,NULL,NULL),(464,'OSCAR NICOLAS','SAUCEDO',NULL,NULL,NULL,'Asegurado',26,'JUSTINIANO',2,1,NULL,NULL),(465,'ABRIL YANIRA','ESPINOZA',NULL,NULL,NULL,'Asegurado',26,'SAUCEDO',12,1,NULL,NULL),(466,'MIA ','UGARTE',NULL,NULL,NULL,'Asegurado',26,'ADARO',12,1,NULL,NULL),(467,'NURIA ','CHILO',NULL,NULL,NULL,'Asegurado',26,'CASTRO',12,1,NULL,NULL),(468,'MAIKELL ','VILLCA',NULL,NULL,NULL,'Asegurado',26,'RAMOS',12,1,NULL,NULL),(469,'RAFAEL ','VILLCA',NULL,NULL,NULL,'Asegurado',26,'RAMOS',12,1,NULL,NULL),(470,'EZEQUIEL ','VILLCA',NULL,NULL,NULL,'Asegurado',26,'RAMOS',12,1,NULL,NULL),(471,'ALEJANDRO ','VARGAS',NULL,NULL,NULL,'Asegurado',26,'ZAMBRANA',2,1,NULL,NULL),(472,'SANTIAGO ','SUAREZ',NULL,NULL,NULL,'Asegurado',26,'PEREYRA',12,1,NULL,NULL),(473,'LAURA NATALIA','AÑEZ',NULL,NULL,NULL,'Asegurado',26,'DE LAS MUÑECAS',5,1,NULL,NULL),(474,'LILY ISABEL','AÑEZ',NULL,NULL,NULL,'Asegurado',26,'DE LAS MUÑECAS',5,1,NULL,NULL),(475,'VALERIA ','AÑEZ',NULL,NULL,NULL,'Asegurado',26,'DE LAS MUÑECAS',5,1,NULL,NULL),(476,'PABLO CESAR','HERRERA',NULL,NULL,NULL,'Asegurado',26,'FRANCO',12,1,NULL,NULL),(477,'ANABELA ','GUAMAN',NULL,NULL,NULL,'Asegurado',26,'FLORES',15,1,NULL,NULL),(478,'LUKAS ','GUAMAN',NULL,NULL,NULL,'Asegurado',26,'FLORES',15,1,NULL,NULL),(479,'ANAHI ','RUIZ',NULL,NULL,NULL,'Asegurado',26,'ORTEGA',15,1,NULL,NULL),(480,'BIANCA ','RUIZ',NULL,NULL,NULL,'Asegurado',26,'ORTEGA',15,1,NULL,NULL),(481,'RENATO ','RUIZ',NULL,NULL,NULL,'Asegurado',26,'ORTEGA',15,1,NULL,NULL),(482,'GABRIELA ','CALATAYUD',NULL,NULL,NULL,'Asegurado',26,'CALVIMONTE',12,1,NULL,NULL),(483,'CAMILA ','CALATAYUD',NULL,NULL,NULL,'Asegurado',26,'CALVIMONTES',12,1,NULL,NULL),(484,'MATEO ','SANDOVAL',NULL,NULL,NULL,'Asegurado',26,'CORONADO',12,1,NULL,NULL),(485,'BRANKO ','PARAFIANOVICH',NULL,NULL,NULL,'Asegurado',26,'MORENO',15,1,NULL,NULL),(486,'CHRISTOPHER PATRICK','SALAZAR',NULL,NULL,NULL,'Asegurado',26,'SAAVEDRA',15,1,NULL,NULL),(487,'CRIS DAIRA','SALAZAR',NULL,NULL,NULL,'Asegurado',26,'SAAVEDRA',15,1,NULL,NULL),(488,'PAULA DAYANE','ALGARAÑAZ',NULL,NULL,NULL,'Asegurado',26,'ANZOATEGUI',12,1,NULL,NULL),(489,'KENDRA ','PEDRAZA',NULL,NULL,NULL,'Asegurado',26,'TORREZ',2,1,NULL,NULL),(490,'KENDALL ','PEDRAZA',NULL,NULL,NULL,'Asegurado',26,'TORREZ',2,1,NULL,NULL),(491,'KEANU ','PEDRAZA',NULL,NULL,NULL,'Asegurado',26,'TORREZ',2,1,NULL,NULL),(492,'BENJAMIN ','ABUD',NULL,NULL,NULL,'Asegurado',26,'CORTEZ',5,1,NULL,NULL),(493,'DANIEL ','ABUD',NULL,NULL,NULL,'Asegurado',26,'CORTEZ',5,1,NULL,NULL),(494,'JOB ALEJANDRO','ABUD',NULL,NULL,NULL,'Asegurado',26,'CORTEZ',5,1,NULL,NULL),(495,'ISABEL ','BARZOLA',NULL,NULL,NULL,'Asegurado',26,'SALINAS',5,1,NULL,NULL),(496,'RICHARD ','BARZOLA',NULL,NULL,NULL,'Asegurado',26,'SALINAS',5,1,NULL,NULL),(497,'ARIEL ','MERIDA',NULL,NULL,NULL,'Asegurado',26,'LOPEZ',12,1,NULL,NULL),(498,'SANTIAGO ','MERIDA',NULL,NULL,NULL,'Asegurado',26,'LOPEZ',12,1,NULL,NULL),(499,'ANTONELLI ','ZARCO',NULL,NULL,NULL,'Asegurado',26,'JUSTINIANO',12,1,NULL,NULL),(500,'ALEJANDRO ','CADARIO',NULL,NULL,NULL,'Asegurado',26,'SUAREZ',12,1,NULL,NULL),(501,'MELINA LUCIA','POPPE',NULL,NULL,NULL,'Asegurado',26,'JALDIN',12,1,NULL,NULL),(502,'VALENTINA ','ROSADO',NULL,NULL,NULL,'Asegurado',26,'MUÑOZ',12,1,NULL,NULL),(503,'EMILIANO ','MENDOZA',NULL,NULL,NULL,'Asegurado',26,'SMERDEL',15,1,NULL,NULL),(504,'JORGE ANDRES','MENDOZA',NULL,NULL,NULL,'Asegurado',26,'SMERDEL',15,1,NULL,NULL),(505,'FACUNDO ','ARAUZ',NULL,NULL,NULL,'Asegurado',26,'SUAREZ',15,1,NULL,NULL),(506,'JOSE JAVIER','DURAN',NULL,NULL,NULL,'Asegurado',26,'ZAMBRANA',15,1,NULL,NULL),(507,'MARIANA ','DURAN',NULL,NULL,NULL,'Asegurado',26,'ZAMBRANA',15,1,NULL,NULL),(508,'DIANA ','SALVATIERRA',NULL,NULL,NULL,'Asegurado',26,'BURGOS',15,1,NULL,NULL),(509,'MARIANA ','ASFURA',NULL,NULL,NULL,'Asegurado',26,'ABENDAÑO',15,1,NULL,NULL),(510,'FERNANDA ','SUAREZ',NULL,NULL,NULL,'Asegurado',26,'COMBA',15,1,NULL,NULL),(511,'CAMILA ','TARUPAYO',NULL,NULL,NULL,'Asegurado',26,'JUSTINIANO',15,1,NULL,NULL),(512,'SOFIA ','TARUPAYO',NULL,NULL,NULL,'Asegurado',26,'JUSTINIANO',15,1,NULL,NULL),(513,'AGUSTIN ','DE LOS RIOS',NULL,NULL,NULL,'Asegurado',26,'SANTOS',15,1,NULL,NULL),(514,'FERNANDO ','SENZANO',NULL,NULL,NULL,'Asegurado',26,'GONGORA',15,1,NULL,NULL),(515,'RAFAELA ','PEREZ',NULL,NULL,NULL,'Asegurado',26,'MORENO',15,1,NULL,NULL),(516,'FABRICIO ','VARGAS',NULL,NULL,NULL,'Asegurado',26,'BANEGAS',15,1,NULL,NULL),(517,'PAULINE ','VARGAS',NULL,NULL,NULL,'Asegurado',26,'BANEGAS',15,1,NULL,NULL),(518,'BIANCA EVELYN','MIRANDA',NULL,NULL,NULL,'Asegurado',26,'PADILLA',12,1,NULL,NULL),(519,'LUIS ENRIQUE','MIRANDA',NULL,NULL,NULL,'Asegurado',26,'PADILLA',12,1,NULL,NULL),(520,'SOFIA ISABEL','MIRANDA',NULL,NULL,NULL,'Asegurado',26,'PADILLA',12,1,NULL,NULL),(521,'ANA VICTORIA','CORDICH',NULL,NULL,NULL,'Asegurado',26,'ANTELO',15,1,NULL,NULL),(522,'PETAR SAMUEL','CORDICH',NULL,NULL,NULL,'Asegurado',26,'ANTELO',15,1,NULL,NULL),(523,'RENATO ','CABRERA',NULL,NULL,NULL,'Asegurado',26,'AÑEZ',12,1,NULL,NULL),(524,'KSIZA EDWIN','ESCALANTE',NULL,NULL,NULL,'Asegurado',26,'SAAVEDRA',12,1,NULL,NULL),(525,'FARID ','GUARDIA',NULL,NULL,NULL,'Asegurado',26,'SERRANO',11,1,NULL,NULL),(526,'KEVIN ANDRES','CARMONA',NULL,NULL,NULL,'Asegurado',26,'CABRERA',11,1,NULL,NULL),(527,'ELSA MARIA','RIBERA',NULL,NULL,NULL,'Asegurado',26,'BOLAÑOS',6,1,NULL,NULL),(528,'MONTSERRAT ','RIBERA',NULL,NULL,NULL,'Asegurado',26,'BOLAÑOS',6,1,NULL,NULL),(529,'CARLOS DANIEL','GODOY',NULL,NULL,NULL,'Asegurado',26,'AÑEZ',12,1,NULL,NULL),(530,'ROMER ','PRADO',NULL,NULL,NULL,'Asegurado',26,'AÑEZ',12,1,NULL,NULL),(531,'MIA GABRIELA','SOLIZ',NULL,NULL,NULL,'Asegurado',26,'MOSCOSO',12,1,NULL,NULL),(532,'DIANA ','OTERO',NULL,NULL,NULL,'Asegurado',26,'VELASQUEZ',15,1,NULL,NULL),(533,'SANTIAGO ','FAREL',NULL,NULL,NULL,'Asegurado',26,'ANTELO',12,1,NULL,NULL),(534,'PAULA ANDREA','BALDIVIESO',NULL,NULL,NULL,'Asegurado',26,'SALVATIERRA',12,1,NULL,NULL),(535,'ISABELLA ','MUÑOZ',NULL,NULL,NULL,'Asegurado',26,'CHUQUIMIA',5,1,NULL,NULL),(536,'SEBASTIAN ANDRES','MUÑOZ',NULL,NULL,NULL,'Asegurado',26,'CHUQUIMIA',5,1,NULL,NULL),(537,'VALERIA ','MUÑOZ',NULL,NULL,NULL,'Asegurado',26,'CHUQUIMIA',5,1,NULL,NULL),(538,'AGUSTINA ','LEMA',NULL,NULL,NULL,'Asegurado',26,'CABRERA',5,1,NULL,NULL),(539,'JOSE MARIA','CORTEZ',NULL,NULL,NULL,'Asegurado',26,'LEAÑOS',15,1,NULL,NULL),(540,'LUCIANA ','MEJIA',NULL,NULL,NULL,'Asegurado',26,'BANEGAS',15,1,NULL,NULL),(541,'ISAAC MATHEO','VARGAS',NULL,NULL,NULL,'Asegurado',26,'MANSILLA',12,1,NULL,NULL),(542,'SARAH ','LANDIVAR',NULL,NULL,NULL,'Asegurado',26,'JUSTINIANO',15,1,NULL,NULL),(543,'ANA LUCIA','ALCOBA',NULL,NULL,NULL,'Asegurado',26,'MONTAÑO',15,1,NULL,NULL),(544,'GERMAN ','VACA',NULL,NULL,NULL,'Asegurado',26,'PEREZ',12,1,NULL,NULL),(545,'ELIANE ','VACA',NULL,NULL,NULL,'Asegurado',26,'PEREZ',12,1,NULL,NULL),(546,'SANTIAGO SEBASTIAN','VELA',NULL,NULL,NULL,'Asegurado',26,'RICALDEZ',5,1,NULL,NULL),(547,'OSCAR ANDRES','AGUILERA',NULL,NULL,NULL,'Asegurado',26,'HERRERA',12,1,NULL,NULL),(548,'LEONEL ','AGUILERA',NULL,NULL,NULL,'Asegurado',26,'HERRERA',12,1,NULL,NULL),(549,'SARAH ','AGUILERA',NULL,NULL,NULL,'Asegurado',26,'HERRERA',12,1,NULL,NULL),(550,'JOSUE ','VILLARROEL',NULL,NULL,NULL,'Asegurado',26,'CUELLAR',12,1,NULL,NULL),(551,'JAIME ILIAN','TORRICO',NULL,NULL,NULL,'Asegurado',26,'CALVI',11,1,NULL,NULL),(552,'LAIA ELIZA','TORRICO',NULL,NULL,NULL,'Asegurado',26,'CALVI',11,1,NULL,NULL),(553,'ADRIAN ROLANDO','OLIVERA',NULL,NULL,NULL,'Asegurado',26,'LOPEZ',12,1,NULL,NULL),(554,'BIANCA ASHLY','RICO',NULL,NULL,NULL,'Asegurado',26,'GARECA',6,1,NULL,NULL),(555,'KEVIN ANDRES','ZABALA',NULL,NULL,NULL,'Asegurado',26,'MONTERO',5,1,NULL,NULL),(556,'VICTORIA ','GLOGAU',NULL,NULL,NULL,'Asegurado',26,'CAMACHO',15,1,NULL,NULL),(557,'ANGEL MANUEL','FUENTES',NULL,NULL,NULL,'Asegurado',26,'FUENTES',5,1,NULL,NULL),(558,'RENATA ','PAZ',NULL,NULL,NULL,'Asegurado',26,'SOTELO',15,1,NULL,NULL),(559,'KARLA LORENA','LORA',NULL,NULL,NULL,'Asegurado',26,'LLAPIZ',12,1,NULL,NULL),(560,'DIANA ANDREA','LORA',NULL,NULL,NULL,'Asegurado',26,'LLAPIZ',12,1,NULL,NULL),(561,'VALENTINA ','COIMBRA',NULL,NULL,NULL,'Asegurado',26,'CABRERA',5,1,NULL,NULL),(562,'MARIANO ','CADARIO',NULL,NULL,NULL,'Asegurado',26,'MERCADO',15,1,NULL,NULL),(563,'FABIO GUIDO','GONZALES',NULL,NULL,NULL,'Asegurado',26,'RODRIGUEZ',5,1,NULL,NULL),(564,'MATHIAS ','COIMBRA',NULL,NULL,NULL,'Asegurado',26,'CABRERA',5,1,NULL,NULL),(565,'VICTOR GABRIEL','PEÑARANDA',NULL,NULL,NULL,'Asegurado',26,'LEON',12,1,NULL,NULL),(566,'JEAN CARLA','LOPEZ',NULL,NULL,NULL,'Asegurado',26,'HURTADO',2,1,NULL,NULL),(567,'LUISIANA GENESIS','SANCHEZ',NULL,NULL,NULL,'Asegurado',26,'RIVERA',12,1,NULL,NULL),(568,'SANTIAGO ','SANDOVAL',NULL,NULL,NULL,'Asegurado',26,'PAREDES',12,1,NULL,NULL),(569,'NICOLAS ','TOLEDO',NULL,NULL,NULL,'Asegurado',26,'SEGOVIA',2,1,NULL,NULL),(570,'LUCIANA ','TOLEDO',NULL,NULL,NULL,'Asegurado',26,'SEGOVIA',2,1,NULL,NULL),(571,'AMELI ','HURTADO',NULL,NULL,NULL,'Asegurado',26,'SALAZAR',12,1,NULL,NULL),(572,'NIKOLAS ','ECHALAR',NULL,NULL,NULL,'Asegurado',26,'JUSTINE',12,1,NULL,NULL),(573,'EMILY ','AGUILAR',NULL,NULL,NULL,'Asegurado',26,'ROCA',11,1,NULL,NULL),(574,'JOSE DAVID','AGUILAR',NULL,NULL,NULL,'Asegurado',26,'ROCA',11,1,NULL,NULL),(575,'DAVINIA ','AGUILAR',NULL,NULL,NULL,'Asegurado',26,'ROCA',11,1,NULL,NULL),(576,'FLAVIA TATIANA','BAZUALDO',NULL,NULL,NULL,'Asegurado',26,'CARRILLO',12,1,NULL,NULL),(577,'SOPHIA ','GIL',NULL,NULL,NULL,'Asegurado',26,'TERAN',12,1,NULL,NULL),(578,'GUSTAVO ANDRES','GIL',NULL,NULL,NULL,'Asegurado',26,'TERAN',12,1,NULL,NULL),(579,'JEAN FRANCO','TORREZ',NULL,NULL,NULL,'Asegurado',26,'ENCINAS',12,1,NULL,NULL),(580,'MATEO DANIEL','LANDIVAR',NULL,NULL,NULL,'Asegurado',26,'GUZMAN',12,1,NULL,NULL),(581,'MARIA JESUS','BANZER',NULL,NULL,NULL,'Asegurado',26,'ROCHA',12,1,NULL,NULL),(582,'HERMAN ANDRES','HERNANDEZ',NULL,NULL,NULL,'Asegurado',26,'VALVERDE',5,1,NULL,NULL),(583,'PAOLA ANDREA','HERNANDEZ',NULL,NULL,NULL,'Asegurado',26,'VALVERDE',5,1,NULL,NULL),(584,'ABIGAIL ','FERRUFINO',NULL,NULL,NULL,'Asegurado',26,'JUSTINIANO',12,1,NULL,NULL),(585,'CARLOS LEONEL','QUELCA',NULL,NULL,NULL,'Asegurado',26,'FABRIC',5,1,NULL,NULL),(586,'YAIR MARIO','PEDRAZA',NULL,NULL,NULL,'Asegurado',26,'LOPEZ',12,1,NULL,NULL),(587,'ANDREA LUCIA','SANDOVAL',NULL,NULL,NULL,'Asegurado',26,'FRIAS',15,1,NULL,NULL),(588,'LILIAN FABIANA','ESCOBARI',NULL,NULL,NULL,'Asegurado',26,'TOLEDO',12,1,NULL,NULL),(589,'DANIELA CAROLINA','ESCOBARI',NULL,NULL,NULL,'Asegurado',26,'TOLEDO',12,1,NULL,NULL),(590,'YULIANA ','TELLERIA',NULL,NULL,NULL,'Asegurado',26,'VACA',6,1,NULL,NULL),(591,'CESAR JOSUE','JIMENEZ',NULL,NULL,NULL,'Asegurado',26,'SALVATIERRA',12,1,NULL,NULL),(592,'LUCAS ISRAEL','VARGAS',NULL,NULL,NULL,'Asegurado',26,'MANSILLA',12,1,NULL,NULL),(593,'ENZO ','SOLIZ',NULL,NULL,NULL,'Asegurado',26,'VILLEGAS',12,1,NULL,NULL),(594,'LIDER GAEL','RIOJAS',NULL,NULL,NULL,'Asegurado',26,'ROJAS',12,1,NULL,NULL),(595,'RENATA ','RIOJAS',NULL,NULL,NULL,'Asegurado',26,'RIOJA',12,1,NULL,NULL),(596,'SANTIAGO ','ALVAREZ',NULL,NULL,NULL,'Asegurado',26,'VILLEGAS',12,1,NULL,NULL),(597,'AYLEEN CAMILA','CHOQUE',NULL,NULL,NULL,'Asegurado',26,'CHURQUI',12,1,NULL,NULL),(598,'DANNA CAROLINA','GUZMAN',NULL,NULL,NULL,'Asegurado',26,'QUISPE',6,1,NULL,NULL),(599,'GABRIEL ','STARTARY',NULL,NULL,NULL,'Asegurado',26,'BLANCO',6,1,NULL,NULL),(600,'WILFREDO ','STARTARY',NULL,NULL,NULL,'Asegurado',26,'BLANCO',6,1,NULL,NULL),(601,'DIEGO ','GONZALES',NULL,NULL,NULL,'Asegurado',26,'LOPEZ',12,1,NULL,NULL),(602,'RONALD ','TINEO',NULL,NULL,NULL,'Asegurado',26,'SUJET',2,1,NULL,NULL),(603,'ANDIARA ','GONZALES',NULL,NULL,NULL,'Asegurado',26,'LOPEZ',12,1,NULL,NULL),(604,'NICOLAS ','TINEO',NULL,NULL,NULL,'Asegurado',26,'SUJET',2,1,NULL,NULL),(605,'MATEO ','ZAPATA',NULL,NULL,NULL,'Asegurado',26,'CORREA',12,1,NULL,NULL),(606,'PEDRO MANUEL','VASQUEZ',NULL,NULL,NULL,'Asegurado',26,'PRADO',12,1,NULL,NULL),(607,'SOFIA ','PEREZ',NULL,NULL,NULL,'Asegurado',26,'BAUER',11,1,NULL,NULL),(608,'SANTIAGO NOEL','SALAZAR',NULL,NULL,NULL,'Asegurado',26,'PADILLA',12,1,NULL,NULL),(609,'DURAN LUANA','HEVIA',NULL,NULL,NULL,'Asegurado',26,'VACA',12,1,NULL,NULL),(610,'HENRY ALEJANDRO','BECERRA',NULL,NULL,NULL,'Asegurado',26,'VIRUEZ',6,1,NULL,NULL),(611,'DIEGO SEBASTIAN','PAREDES',NULL,NULL,NULL,'Asegurado',26,'PAZ',12,1,NULL,NULL),(612,'JULIO CESAR','PAREDES',NULL,NULL,NULL,'Asegurado',26,'PAZ',12,1,NULL,NULL),(613,'ARIANA KAMILA','PEREIRA',NULL,NULL,NULL,'Asegurado',26,'NEGRETE',12,1,NULL,NULL),(614,'BENJAMIN ','ARAMAYO',NULL,NULL,NULL,'Asegurado',26,'TICONA',5,1,NULL,NULL),(615,'LENKA ','VIDOVIC',NULL,NULL,NULL,'Asegurado',26,'GONZALES',12,1,NULL,NULL),(616,'ALEXA MARIA','HURTADO',NULL,NULL,NULL,'Asegurado',26,'TARICOLLAO',12,1,NULL,NULL),(617,'LUIS DIOGO','BARBOZA',NULL,NULL,NULL,'Asegurado',26,'BALCAZAR',5,1,NULL,NULL),(618,'MARIA LOURDES','AÑEZ',NULL,NULL,NULL,'Asegurado',26,'VARGAS',12,1,NULL,NULL),(619,'ANDREA NICOLE','AÑEZ',NULL,NULL,NULL,'Asegurado',26,'VARGAS',12,1,NULL,NULL),(620,'NICOLAS ','SALINAS',NULL,NULL,NULL,'Asegurado',26,'VEA',11,1,NULL,NULL),(621,'SEBASTIAN ','SALINAS',NULL,NULL,NULL,'Asegurado',26,'VEA',11,1,NULL,NULL),(622,'JOSE CARLOS','SOTO',NULL,NULL,NULL,'Asegurado',26,'CAMACHO',12,1,NULL,NULL),(623,'JEAN CARLA','SOTO',NULL,NULL,NULL,'Asegurado',26,'CAMACHO',12,1,NULL,NULL),(624,'MARIA JOSE','SOTO',NULL,NULL,NULL,'Asegurado',26,'CAMACHO',12,1,NULL,NULL),(625,'ARIADNE FERNANDA','FLORES',NULL,NULL,NULL,'Asegurado',26,'MENDOZA',11,1,NULL,NULL),(626,'ANA LUCIA','HUANCA',NULL,NULL,NULL,'Asegurado',26,'VARGAS',11,1,NULL,NULL),(627,'JORGE ','MARTINEZ',NULL,NULL,NULL,'Asegurado',26,'SANCHEZ',11,1,NULL,NULL),(628,'EINAR GABRIEL','MENDEZ',NULL,NULL,NULL,'Asegurado',26,'MICHEL',11,1,NULL,NULL),(629,'JOSE FERNANDO','PALACIOS',NULL,NULL,NULL,'Asegurado',26,'AGREDA',11,1,NULL,NULL),(630,'ALEXIS ','ROCA',NULL,NULL,NULL,'Asegurado',26,'CARRILLO',11,1,NULL,NULL),(631,'CAMILA NATALIA','SAUCEDO',NULL,NULL,NULL,'Asegurado',26,'SALAMANCA',11,1,NULL,NULL),(632,'ROLY GONZALO','SOLIZ',NULL,NULL,NULL,'Asegurado',26,'GONZALES',11,1,NULL,NULL),(633,'HELEN LUCESITA','SOLIZ',NULL,NULL,NULL,'Asegurado',26,'TORREZ',11,1,NULL,NULL),(634,'ANDREW MADDOX','TABORGA',NULL,NULL,NULL,'Asegurado',26,'COCA',11,1,NULL,NULL),(635,'MATEO ','VIDAL',NULL,NULL,NULL,'Asegurado',26,'MONTERO',11,1,NULL,NULL),(636,'SAMANTHA REBECA','ZAMBRANA',NULL,NULL,NULL,'Asegurado',26,'TERCEROS',11,1,NULL,NULL),(637,'ANDREY ','ALBIS',NULL,NULL,NULL,'Asegurado',26,'LIJERON',11,1,NULL,NULL),(638,'RIOS LUANA','DE',NULL,NULL,NULL,'Asegurado',26,'LOS',11,1,NULL,NULL),(639,'YERKO YAIR','GUEVARA',NULL,NULL,NULL,'Asegurado',26,'BRUNO',11,1,NULL,NULL),(640,'SAMIR ','EID',NULL,NULL,NULL,'Asegurado',26,'ROJAS',11,1,NULL,NULL),(641,'MAURICIO ANIBAL','HENRIQUEZ',NULL,NULL,NULL,'Asegurado',26,'PELOC',11,1,NULL,NULL),(642,'PARIS ','LECLERE',NULL,NULL,NULL,'Asegurado',26,'GARECA',11,1,NULL,NULL),(643,'CAMACHO MICAELA','MARTEARENA',NULL,NULL,NULL,'Asegurado',26,'URQUIZA',11,1,NULL,NULL),(644,'JAIME MATIAS','MEYUY',NULL,NULL,NULL,'Asegurado',26,'DOMINGUEZ',11,1,NULL,NULL),(645,'GIORGIO LUIS','PARDO',NULL,NULL,NULL,'Asegurado',26,'PARDO',11,1,NULL,NULL),(646,'ALEJANDRA DALMA','PEREZ',NULL,NULL,NULL,'Asegurado',26,'LAGRAVA',11,1,NULL,NULL),(647,'CLAUDIA ISABEL','PEREZ',NULL,NULL,NULL,'Asegurado',26,'LAGRAVA',11,1,NULL,NULL),(648,'SOL ALISSON','ROJAS',NULL,NULL,NULL,'Asegurado',26,'MONTENEGRO',11,1,NULL,NULL),(649,'ERICK NADIR','VEIZAGA',NULL,NULL,NULL,'Asegurado',26,'SALEG',11,1,NULL,NULL),(650,'MATIAS JOSUE','CALISAYA',NULL,NULL,NULL,'Asegurado',26,'IRALA',11,1,NULL,NULL),(651,'MELANIE GLADYS','CHAVEZ',NULL,NULL,NULL,'Asegurado',26,'VARGAS',11,1,NULL,NULL),(652,'YHON KEVIN','CONTRERAS',NULL,NULL,NULL,'Asegurado',26,'GONZALES',11,1,NULL,NULL),(653,'JESUS MAXIMILIANO','GAMEZ',NULL,NULL,NULL,'Asegurado',26,'CABRERA',11,1,NULL,NULL),(654,'DAYANA ELENA','ORQUERA',NULL,NULL,NULL,'Asegurado',26,'CAMARGO',11,1,NULL,NULL),(655,'LAURA JOHANA','QUINTERO',NULL,NULL,NULL,'Asegurado',26,'RIVERO',11,1,NULL,NULL),(656,'SAMIRA ','RIEGO',NULL,NULL,NULL,'Asegurado',26,'CARRASCO',11,1,NULL,NULL),(657,'MATHIAS JOSUE','ROJAS',NULL,NULL,NULL,'Asegurado',26,'OYOLA',11,1,NULL,NULL),(658,'BIANCA ','VARGAS',NULL,NULL,NULL,'Asegurado',26,'PINHEIRO',11,1,NULL,NULL),(659,'CLARA NATALIA','VASQUEZ',NULL,NULL,NULL,'Asegurado',26,'IBAÑEZ',11,1,NULL,NULL),(660,'LETICIA JULIETA','VELARDE',NULL,NULL,NULL,'Asegurado',26,'SANTIVAÑEZ',11,1,NULL,NULL),(661,'ANDREA ','VIDAL',NULL,NULL,NULL,'Asegurado',26,'MONTERO',11,1,NULL,NULL),(662,'CESAR CALIXTO','ZENTENO',NULL,NULL,NULL,'Asegurado',26,'VARGAS',11,1,NULL,NULL),(663,'LUCIANA ','ARROYO',NULL,NULL,NULL,'Asegurado',26,'VALLE',11,1,NULL,NULL),(664,'ARON DAVID','CHUI',NULL,NULL,NULL,'Asegurado',26,'PADILLA',11,1,NULL,NULL),(665,'ESMERALDA ','GUARDIA',NULL,NULL,NULL,'Asegurado',26,'TERRAZAS',11,1,NULL,NULL),(666,'JULIO CESAR','GUTIERREZ',NULL,NULL,NULL,'Asegurado',26,'ROBLES',11,1,NULL,NULL),(667,'CRISTIAN SANTIAGO','LOPEZ',NULL,NULL,NULL,'Asegurado',26,'MONTAÑO',11,1,NULL,NULL),(668,'ANDRES ','PATTUY',NULL,NULL,NULL,'Asegurado',26,'CORONADO',11,1,NULL,NULL),(669,'BRUNO SANTIAGO','RIBERA',NULL,NULL,NULL,'Asegurado',26,'GONZALES',11,1,NULL,NULL),(670,'VALERIA ','RODRIGUEZ',NULL,NULL,NULL,'Asegurado',26,'BEJARANO',11,1,NULL,NULL),(671,'JOSE LUIS','SOSSA',NULL,NULL,NULL,'Asegurado',26,'CUELLAR',11,1,NULL,NULL),(672,'MICHELLE ','TERRAZAS',NULL,NULL,NULL,'Asegurado',26,'AGUADO',11,1,NULL,NULL),(673,'DIANA MADELEINE','VARGAS',NULL,NULL,NULL,'Asegurado',26,'ROJAS',11,1,NULL,NULL),(674,'FLAVIA ALESSANDRA','VEGA',NULL,NULL,NULL,'Asegurado',26,'VARGAS',11,1,NULL,NULL),(675,'MATIAS ','ZAMBRANA',NULL,NULL,NULL,'Asegurado',26,'CANDIA',11,1,NULL,NULL),(676,'LUCAS ','VIBANCO',NULL,NULL,NULL,'Asegurado',26,'ESPINOZA',11,1,NULL,NULL),(677,'AMIR SANTIAGO','SOTO',NULL,NULL,NULL,'Asegurado',26,'BALDIVIEZO',12,1,NULL,NULL),(678,'YANICK ANDRÉ','SOTO',NULL,NULL,NULL,'Asegurado',26,'BALDIVIEZO',12,1,NULL,NULL),(679,'JUAN PABLO','BEJARANO',NULL,NULL,NULL,'Asegurado',26,'ALARCON ORTIZ',11,1,NULL,NULL),(680,'NICOLAS SEBASTIAN','CALIZAYA',NULL,NULL,NULL,'Asegurado',26,'IRALA',11,1,NULL,NULL),(681,'LUIS HENRIQUE','CALZADILLA',NULL,NULL,NULL,'Asegurado',26,'VARGAS',11,1,NULL,NULL),(682,'BENJAMIN ANDRES','CESPEDES',NULL,NULL,NULL,'Asegurado',26,'ARANDIA',11,1,NULL,NULL),(683,'NATHALIA SOREY','ESCOBAR',NULL,NULL,NULL,'Asegurado',26,'ROJAS',11,1,NULL,NULL),(684,'ALEJANDRO ','MARTINEZ',NULL,NULL,NULL,'Asegurado',26,'SANCHEZ',11,1,NULL,NULL),(685,'DEREK FERNANDO','OSUNA',NULL,NULL,NULL,'Asegurado',26,'VARGAS',11,1,NULL,NULL),(686,'DAVINIA ','PAREDES',NULL,NULL,NULL,'Asegurado',26,'MORON',11,1,NULL,NULL),(687,'FABIO ANDRES','PINTO',NULL,NULL,NULL,'Asegurado',26,'FAREL',11,1,NULL,NULL),(688,'ARIANNE ','QUISPE',NULL,NULL,NULL,'Asegurado',26,'FERNANDEZ',11,1,NULL,NULL),(689,'ISABELLA ','RAPP',NULL,NULL,NULL,'Asegurado',26,'VARGAS',11,1,NULL,NULL),(690,'DAYBELIZ ','RUIZ',NULL,NULL,NULL,'Asegurado',26,'PERALTA',11,1,NULL,NULL),(691,'YMBLER JOAQUIN','SALDIAS',NULL,NULL,NULL,'Asegurado',26,'MARCO',11,1,NULL,NULL),(692,'SANTIAGO ','VASQUEZ',NULL,NULL,NULL,'Asegurado',26,'ARAMAYO',11,1,NULL,NULL),(693,'AGUSTIN ','VERA',NULL,NULL,NULL,'Asegurado',26,'ROCA',11,1,NULL,NULL),(694,'MARTHA STEFANY','AGUIRRE',NULL,NULL,NULL,'Asegurado',26,'PUCHO',11,1,NULL,NULL),(695,'VALENTINA ','BANEGAS',NULL,NULL,NULL,'Asegurado',26,'LORAS',11,1,NULL,NULL),(696,'CAMILA MARIANA','CALISAYA',NULL,NULL,NULL,'Asegurado',26,'IRALA',11,1,NULL,NULL),(697,'DANIELA ELIZABETH','CHUI',NULL,NULL,NULL,'Asegurado',26,'PADILLA',11,1,NULL,NULL),(698,'MELANY VALERIA','FLORES',NULL,NULL,NULL,'Asegurado',26,'MENDOZA',11,1,NULL,NULL),(699,'VALERIA ','GALVARRO',NULL,NULL,NULL,'Asegurado',26,'FARELL',11,1,NULL,NULL),(700,'WALTER FABRICIO','GUARDIA',NULL,NULL,NULL,'Asegurado',26,'VELASQUEZ',11,1,NULL,NULL),(701,'NICOLAS ','FERNANDEZ',NULL,NULL,NULL,'Asegurado',26,'CHAVEZ',6,1,NULL,NULL),(702,'ALAN MATEO','GUTIERREZ',NULL,NULL,NULL,'Asegurado',26,'ROBLES',11,1,NULL,NULL),(703,'MATIAS ','HINOJOSA',NULL,NULL,NULL,'Asegurado',26,'MOLINA',11,1,NULL,NULL),(704,'BRIANNA MYA','MELGAR',NULL,NULL,NULL,'Asegurado',26,'QUIROZ',11,1,NULL,NULL),(705,'TALIANA ','MORUNO',NULL,NULL,NULL,'Asegurado',26,'PEÑA',11,1,NULL,NULL),(706,'GIAN FRANCO','RIVERO',NULL,NULL,NULL,'Asegurado',26,'PADILLA',11,1,NULL,NULL),(707,'FRANCO ','SALDIAS',NULL,NULL,NULL,'Asegurado',26,'MARCO',11,1,NULL,NULL),(708,'FACUNDO IGNACIO','SANDY',NULL,NULL,NULL,'Asegurado',26,'HINOJOSA',11,1,NULL,NULL),(709,'STEFANO ','SANTIVAÑEZ',NULL,NULL,NULL,'Asegurado',26,'MARISCAL',11,1,NULL,NULL),(710,'ABRAHAM ','VARGAS',NULL,NULL,NULL,'Asegurado',26,'PINHEIRO',11,1,NULL,NULL),(711,'JOSE LEONARDO','VELASCO',NULL,NULL,NULL,'Asegurado',26,'TORDOYA',11,1,NULL,NULL),(712,'ANGEL ANTONIO','VELASQUEZ',NULL,NULL,NULL,'Asegurado',26,'SANDOVAL',11,1,NULL,NULL),(713,'NORA ISABEL','AGUILAR',NULL,NULL,NULL,'Asegurado',26,'OSINAGA',11,1,NULL,NULL),(714,'FARID ','EID',NULL,NULL,NULL,'Asegurado',26,'ROJAS',11,1,NULL,NULL),(715,'KEYLA KATRINA','MONTAÑO',NULL,NULL,NULL,'Asegurado',26,'PEÑA',5,1,NULL,NULL),(716,'RUBI ','GUARDIA',NULL,NULL,NULL,'Asegurado',26,'TERRAZAS',11,1,NULL,NULL),(717,'JOSE FABIAN','MONTENEGRO',NULL,NULL,NULL,'Asegurado',26,'SANCHEZ',11,1,NULL,NULL),(718,'JOE ERICK','OSUNA',NULL,NULL,NULL,'Asegurado',26,'VARGAS',11,1,NULL,NULL),(719,'RAFAELLA ','RAPP',NULL,NULL,NULL,'Asegurado',26,'VARGAS',11,1,NULL,NULL),(720,'VALERY ','RIVERO',NULL,NULL,NULL,'Asegurado',26,'DEMETRY',11,1,NULL,NULL),(721,'ARIANA ','RODRIGUEZ',NULL,NULL,NULL,'Asegurado',26,'BEJARANO',11,1,NULL,NULL),(722,'JUAN SEBASTIAN','ROJAS',NULL,NULL,NULL,'Asegurado',26,'GALVIS',11,1,NULL,NULL),(723,'SUSAN VALERIA','SALAZAR',NULL,NULL,NULL,'Asegurado',26,'FERNANDEZ',11,1,NULL,NULL),(724,'MARIA ANGELICA','TORREZ',NULL,NULL,NULL,'Asegurado',26,'CABRERA',11,1,NULL,NULL),(725,'RENATA ','UNZUETA',NULL,NULL,NULL,'Asegurado',26,'DOMINGUEZ',11,1,NULL,NULL),(726,'PEDRO ANDRES','VELASQUEZ',NULL,NULL,NULL,'Asegurado',26,'SANDOVAL',11,1,NULL,NULL),(727,'DIANA NICOL','AGUIRRE',NULL,NULL,NULL,'Asegurado',26,'PUCHO',11,1,NULL,NULL),(728,'LUCAS MATEO','CESPEDES',NULL,NULL,NULL,'Asegurado',26,'ARANDIA',11,1,NULL,NULL),(729,'GUSTAVO DANIEL','ENDARA',NULL,NULL,NULL,'Asegurado',26,'ESPINOZA',11,1,NULL,NULL),(730,'GISELA MARTINA','GAMON',NULL,NULL,NULL,'Asegurado',26,'VARGAS',11,1,NULL,NULL),(731,'GIULIANA ','MENDIZABAL',NULL,NULL,NULL,'Asegurado',26,'SOBENES',11,1,NULL,NULL),(732,'LYAM SAMUEL','CHIVERS',NULL,NULL,NULL,'Asegurado',26,'MAURIEL',5,1,NULL,NULL),(733,'ADRIAN SAID','MENDOZA',NULL,NULL,NULL,'Asegurado',26,'CANIZARES',11,1,NULL,NULL),(734,'ANALIA ','MOLINA',NULL,NULL,NULL,'Asegurado',26,'MENDEZ',11,1,NULL,NULL),(735,'ANA CAROLINE','MORENO',NULL,NULL,NULL,'Asegurado',26,'VARGAS',11,1,NULL,NULL),(736,'MURIEL ','PATTUY',NULL,NULL,NULL,'Asegurado',26,'CORONADO',11,1,NULL,NULL),(737,'RAFAELA ','RIBERA',NULL,NULL,NULL,'Asegurado',26,'GONZALES',11,1,NULL,NULL),(738,'OLIVIA ','ANTELO',NULL,NULL,NULL,'Asegurado',26,'MORENO',15,1,NULL,NULL),(739,'ELIZABETH ','ROMAN',NULL,NULL,NULL,'Asegurado',26,'POZO',11,1,NULL,NULL),(740,'CHRISTIAN ','ROSSI',NULL,NULL,NULL,'Asegurado',26,'TARDIO',11,1,NULL,NULL),(741,'LEONARDO JAVIER','VACA',NULL,NULL,NULL,'Asegurado',26,'COLUMBA',11,1,NULL,NULL),(742,'FELIPE NICOLAS','VELARDE',NULL,NULL,NULL,'Asegurado',26,'SANTIVAÑEZ',11,1,NULL,NULL),(743,'IKER MILAN','ZAMBRANA',NULL,NULL,NULL,'Asegurado',26,'VELASQUEZ',11,1,NULL,NULL),(744,'PAULETTE RUBI','BALLIVIAN',NULL,NULL,NULL,'Asegurado',26,'GOMEZ',11,1,NULL,NULL),(745,'MATHIAS ','BARRANCOS',NULL,NULL,NULL,'Asegurado',26,'BAPTISTA',11,1,NULL,NULL),(746,'XIOMARA ','CHUI',NULL,NULL,NULL,'Asegurado',26,'PADILLA',11,1,NULL,NULL),(747,'SOFIA ROSARIO','CORONADO',NULL,NULL,NULL,'Asegurado',26,'ZURITA',11,1,NULL,NULL),(748,'GUILLERMO ANDREZ','MENACHO',NULL,NULL,NULL,'Asegurado',26,'ESTEPA',11,1,NULL,NULL),(749,'RAFAELA ','MONTENEGRO',NULL,NULL,NULL,'Asegurado',26,'SANCHEZ',11,1,NULL,NULL),(750,'TOMAS VALENTIN','PERALTA',NULL,NULL,NULL,'Asegurado',26,'VALVERDE',11,1,NULL,NULL),(751,'PAULA ','ROBLES',NULL,NULL,NULL,'Asegurado',26,'YABETA',11,1,NULL,NULL),(752,'URIEL GUILLERMO','RUIZ',NULL,NULL,NULL,'Asegurado',26,'CACERES',11,1,NULL,NULL),(753,'GERALDO ','SALVATIERRA',NULL,NULL,NULL,'Asegurado',26,'SOSA',11,1,NULL,NULL),(754,'ZOE AVRIL','SANCHEZ',NULL,NULL,NULL,'Asegurado',26,'LUNA',11,1,NULL,NULL),(755,'RENATA ','VALVERDE',NULL,NULL,NULL,'Asegurado',26,'MONTENEGRO',11,1,NULL,NULL),(756,'LUCAS DANIEL','VARGAS',NULL,NULL,NULL,'Asegurado',26,'PINHEIRO',11,1,NULL,NULL),(757,'EMILY MAITE','VELASQUEZ',NULL,NULL,NULL,'Asegurado',26,'SANDOVAL',11,1,NULL,NULL),(758,'MIA ','BURGOS',NULL,NULL,NULL,'Asegurado',26,'GUZMAN',11,1,NULL,NULL),(759,'LOUIS AKIRA','CAVAGNA',NULL,NULL,NULL,'Asegurado',26,'MATSUMOTO',11,1,NULL,NULL),(760,'RAFAEL JOSEF','ESCOBAR',NULL,NULL,NULL,'Asegurado',26,'ROJAS',11,1,NULL,NULL),(761,'PAULA JIMENA','GUARDIA',NULL,NULL,NULL,'Asegurado',26,'VELASQUEZ',11,1,NULL,NULL),(762,'BRUNO DANIEL','CAMACHO',NULL,NULL,NULL,'Asegurado',26,'PANIAGUA',12,1,NULL,NULL),(763,'JUAN CRISTOBAL','LARA',NULL,NULL,NULL,'Asegurado',26,'UREÑA',11,1,NULL,NULL),(764,'IAN EMILIANO','LUYO',NULL,NULL,NULL,'Asegurado',26,'PUGA',11,1,NULL,NULL),(765,'ADRIEL FELIPE','MALDONADO',NULL,NULL,NULL,'Asegurado',26,'HERBAS',11,1,NULL,NULL),(766,'ROCIO LUANA','MENDEZ',NULL,NULL,NULL,'Asegurado',26,'MICHEL',11,1,NULL,NULL),(767,'ANTONIO SALOMON','MENDOZA',NULL,NULL,NULL,'Asegurado',26,'QUIROGA',11,1,NULL,NULL),(768,'LOUIS KEREM','OSUNA',NULL,NULL,NULL,'Asegurado',26,'VARGAS',11,1,NULL,NULL),(769,'ARIELA ','PAREDES',NULL,NULL,NULL,'Asegurado',26,'MORON',11,1,NULL,NULL),(770,'WILIAM RENATO','QUIROZ',NULL,NULL,NULL,'Asegurado',26,'SEVERICHE',11,1,NULL,NULL),(771,'LUCAS ','RIBERA',NULL,NULL,NULL,'Asegurado',26,'MENDOZA',11,1,NULL,NULL),(772,'ALEXIA THAIZ','RUIZ',NULL,NULL,NULL,'Asegurado',26,'PERALTA',11,1,NULL,NULL),(773,'MARIA PAULA','SARDE',NULL,NULL,NULL,'Asegurado',26,'AZURDUY',11,1,NULL,NULL),(774,'JOSE ADRIAN','SEJAS',NULL,NULL,NULL,'Asegurado',26,'AÑEZ',11,1,NULL,NULL),(775,'RAFAEL ','UNZUETA',NULL,NULL,NULL,'Asegurado',26,'DOMINGUEZ',11,1,NULL,NULL),(776,'LUCAS ANDRE','VARGAS',NULL,NULL,NULL,'Asegurado',26,'CANDIA',11,1,NULL,NULL),(777,'DEREK KENY','VELASQUEZ',NULL,NULL,NULL,'Asegurado',26,'VITAL',11,1,NULL,NULL),(778,'RAFAELLA ','ZAMORA',NULL,NULL,NULL,'Asegurado',26,'VALLE',11,1,NULL,NULL),(779,'ISABELA ','CABEZAS',NULL,NULL,NULL,'Asegurado',26,'CASTILLO',11,1,NULL,NULL),(780,'MARIA VICTORIA','CALZADILLA',NULL,NULL,NULL,'Asegurado',26,'VARGAS',11,1,NULL,NULL),(781,'JUAN DAVID','CORONADO',NULL,NULL,NULL,'Asegurado',26,'ZURITA',11,1,NULL,NULL),(782,'GUILLERMO ','ECHEVERRIA',NULL,NULL,NULL,'Asegurado',26,'SOLIZ',11,1,NULL,NULL),(783,'LUCIANO ','GAMON',NULL,NULL,NULL,'Asegurado',26,'JORDAN',11,1,NULL,NULL),(784,'CESAR ELI','GUARDIA',NULL,NULL,NULL,'Asegurado',26,'TERRAZAS',11,1,NULL,NULL),(785,'BRIANNA ALISON','LLAMPAZ',NULL,NULL,NULL,'Asegurado',26,'AGUIRRE',11,1,NULL,NULL),(786,'LIS MARGARITA','VIDAL',NULL,NULL,NULL,'Asegurado',26,'CHAPPY',11,1,NULL,NULL),(787,'MARTIN MARCEL','VILLEGAS',NULL,NULL,NULL,'Asegurado',26,'MEJIA',11,1,NULL,NULL),(788,'MEGHAN AMANDA','ZAVALA',NULL,NULL,NULL,'Asegurado',26,'VARGAS',11,1,NULL,NULL),(789,'AGUSTIN ANDRE','AGUILERA',NULL,NULL,NULL,'Asegurado',26,'PUGA',11,1,NULL,NULL),(790,'LETICIA ','CESPEDES',NULL,NULL,NULL,'Asegurado',26,'ARANDIA',11,1,NULL,NULL),(791,'LIAM FABRICIO','DA SILVA',NULL,NULL,NULL,'Asegurado',26,'CUELLAR',11,1,NULL,NULL),(792,'IAN ','GARCIA',NULL,NULL,NULL,'Asegurado',26,'GALVIS',11,1,NULL,NULL),(793,'ABRIL SOFIA','MENDOZA',NULL,NULL,NULL,'Asegurado',26,'CANIZARES',11,1,NULL,NULL),(794,'ADRIANA ANTONELLA','MENDOZA',NULL,NULL,NULL,'Asegurado',26,'QUIROGA',11,1,NULL,NULL),(795,'AMANDA MONSERRAT','MOJICA',NULL,NULL,NULL,'Asegurado',26,'SEÑA',11,1,NULL,NULL),(796,'RAFAEL ','MONTAÑO',NULL,NULL,NULL,'Asegurado',26,'ROCA',11,1,NULL,NULL),(797,'DEYNA ELIZE','ROJAS',NULL,NULL,NULL,'Asegurado',26,'MAMANI',11,1,NULL,NULL),(798,'ANTONELLA NICOLASA','VILLARROEL',NULL,NULL,NULL,'Asegurado',26,'SALAZAR',11,1,NULL,NULL),(799,'GIANELLA MICAELA','ALCANTARA',NULL,NULL,NULL,'Asegurado',26,'VARGAS',11,1,NULL,NULL),(800,'MARTINA ','LEDEZMA',NULL,NULL,NULL,'Asegurado',26,'MENDOZA',11,1,NULL,NULL),(801,'GADDIEL ','SALAZAR',NULL,NULL,NULL,'Asegurado',26,'FERNANDEZ',11,1,NULL,NULL),(802,'MONICA ALEXIA','SOLIZ',NULL,NULL,NULL,'Asegurado',26,'POZO',11,1,NULL,NULL),(803,'RAFAELA ','VACA',NULL,NULL,NULL,'Asegurado',26,'COLUMBA',11,1,NULL,NULL),(804,'SAMUEL ','GARCIAS',NULL,NULL,NULL,'Asegurado',26,'MONTES',11,1,NULL,NULL),(805,'MICAELLA ','RAPP',NULL,NULL,NULL,'Asegurado',26,'VARGAS',11,1,NULL,NULL),(806,'FABIAN ','ROJAS',NULL,NULL,NULL,'Asegurado',26,'GALVIS',11,1,NULL,NULL),(807,'JOSIANI ','SOLIZ',NULL,NULL,NULL,'Asegurado',26,'CANTINI',11,1,NULL,NULL),(808,'TEGAN DARA','ZAVALA',NULL,NULL,NULL,'Asegurado',26,'VARGAS',11,1,NULL,NULL),(809,'MIA VALENTINA','PORCEL',NULL,NULL,NULL,'Asegurado',26,'PUERTA',12,1,NULL,NULL),(810,'BENJO ANTWONE','VERA',NULL,NULL,NULL,'Asegurado',26,'GAMARRA',12,1,NULL,NULL),(811,'EMILY ENA','VERA',NULL,NULL,NULL,'Asegurado',26,'GAMARRA',12,1,NULL,NULL),(812,'ALBERTO ','DAZA',NULL,NULL,NULL,'Asegurado',26,'FLORES',12,1,NULL,NULL),(813,'SAMIR SANTIAGO','APARICIO',NULL,NULL,NULL,'Asegurado',26,'ROIDER',5,1,NULL,NULL),(814,'LEONARDO ','MERCADO',NULL,NULL,NULL,'Asegurado',26,'PINTO',5,1,NULL,NULL),(815,'MARCELO ','MERCADO',NULL,NULL,NULL,'Asegurado',26,'PINTO',5,1,NULL,NULL),(816,'MAURICIO ','MERCADO',NULL,NULL,NULL,'Asegurado',26,'PINTO',5,1,NULL,NULL),(817,'LUCIANA ','OLIVARES',NULL,NULL,NULL,'Asegurado',26,'VACA',5,1,NULL,NULL),(818,'LUCIANA ','GUTIERREZ',NULL,NULL,NULL,'Asegurado',26,'CARDENAS',12,1,NULL,NULL),(819,'EMILIANO ','MEDINA',NULL,NULL,NULL,'Asegurado',26,'PINO',12,1,NULL,NULL),(820,'FERNANDA ','MEDINA',NULL,NULL,NULL,'Asegurado',26,'PINO',12,1,NULL,NULL),(821,'ARIANA DERLY','SALAZAR',NULL,NULL,NULL,'Asegurado',26,'GUTIERREZ',5,1,NULL,NULL),(822,'CASANDRA ','ANTEZANA',NULL,NULL,NULL,'Asegurado',26,'ZAPATA',12,1,NULL,NULL),(823,'SAMANTHA ','ANTEZANA',NULL,NULL,NULL,'Asegurado',26,'ZAPATA',12,1,NULL,NULL),(824,'XIOMARA ','PADILLA',NULL,NULL,NULL,'Asegurado',26,'ORTIZ',5,1,NULL,NULL),(825,'LUIS RODRIGO','ROCHA',NULL,NULL,NULL,'Asegurado',26,'RUIZ',5,1,NULL,NULL),(826,'ADRIANA ','GUARABIA',NULL,NULL,NULL,'Asegurado',26,'CHOQUE',12,1,NULL,NULL),(827,'ANTONELLA YINYERLAY','RIVERO',NULL,NULL,NULL,'Asegurado',26,'COIMBRA',5,1,NULL,NULL),(828,'LUIS LEONARDO','PELAEZ',NULL,NULL,NULL,'Asegurado',26,'REYNAGA',5,1,NULL,NULL),(829,'JOAQUIN ','ZAMBRANA',NULL,NULL,NULL,'Asegurado',26,'GALARZA',12,1,NULL,NULL),(830,'VALENTINA ','ZAMBRANA',NULL,NULL,NULL,'Asegurado',26,'GALARZA',12,1,NULL,NULL),(831,'SANTIAGO ','RIBERA',NULL,NULL,NULL,'Asegurado',26,'ALBA',5,1,NULL,NULL),(832,'FABRICIO ','VILLANUEVA',NULL,NULL,NULL,'Asegurado',26,'PEDRAZA',12,1,NULL,NULL),(833,'JOSE ARTURO','MONTENEGRO',NULL,NULL,NULL,'Asegurado',26,'SAHONERO',5,1,NULL,NULL),(834,'LIZ RAIZA','JIMENEZ',NULL,NULL,NULL,'Asegurado',26,'NUÑEZ',12,1,NULL,NULL),(835,'RIHANA ','JIMENEZ',NULL,NULL,NULL,'Asegurado',26,'NUÑEZ',12,1,NULL,NULL),(836,'JANNAINA ','JIMENEZ',NULL,NULL,NULL,'Asegurado',26,'NUÑEZ',12,1,NULL,NULL),(837,'LUISA ','AGUILERA',NULL,NULL,NULL,'Asegurado',26,'ROCABADO',12,1,NULL,NULL),(838,'LEILA ANTONELLA','QUISPE',NULL,NULL,NULL,'Asegurado',26,'VACA',12,1,NULL,NULL),(839,'MATEO IGNACIO','PARADA',NULL,NULL,NULL,'Asegurado',26,'SILES',2,1,NULL,NULL),(840,'MICAELA ','CAMPERO',NULL,NULL,NULL,'Asegurado',26,'CHAVEZ',12,1,NULL,NULL),(841,'TATIANA ','MICHEL',NULL,NULL,NULL,'Asegurado',26,'PEREZ',5,1,NULL,NULL),(842,'FRANCISCO ','PEÑA',NULL,NULL,NULL,'Asegurado',26,'SALINAS',12,1,NULL,NULL),(843,'FABIANA ','PEÑA',NULL,NULL,NULL,'Asegurado',26,'SALINAS',12,1,NULL,NULL),(844,'ADRIANA ','AÑEZ',NULL,NULL,NULL,'Asegurado',26,'FIGUEIREDO',12,1,NULL,NULL),(845,'BRUNO ','CAMPERO',NULL,NULL,NULL,'Asegurado',26,'CASTRO',12,1,NULL,NULL),(846,'MARIANA ','BARRIENTOS',NULL,NULL,NULL,'Asegurado',26,'LOPEZ',5,1,NULL,NULL),(847,'ALISSON NAOMI','LAGOS',NULL,NULL,NULL,'Asegurado',26,'CASTILLO',12,1,NULL,NULL),(848,'HANS BERTHY','LAGOS',NULL,NULL,NULL,'Asegurado',26,'CASTILLO',12,1,NULL,NULL),(849,'CAMILA ARIANA','LAGOS',NULL,NULL,NULL,'Asegurado',26,'CASTILLO',12,1,NULL,NULL),(850,'ANA ESTER','MENDOZA',NULL,NULL,NULL,'Asegurado',26,'HUANCA',5,1,NULL,NULL),(851,'LUIS DANIEL','MENDOZA',NULL,NULL,NULL,'Asegurado',26,'HUANCA',5,1,NULL,NULL),(852,'FABIANA NICOLE','QUELCA',NULL,NULL,NULL,'Asegurado',26,'FABRIC',5,1,NULL,NULL),(853,'ANGEL RICHARD','GONZALES',NULL,NULL,NULL,'Asegurado',26,'BRANER',12,1,NULL,NULL),(854,'ANGELINE ','MENACHO',NULL,NULL,NULL,'Asegurado',26,'GARCIA',12,1,NULL,NULL),(855,'DANTE ','MORENO',NULL,NULL,NULL,'Asegurado',26,'VASQUEZ',12,1,NULL,NULL),(856,'NICOLE ','MORENO',NULL,NULL,NULL,'Asegurado',26,'VASQUEZ',12,1,NULL,NULL),(857,'VALERIA ESTER','NUÑEZ',NULL,NULL,NULL,'Asegurado',26,'AYALA',5,1,NULL,NULL),(858,'LUCIANA IZEL','NUÑEZ',NULL,NULL,NULL,'Asegurado',26,'AYALA',5,1,NULL,NULL),(859,'JAVIER ','CUELLAR',NULL,NULL,NULL,'Asegurado',26,'CUELLAR',12,1,NULL,NULL),(860,'MIKAELA SAYURI','KISHIMOTO',NULL,NULL,NULL,'Asegurado',26,'SALAZAR',5,1,NULL,NULL),(861,'MARIANA ','GALARZA',NULL,NULL,NULL,'Asegurado',26,'LA FUENTE',12,1,NULL,NULL),(862,'HEYDAN MATEO','GALARZA',NULL,NULL,NULL,'Asegurado',26,'LA FUENTE',12,1,NULL,NULL),(863,'ADRIEL ALESSANDRO','LINO',NULL,NULL,NULL,'Asegurado',26,'MENDOZA',5,1,NULL,NULL),(864,'SANTIAGO ','FERNANDEZ',NULL,NULL,NULL,'Asegurado',26,'MERIDA',5,1,NULL,NULL),(865,'VALENTINA ','RIVERO',NULL,NULL,NULL,'Asegurado',26,'SORUCO',12,1,NULL,NULL),(866,'MATIAS ','GARAMENDI',NULL,NULL,NULL,'Asegurado',26,'ROMERO',12,1,NULL,NULL),(867,'MONTSERRAT ','OLIVERA',NULL,NULL,NULL,'Asegurado',26,'COPAS',12,1,NULL,NULL),(868,'NIVARDO ','CAMACHO',NULL,NULL,NULL,'Asegurado',26,'CEDEÑO',6,1,NULL,NULL),(869,'LEROY ','PANIAGUA',NULL,NULL,NULL,'Asegurado',26,'PAZ',6,1,NULL,NULL),(870,'MELANIE ANGELA','ORTIZ',NULL,NULL,NULL,'Asegurado',26,'PEREZ',6,1,NULL,NULL),(871,'EMMA LUCIA','TERRAZAS',NULL,NULL,NULL,'Asegurado',26,'MENDOZA',6,1,NULL,NULL),(872,'HIBLIN ','ARDAYA',NULL,NULL,NULL,'Asegurado',26,'GODOY',6,1,NULL,NULL),(873,'RIAHANAA ','CASTELLON',NULL,NULL,NULL,'Asegurado',26,'RAHIB',6,1,NULL,NULL),(874,'LUCAS ','CAMPERO',NULL,NULL,NULL,'Asegurado',26,'PACHECO',6,1,NULL,NULL),(875,'JORGE ','LUISAGA',NULL,NULL,NULL,'Asegurado',26,'PACHECO',6,1,NULL,NULL),(876,'GIANELLA ','ALVARADO',NULL,NULL,NULL,'Asegurado',26,'CAICEDO',6,1,NULL,NULL),(877,'MARIA CECILIA','ALVARADO',NULL,NULL,NULL,'Asegurado',26,'CAICEDO',6,1,NULL,NULL),(878,'SARAHI VICTORIA','ROJAS',NULL,NULL,NULL,'Asegurado',26,'CORTEZ',6,1,NULL,NULL),(879,'THIAGO NICOLAY','LOPEZ',NULL,NULL,NULL,'Asegurado',26,'BYKVOSKAYA',6,1,NULL,NULL),(880,'NURHAYAT ','BUSTOS',NULL,NULL,NULL,'Asegurado',26,'ABEDIN',6,1,NULL,NULL),(881,'ESTEPHANY ','CAMPOS',NULL,NULL,NULL,'Asegurado',26,'DAVALOS',6,1,NULL,NULL),(882,'SAMUEL EDUARDO','LOAYZA',NULL,NULL,NULL,'Asegurado',26,'ZAMBRANO',6,1,NULL,NULL),(883,'ANGELA GABRIELA','PEÑAFIEL',NULL,NULL,NULL,'Asegurado',26,'COLLARANI',6,1,NULL,NULL),(884,'MATHIAS MATHEO','CHAVEZ',NULL,NULL,NULL,'Asegurado',26,'TABORGA',6,1,NULL,NULL),(885,'MATHEO ','MOSQUEIRA',NULL,NULL,NULL,'Asegurado',26,'GUZMAN',6,1,NULL,NULL),(886,'DAVID LIAN','TORREZ',NULL,NULL,NULL,'Asegurado',26,'HERRERA',6,1,NULL,NULL),(887,'LEONIDAS ','SOLIZ',NULL,NULL,NULL,'Asegurado',26,'MAGNE',6,1,NULL,NULL),(888,'FERNANDA ','ANCIETA',NULL,NULL,NULL,'Asegurado',26,'LAURA',6,1,NULL,NULL),(889,'CALEB ','ANCIETA',NULL,NULL,NULL,'Asegurado',26,'LAURA',6,1,NULL,NULL),(890,'KEILA ADRIANA','CLAROS',NULL,NULL,NULL,'Asegurado',26,'GONZALES',6,1,NULL,NULL),(891,'JOSE ERIC','CLAROS',NULL,NULL,NULL,'Asegurado',26,'GONZALES',6,1,NULL,NULL),(892,'NICOLAS FRANCISCO','SAAVEDRA',NULL,NULL,NULL,'Asegurado',26,'SILVA',6,1,NULL,NULL),(893,'DANIEL ','TORRES',NULL,NULL,NULL,'Asegurado',26,'HERRERA',6,1,NULL,NULL),(894,'SAMIRI ','PAREJAS',NULL,NULL,NULL,'Asegurado',26,'SALVINI',6,1,NULL,NULL),(895,'SAMARAH ','PAREJAS',NULL,NULL,NULL,'Asegurado',26,'SALVINI',6,1,NULL,NULL),(896,'SANTIAGO ','ANCIETA',NULL,NULL,NULL,'Asegurado',26,'LAURA',6,1,NULL,NULL),(897,'ALVARO ','VICENTY',NULL,NULL,NULL,'Asegurado',26,'DURAN',6,1,NULL,NULL),(898,'KAREN ','MARTINEZ',NULL,NULL,NULL,'Asegurado',26,'KHIN',6,1,NULL,NULL),(899,'LAURA ','GUTIERREZ',NULL,NULL,NULL,'Asegurado',26,'CARRILLO',6,1,NULL,NULL),(900,'JOSE LUIS','TRUJILLO',NULL,NULL,NULL,'Asegurado',26,'MORENO',6,1,NULL,NULL),(901,'JOSE MATIAS','TRUJILLO',NULL,NULL,NULL,'Asegurado',26,'MORENO',6,1,NULL,NULL),(902,'JOSE MARIA','TRUJILLO',NULL,NULL,NULL,'Asegurado',26,'MORENO',6,1,NULL,NULL),(903,'GIANCARLA ','PINTO',NULL,NULL,NULL,'Asegurado',26,'BAZAN',6,1,NULL,NULL),(904,'CARLOS BRAYAN','PINTO',NULL,NULL,NULL,'Asegurado',26,'BAZAN',6,1,NULL,NULL),(905,'SANTIAGO ','ALVAREZ',NULL,NULL,NULL,'Asegurado',26,'MENESES',6,1,NULL,NULL),(906,'SERGIO ','GALARZA',NULL,NULL,NULL,'Asegurado',26,'MENDEZ',6,1,NULL,NULL),(907,'MARIA NOEL','GALARZA',NULL,NULL,NULL,'Asegurado',26,'MENDEZ',6,1,NULL,NULL),(908,'ESTEBAN ','GALARZA',NULL,NULL,NULL,'Asegurado',26,'MENDEZ',6,1,NULL,NULL),(909,'REBECA ','AGUIRRE',NULL,NULL,NULL,'Asegurado',26,'SUVEZA',6,1,NULL,NULL),(910,'SILVIA ','SEÑA',NULL,NULL,NULL,'Asegurado',26,'RIVERA',6,1,NULL,NULL),(911,'DANA ','ESPINOZA',NULL,NULL,NULL,'Asegurado',26,'PEREZ',6,1,NULL,NULL),(912,'IAN MAXIMILIANO','OLIVA',NULL,NULL,NULL,'Asegurado',26,'MEDINA',6,1,NULL,NULL),(913,'SARITA ','ESPINOZA',NULL,NULL,NULL,'Asegurado',26,'PEREZ',6,1,NULL,NULL),(914,'SAMUEL SAID','VACA',NULL,NULL,NULL,'Asegurado',26,'LOPEZ',6,1,NULL,NULL),(915,'SERGIO ANDRES','ALVAREZ',NULL,NULL,NULL,'Asegurado',26,'MORALES',6,1,NULL,NULL),(916,'NICOLAS ','CALVO',NULL,NULL,NULL,'Asegurado',26,'GABRIEL',6,1,NULL,NULL),(917,'JORGE DANIEL','SALAZAR',NULL,NULL,NULL,'Asegurado',26,'CLEMENTELLI',6,1,NULL,NULL),(918,'JALIL ISA','AMER',NULL,NULL,NULL,'Asegurado',26,'LIMPIAS',6,1,NULL,NULL),(919,'MARINA GUISELLA','FORTUN',NULL,NULL,NULL,'Asegurado',26,'LOPEZ',6,1,NULL,NULL),(920,'MIRIAM ','AMER',NULL,NULL,NULL,'Asegurado',26,'LIMPIAS',6,1,NULL,NULL),(921,'BRIANA ','ARAUZ',NULL,NULL,NULL,'Asegurado',26,'LOPEZ',6,1,NULL,NULL),(922,'LUIS FERNANDO','PAZ',NULL,NULL,NULL,'Asegurado',26,'MARO',6,1,NULL,NULL),(923,'MARIA BELEN','SEÑA',NULL,NULL,NULL,'Asegurado',26,'RIVERA',6,1,NULL,NULL),(924,'LUIS FERNANDO','PAZ',NULL,NULL,NULL,'Asegurado',26,'MORO',6,1,NULL,NULL),(925,'LAURA SOFIA','ESPINOZA',NULL,NULL,NULL,'Asegurado',26,'PEREZ',6,1,NULL,NULL),(926,'EMILIANO ','ROJAS',NULL,NULL,NULL,'Asegurado',26,'BILBAO',6,1,NULL,NULL),(927,'FRANCIOLY ','ENRIQUEZ',NULL,NULL,NULL,'Asegurado',26,'MENACHO',6,1,NULL,NULL),(928,'MARIA LUZ DEL PILAR ','PEÑA',NULL,NULL,NULL,'Asegurado',26,'LIMPIAS',6,1,NULL,NULL),(929,'RAQUEL ','PEREZ',NULL,NULL,NULL,'Asegurado',26,'CRESPO',6,1,NULL,NULL),(930,'JAVIER ','PEREZ',NULL,NULL,NULL,'Asegurado',26,'CRESPO',6,1,NULL,NULL),(931,'LOPEZ ','BIANCA',NULL,NULL,NULL,'Asegurado',26,'ARAUZ',6,1,NULL,NULL),(932,'ALEXANDER CALEB','ORTEGA',NULL,NULL,NULL,'Asegurado',26,'AGUILAR',6,1,NULL,NULL),(933,'JOSE MIGUEL','LANDIVAR',NULL,NULL,NULL,'Asegurado',26,'JUSTINIANO',15,1,NULL,NULL),(934,'JULIO CESAR','VELASQUEZ',NULL,NULL,NULL,'Asegurado',26,'RAMOS',12,1,NULL,NULL),(935,'LUCIANA ','VELASQUEZ',NULL,NULL,NULL,'Asegurado',26,'RAMOS',12,1,NULL,NULL),(936,'REBECA ','ORTIZ',NULL,NULL,NULL,'Asegurado',26,'JACOBS',2,1,NULL,NULL),(937,'SANTIAGO ','NUÑEZ',NULL,NULL,NULL,'Asegurado',26,'VACA',12,1,NULL,NULL),(938,'CAROLINA ','NOGALES',NULL,NULL,NULL,'Asegurado',26,'CASTILLO',5,1,NULL,NULL),(939,'PAOLA ','NOGALES',NULL,NULL,NULL,'Asegurado',26,'CASTILLO',5,1,NULL,NULL),(940,'VIVIAN NIKOLL','NOGALES',NULL,NULL,NULL,'Asegurado',26,'CASTILLO',5,1,NULL,NULL),(941,'ANDRES ','CHOQUE',NULL,NULL,NULL,'Asegurado',26,'TORREZ',12,1,NULL,NULL),(942,'JUAN CARLOS','ESPADA',NULL,NULL,NULL,'Asegurado',26,'ROSSO',5,1,NULL,NULL),(943,'JUAN DANIEL','MORALES',NULL,NULL,NULL,'Asegurado',26,'MOGIANO',5,1,NULL,NULL),(944,'BENJAMIN ','MOSTASEDO',NULL,NULL,NULL,'Asegurado',26,'CACERES',5,1,NULL,NULL),(945,'CARLOS DANTE','ESPINOZA',NULL,NULL,NULL,'Asegurado',26,'SALVATIERRA',5,1,NULL,NULL),(946,'THIAGO ','PANIAGUA',NULL,NULL,NULL,'Asegurado',26,'CHAVEZ',5,1,NULL,NULL),(947,'SERGIO ','MOLINA',NULL,NULL,NULL,'Asegurado',26,'MEDINA',5,1,NULL,NULL),(948,'IAM MATEO','BARRANCO',NULL,NULL,NULL,'Asegurado',26,'QUEVEDO',5,1,NULL,NULL),(949,'EMILIO ','GUTIERREZ',NULL,NULL,NULL,'Asegurado',26,'ANTELO',5,1,NULL,NULL),(950,'THIAGO STERLING','LOPEZ',NULL,NULL,NULL,'Asegurado',26,'ORELLANA',5,1,NULL,NULL),(951,'MARCO ANTONIO','BUEZO',NULL,NULL,NULL,'Asegurado',26,'VALDIVIA',5,1,NULL,NULL),(952,'ANDRES ALEJANDRO','FERNANDEZ',NULL,NULL,NULL,'Asegurado',26,'VARGAS',15,1,NULL,NULL),(953,'PABLO GABRIEL','RIVERA',NULL,NULL,NULL,'Asegurado',26,'ANTONIO',5,1,NULL,NULL),(954,'DAMIAN ','GUTIERREZ',NULL,NULL,NULL,'Asegurado',26,'LLAVETA',5,1,NULL,NULL),(955,'GABRIELA ','QUINTANA',NULL,NULL,NULL,'Asegurado',26,'GUTIERREZ',5,1,NULL,NULL),(956,'DAVID ','QUINTANA',NULL,NULL,NULL,'Asegurado',26,'GUTIERREZ',5,1,NULL,NULL),(957,'PAULA ANNETTE','JUSTINIANO',NULL,NULL,NULL,'Asegurado',26,'ARTEAGA',5,1,NULL,NULL),(958,'ETHAN RODOLFO','HOFFMAN',NULL,NULL,NULL,'Asegurado',26,'PIEROLA',5,1,NULL,NULL),(959,'ARON ','RALDES',NULL,NULL,NULL,'Asegurado',26,'ROMERORUBEN',5,1,NULL,NULL),(960,'LIAM ','CRESPO',NULL,NULL,NULL,'Asegurado',26,'SUAREZ',5,1,NULL,NULL),(961,'PAULA LUCIA','QUIROZ',NULL,NULL,NULL,'Asegurado',26,'RIVERA',5,1,NULL,NULL),(962,'GAEL ANDRE','PADILLA',NULL,NULL,NULL,'Asegurado',26,'NUMBRELA',5,1,NULL,NULL),(963,'CARLOS EDUARDO','ESPINOZA',NULL,NULL,NULL,'Asegurado',26,'SILVA',5,1,NULL,NULL),(964,'RAFAEL ','SALVATIERRA',NULL,NULL,NULL,'Asegurado',26,'REVOREDO',5,1,NULL,NULL),(965,'MELANI ','PARI',NULL,NULL,NULL,'Asegurado',26,'OLIVERA',5,1,NULL,NULL),(966,'ALESSANDRA ','ICHAZO',NULL,NULL,NULL,'Asegurado',26,'MARTINA',5,1,NULL,NULL),(967,'LUCAS ANDRES','RIVERO',NULL,NULL,NULL,'Asegurado',26,'CUELLAR',5,1,NULL,NULL),(968,'CRISTIANE ','ALEGRIA',NULL,NULL,NULL,'Asegurado',26,'GUZMAN',5,1,NULL,NULL),(969,'ELIAS DAVID','FERNANDEZ',NULL,NULL,NULL,'Asegurado',26,'VENTURA',5,1,NULL,NULL),(970,'JORGE DARIO','VASQUEZ',NULL,NULL,NULL,'Asegurado',26,'RODAS',5,1,NULL,NULL),(971,'AMINA SOFIA','PARRA',NULL,NULL,NULL,'Asegurado',26,'ROLLANO',5,1,NULL,NULL),(972,'SANTIAGO ','MARIACA',NULL,NULL,NULL,'Asegurado',26,'SUAREZ',5,1,NULL,NULL),(973,'FRIDA ','BRAVO',NULL,NULL,NULL,'Asegurado',26,'CRUZ DE CARVALHO',5,1,NULL,NULL),(974,'MARIA ANTONELLA','HERBOSO',NULL,NULL,NULL,'Asegurado',26,'ROCA',5,1,NULL,NULL),(975,'IRENE ','CLAROS',NULL,NULL,NULL,'Asegurado',26,'CLAROS',5,1,NULL,NULL),(976,'SANTIAGO ','VILLARROEL',NULL,NULL,NULL,'Asegurado',26,'CORTES',5,1,NULL,NULL),(977,'ALEJANDRO IVAN','CALLEJAS',NULL,NULL,NULL,'Asegurado',26,'RODAS',5,1,NULL,NULL),(978,'LUCAS AGUSTIN','AILLON',NULL,NULL,NULL,'Asegurado',26,'VELIZ',5,1,NULL,NULL),(979,'GENARO IGNACIO','ORTEGA',NULL,NULL,NULL,'Asegurado',26,'PERALTA',5,1,NULL,NULL),(980,'CRISTIAN ','GUTIERREZ',NULL,NULL,NULL,'Asegurado',26,'SILES',5,1,NULL,NULL),(981,'TALIANA ','GUTIERREZ',NULL,NULL,NULL,'Asegurado',26,'SILES',5,1,NULL,NULL),(982,'DAYANA SHERYL','RODRIGUEZ',NULL,NULL,NULL,'Asegurado',26,'APACA',5,1,NULL,NULL),(983,'ISABELA ','PARADA',NULL,NULL,NULL,'Asegurado',26,'SAUCEDO',5,1,NULL,NULL),(984,'SANTIAGO ','VIDAL',NULL,NULL,NULL,'Asegurado',26,'BONILLA',5,1,NULL,NULL),(985,'IAN ','BECERRA',NULL,NULL,NULL,'Asegurado',26,'GARCIA',5,1,NULL,NULL),(986,'JULIO ALEXANDER','BECERRA',NULL,NULL,NULL,'Asegurado',26,'GARCIA',5,1,NULL,NULL),(987,'ANA VALERIA','MONTAÑO',NULL,NULL,NULL,'Asegurado',26,'LOPEZ',5,1,NULL,NULL),(988,'LEANDRO RAFAEL','CASANOVA',NULL,NULL,NULL,'Asegurado',26,'SUAREZ',18,1,NULL,NULL),(989,'FERNANDO ','REYES',NULL,NULL,NULL,'Asegurado',26,'RIVERA',18,1,NULL,NULL),(990,'AINA RENEMEE','GARCIA',NULL,NULL,NULL,'Asegurado',26,'COLQUE',18,1,NULL,NULL),(991,'PAULA ANDREA','PEREZ',NULL,NULL,NULL,'Asegurado',26,'CALLAU',18,1,NULL,NULL),(992,'BRIAN ','GARCIA',NULL,NULL,NULL,'Asegurado',26,'VASQUEZ',18,1,NULL,NULL),(993,'VICTORIA ','AGUILAR',NULL,NULL,NULL,'Asegurado',26,'LEAÑOS',18,1,NULL,NULL),(994,'ENRIQUE ','CASERES',NULL,NULL,NULL,'Asegurado',26,'LUIS',18,1,NULL,NULL),(995,'ALIAJ ANTONELLA','MITMAN',NULL,NULL,NULL,'Asegurado',26,'DE MENEZES',18,1,NULL,NULL),(996,'GABRIEL JEREMIAS','VEGA',NULL,NULL,NULL,'Asegurado',26,'ALDANA',5,1,NULL,NULL),(997,'ISABELLA ANDREA','VEGA',NULL,NULL,NULL,'Asegurado',26,'ALDANA',5,1,NULL,NULL),(998,'ALEXA VICTORIA','MITMAN',NULL,NULL,NULL,'Asegurado',26,'DE MENEZES',18,1,NULL,NULL),(999,'DYLAN NICOLAS','RUEDA',NULL,NULL,NULL,'Asegurado',26,'TOCO',18,1,NULL,NULL),(1000,'KILIAN ','MARTINEZ',NULL,NULL,NULL,'Asegurado',26,'JANCO',18,1,NULL,NULL),(1001,'GIULIAM ','MARINEZ',NULL,NULL,NULL,'Asegurado',26,'JANCO',18,1,NULL,NULL),(1002,'MEGAN LUANA','VALVERDE',NULL,NULL,NULL,'Asegurado',26,'VACA',18,1,NULL,NULL),(1003,'INDIRA SARAHI','MARTINEZ',NULL,NULL,NULL,'Asegurado',26,'JANCO',18,1,NULL,NULL),(1004,'LEANDRO ','VELASCO',NULL,NULL,NULL,'Asegurado',26,'SOSA',18,1,NULL,NULL),(1005,'JODE DAVID','SANSUSTE',NULL,NULL,NULL,'Asegurado',26,'ARTEAGA',18,1,NULL,NULL),(1006,'ARON GUILLERMO','SEVERICH',NULL,NULL,NULL,'Asegurado',26,'GUZMAN',18,1,NULL,NULL),(1007,'NICOLAS ','ARANCIBIA',NULL,NULL,NULL,'Asegurado',26,'CESPEDES',18,1,NULL,NULL),(1008,'HECTOR ','ARANCIBIA',NULL,NULL,NULL,'Asegurado',26,'CESPEDES',18,1,NULL,NULL),(1009,'IAN CALEB','HURTADO',NULL,NULL,NULL,'Asegurado',26,'GALVEZ',18,1,NULL,NULL),(1010,'LUAN GAEL','FUJIMOTO',NULL,NULL,NULL,'Asegurado',26,'BRAVO',18,1,NULL,NULL),(1011,'OSEIAS JOSE','SANCHES',NULL,NULL,NULL,'Asegurado',26,'CHURA',18,1,NULL,NULL),(1012,'RUBEN ALI','TERRAZAS',NULL,NULL,NULL,'Asegurado',26,'QUIROZ',18,1,NULL,NULL),(1013,'FRIDA AMELIA','HERRERA',NULL,NULL,NULL,'Asegurado',26,'PARADA',18,1,NULL,NULL),(1014,'THIAGO JOAQUIN','FERRIER',NULL,NULL,NULL,'Asegurado',26,'SAUCEDO',18,1,NULL,NULL),(1015,'ANNA SOFIA','CABALLERO',NULL,NULL,NULL,'Asegurado',26,'L.',18,1,NULL,NULL),(1016,'OLGA VICTORIA','CORTEZ',NULL,NULL,NULL,'Asegurado',26,'AÑEZ',5,1,NULL,NULL),(1017,'ANDREA ','NUÑEZ',NULL,NULL,NULL,'Asegurado',26,'BARBA',5,1,NULL,NULL),(1018,'MATIAS ESTEBAN','GONZALES',NULL,NULL,NULL,'Asegurado',26,'BANEGAS',5,1,NULL,NULL),(1019,'VICTORIA ','ROCA',NULL,NULL,NULL,'Asegurado',26,'SAUCEDO',5,1,NULL,NULL),(1020,'NICOLE ARLETH','MONTAÑO',NULL,NULL,NULL,'Asegurado',26,'CABALLERO',5,1,NULL,NULL),(1021,'SERNA CELESTE','CAMPOS',NULL,NULL,NULL,'Asegurado',26,'LA',12,1,NULL,NULL),(1022,'SERNA CIELO','CAMPOS',NULL,NULL,NULL,'Asegurado',26,'LA',12,1,NULL,NULL),(1023,'ISABELLA ','SAUCEDO',NULL,NULL,NULL,'Asegurado',26,'HURTADO',5,1,NULL,NULL),(1024,'VICTOR EMANUEL','SAUCEDO',NULL,NULL,NULL,'Asegurado',26,'HURTADO',5,1,NULL,NULL),(1025,'LUCAS DONATO','LANDIVAR',NULL,NULL,NULL,'Asegurado',26,'GUZMAN',12,1,NULL,NULL),(1026,'DIANA NICOLE','GARNICA',NULL,NULL,NULL,'Asegurado',26,'LUIZAGA',12,1,NULL,NULL),(1027,'CRISTIAN DANIEL','GARNICA',NULL,NULL,NULL,'Asegurado',26,'LUIZAGA',12,1,NULL,NULL),(1028,'JOSE ALEXANDER','GARNICA',NULL,NULL,NULL,'Asegurado',26,'LUIZAGA',12,1,NULL,NULL),(1029,'GENESIS ','MONTAÑO',NULL,NULL,NULL,'Asegurado',26,'ZURITA',5,1,NULL,NULL),(1030,'NOAH ALEXANDER','MONTAÑO',NULL,NULL,NULL,'Asegurado',26,'ZURITA',5,1,NULL,NULL),(1031,'GABRIEL BENJAMIN','RIBERA',NULL,NULL,NULL,'Asegurado',26,'VILLEGAS',5,1,NULL,NULL),(1032,'JASMINE MILENY','VIDAURRE',NULL,NULL,NULL,'Asegurado',26,'MIRANDA',5,1,NULL,NULL),(1033,'MIGUEL ELIAS','VIDAURRE',NULL,NULL,NULL,'Asegurado',26,'MIRANDA',5,1,NULL,NULL),(1034,'SARA NOEMI','VIDAURRE',NULL,NULL,NULL,'Asegurado',26,'MIRANDA',5,1,NULL,NULL),(1035,'SANTIAGO ','SORIA',NULL,NULL,NULL,'Asegurado',26,'GALVARRO',12,1,NULL,NULL),(1036,'LUCAS ','SORIA',NULL,NULL,NULL,'Asegurado',26,'GALVARRO',12,1,NULL,NULL),(1037,'EMILY ANGELINA','AVENDAÑO',NULL,NULL,NULL,'Asegurado',26,'LA FUENTE',5,1,NULL,NULL),(1038,'JOSIAS EUDAL','AVENDAÑO',NULL,NULL,NULL,'Asegurado',26,'LA FUENTE',5,1,NULL,NULL),(1039,'DASTIN DANIEL','ZEBALLOS',NULL,NULL,NULL,'Asegurado',26,'ZARDAN',5,1,NULL,NULL),(1040,'ISAAC BALTAZAR','MEJIA',NULL,NULL,NULL,'Asegurado',26,'VACA',5,1,NULL,NULL),(1041,'CARLA ','TABORGA',NULL,NULL,NULL,'Asegurado',26,'PINTO',5,1,NULL,NULL),(1042,'CARLOS FREDDY','TABORGA',NULL,NULL,NULL,'Asegurado',26,'PINTO',5,1,NULL,NULL),(1043,'OSCAR LEANDRO','TABORGA',NULL,NULL,NULL,'Asegurado',26,'PINTO',5,1,NULL,NULL),(1044,'THIAGO DUSTIN','ZEBALLOS',NULL,NULL,NULL,'Asegurado',26,'ZARDAN',5,1,NULL,NULL),(1045,'SAID ','SILES',NULL,NULL,NULL,'Asegurado',26,'CASSIS',5,1,NULL,NULL),(1046,'SAMIR ','SILES',NULL,NULL,NULL,'Asegurado',26,'CASSIS',5,1,NULL,NULL),(1047,'THAIS ','SILES',NULL,NULL,NULL,'Asegurado',26,'CASSIS',5,1,NULL,NULL),(1048,'AITANA ','NUÑEZ',NULL,NULL,NULL,'Asegurado',26,'SALAS',12,1,NULL,NULL),(1049,'PEDRO EDUARDO','ENCINAS',NULL,NULL,NULL,'Asegurado',26,'COTTO',5,1,NULL,NULL),(1050,'ALEXIA ','SILES',NULL,NULL,NULL,'Asegurado',26,'VACA',5,1,NULL,NULL),(1051,'JACKELIN ','GARCIA',NULL,NULL,NULL,'Asegurado',26,'MELGAR',5,1,NULL,NULL),(1052,'ESPERANZA ','ENCINAS',NULL,NULL,NULL,'Asegurado',26,'COTTO',5,1,NULL,NULL),(1053,'VALNTINA EMMA','PEDRAZAS',NULL,NULL,NULL,'Asegurado',26,'NOGALES',5,1,NULL,NULL),(1054,'CESIA ','JUSTINIANO',NULL,NULL,NULL,'Asegurado',26,'MOSCOSO',5,1,NULL,NULL),(1055,'JOSE CARLOS','SANTA CRUZ',NULL,NULL,NULL,'Asegurado',26,'NATUSCH',5,1,NULL,NULL),(1056,'GALILEA ','PALMA',NULL,NULL,NULL,'Asegurado',26,'SUAREZ',5,1,NULL,NULL),(1057,'XIOMARA ','PALMA',NULL,NULL,NULL,'Asegurado',26,'SUAREZ',5,1,NULL,NULL),(1058,'NAIRA MARIANA','MERIDA',NULL,NULL,NULL,'Asegurado',26,'PEÑA',5,1,NULL,NULL),(1059,'BRANDON GARY','BERRIOS',NULL,NULL,NULL,'Asegurado',26,'CHAMBI',12,1,NULL,NULL),(1060,'ANGELA STHEFANY','BERRIOS',NULL,NULL,NULL,'Asegurado',26,'CHAMBI',12,1,NULL,NULL),(1061,'JOSE FRANCO','MONTENEGRO',NULL,NULL,NULL,'Asegurado',26,'TORREJON',5,1,NULL,NULL),(1062,'LEONARDO ','CHUMACERO',NULL,NULL,NULL,'Asegurado',26,'VALDIVIA',5,1,NULL,NULL),(1063,'SOFIA ','CHUMACERO',NULL,NULL,NULL,'Asegurado',26,'VALDIVIA',5,1,NULL,NULL),(1064,'LUCIANA ','FERNANDEZ',NULL,NULL,NULL,'Asegurado',26,'MERIDA',5,1,NULL,NULL),(1065,'CAMILA ','HURTADO',NULL,NULL,NULL,'Asegurado',26,'MONTOYA',5,1,NULL,NULL),(1066,'MARIA ISABELLA','HURTADO',NULL,NULL,NULL,'Asegurado',26,'MONTOYA',5,1,NULL,NULL),(1067,'GUSTAVO ALEJANDRO','MEDRANO',NULL,NULL,NULL,'Asegurado',26,'NAVARRO',5,1,NULL,NULL),(1068,'LUCAS GABRIEL','SOTO',NULL,NULL,NULL,'Asegurado',26,'GARECA',5,1,NULL,NULL),(1069,'MATEO ANDRES','SOTO',NULL,NULL,NULL,'Asegurado',26,'GARECA',5,1,NULL,NULL),(1070,'THAIS SOFIA','SOTO',NULL,NULL,NULL,'Asegurado',26,'GARECA',5,1,NULL,NULL),(1071,'LUCAS BENJAMIN','VALLE',NULL,NULL,NULL,'Asegurado',26,'PEREYRA',5,1,NULL,NULL),(1072,'ALVAREZ ANDREA','BESSA',NULL,NULL,NULL,'Asegurado',26,'COSTAS',5,1,NULL,NULL),(1073,'ARIANA ','TORREZ',NULL,NULL,NULL,'Asegurado',26,'ROCA',5,1,NULL,NULL),(1074,'JUAN PABLO','LAGRABA',NULL,NULL,NULL,'Asegurado',26,'RIVERO',5,1,NULL,NULL),(1075,'LEANDRO ','CLAURE',NULL,NULL,NULL,'Asegurado',26,'MONTAÑO',11,1,NULL,NULL),(1076,'ELIZABETH ','VARGAS',NULL,NULL,NULL,'Asegurado',26,'ZEBALLOS',5,1,NULL,NULL),(1077,'EMMANUEL ','VARGAS',NULL,NULL,NULL,'Asegurado',26,'ZEBALLOS',5,1,NULL,NULL),(1078,'JOHAN ','LIU',NULL,NULL,NULL,'Asegurado',26,'LI',5,1,NULL,NULL),(1079,'MACIEL ','CORTEZ',NULL,NULL,NULL,'Asegurado',26,'APAZA',5,1,NULL,NULL),(1080,'ANGEL ','DAZA',NULL,NULL,NULL,'Asegurado',26,'RIVERO',5,1,NULL,NULL),(1081,'TAMARA ','DAZA',NULL,NULL,NULL,'Asegurado',26,'RIVERO',5,1,NULL,NULL),(1082,'SEBASTIAN EDUARDO','CORTEZ',NULL,NULL,NULL,'Asegurado',26,'HOYOS',5,1,NULL,NULL),(1083,'FRANCO LEONARDO','ROA',NULL,NULL,NULL,'Asegurado',26,'SILES',11,1,NULL,NULL),(1084,'MATEO RAFAEL','DIAZ',NULL,NULL,NULL,'Asegurado',26,'AGREDA',12,1,NULL,NULL),(1085,'RENATA ','ALCALA',NULL,NULL,NULL,'Asegurado',26,'BELLO',12,1,NULL,NULL),(1086,'ALEXIA ','GUTIERREZ',NULL,NULL,NULL,'Asegurado',26,'CALLAU',5,1,NULL,NULL),(1087,'MIA VALENTINA','GUTIERREZ',NULL,NULL,NULL,'Asegurado',26,'CALLAU',5,1,NULL,NULL),(1088,'GABRIELA ','HUAYHUA',NULL,NULL,NULL,'Asegurado',26,'BALDERRAMA',5,1,NULL,NULL),(1089,'LORENA ','HUAYHUA',NULL,NULL,NULL,'Asegurado',26,'BALDERRAMA',5,1,NULL,NULL),(1090,'FLAVIA MICHELLE','SEVERICHE',NULL,NULL,NULL,'Asegurado',26,'TERCEROS',5,1,NULL,NULL),(1091,'SOFIA ISABELLA','SEVERICHE',NULL,NULL,NULL,'Asegurado',26,'TERCEROS',5,1,NULL,NULL),(1092,'FABRICIO MATIAS','DONAIRE',NULL,NULL,NULL,'Asegurado',26,'COLQUILLO',5,1,NULL,NULL),(1093,'JESUS ','AGUILERA',NULL,NULL,NULL,'Asegurado',26,'SANTIAGO',5,1,NULL,NULL),(1094,'GAMAL ','AGUILERA',NULL,NULL,NULL,'Asegurado',26,'TERRAZAS',5,1,NULL,NULL),(1095,'NADINE ','AGUIRRE',NULL,NULL,NULL,'Asegurado',26,'TERAN',5,1,NULL,NULL),(1096,'RODRIGO ','ALVAREZ',NULL,NULL,NULL,'Asegurado',26,'AYALACARLOS',5,1,NULL,NULL),(1097,'ROMA ','ANDRADE',NULL,NULL,NULL,'Asegurado',26,'ANGELA',5,1,NULL,NULL),(1098,'ARTURO ','ANGULO',NULL,NULL,NULL,'Asegurado',26,'GAEL',5,1,NULL,NULL),(1099,'VALENTINA ','ARAMAYO',NULL,NULL,NULL,'Asegurado',26,'VARGAS',5,1,NULL,NULL),(1100,'MOISES OLIVER','AUZA',NULL,NULL,NULL,'Asegurado',26,'PAZ',5,1,NULL,NULL),(1101,'SEBASTIAN ','BORGES',NULL,NULL,NULL,'Asegurado',26,'DIEGO',5,1,NULL,NULL),(1102,'INES ','CAMACHO',NULL,NULL,NULL,'Asegurado',26,'CELESTE',5,1,NULL,NULL),(1103,'VELASCO ','CARRASCO',NULL,NULL,NULL,'Asegurado',26,'FARID',5,1,NULL,NULL),(1104,'RIBERA ','CASTEDO',NULL,NULL,NULL,'Asegurado',26,'THIAGO',5,1,NULL,NULL),(1105,'HUGO ','CASTRO',NULL,NULL,NULL,'Asegurado',26,'JUAN',5,1,NULL,NULL),(1106,'ANDRES ','CASTRO',NULL,NULL,NULL,'Asegurado',26,'LLANQUI',5,1,NULL,NULL),(1107,'VALENTINA AYLHIN','CERVANTES',NULL,NULL,NULL,'Asegurado',26,'AGUIRRE',5,1,NULL,NULL),(1108,'ROSA MARIA','FERNANDEZ',NULL,NULL,NULL,'Asegurado',26,'SAUCEDO',5,1,NULL,NULL),(1109,'JAHDIELY ','DOMINGUEZ',NULL,NULL,NULL,'Asegurado',26,'MORON',5,1,NULL,NULL),(1110,'SOFIA MASIEL','ARDAYA',NULL,NULL,NULL,'Asegurado',26,'ARRAZOLA',11,1,NULL,NULL),(1111,'ELIZABETH ','CESPEDES',NULL,NULL,NULL,'Asegurado',26,'MERY',5,1,NULL,NULL),(1112,'ANGEL ','CHARCAS',NULL,NULL,NULL,'Asegurado',26,'FLOES',5,1,NULL,NULL),(1113,'RAFAELA ','CHUNG',NULL,NULL,NULL,'Asegurado',26,'ALVAREZ',5,1,NULL,NULL),(1114,'GABRIEL ','CLAROS',NULL,NULL,NULL,'Asegurado',26,'LUCAS',5,1,NULL,NULL),(1115,'CELINE ','CRUZ',NULL,NULL,NULL,'Asegurado',26,'ALISHA',5,1,NULL,NULL),(1116,'ARLET ','DIAZ',NULL,NULL,NULL,'Asegurado',26,'MELEK',5,1,NULL,NULL),(1117,'SEBASTIAN ','DIAZ',NULL,NULL,NULL,'Asegurado',26,'VEDIA',5,1,NULL,NULL),(1118,'LUCIANO ','ESPINOZA',NULL,NULL,NULL,'Asegurado',26,'PEREZ',5,1,NULL,NULL),(1119,'NAHEL ','FLORES',NULL,NULL,NULL,'Asegurado',26,'LIAM',5,1,NULL,NULL),(1120,'DIEGO ','GONZALES',NULL,NULL,NULL,'Asegurado',26,'JOSE',5,1,NULL,NULL),(1121,'HAZAR ','GUTIERREZ',NULL,NULL,NULL,'Asegurado',26,'ALVAREZ',5,1,NULL,NULL),(1122,'MIA JOHEBY','HERRERA',NULL,NULL,NULL,'Asegurado',26,'PANOZO',5,1,NULL,NULL),(1123,'INDIRA ','HUMANATA',NULL,NULL,NULL,'Asegurado',26,'ARLETTE',5,1,NULL,NULL),(1124,'EDGAR GAEL','LEIGUE',NULL,NULL,NULL,'Asegurado',26,'MELGAR',5,1,NULL,NULL),(1125,'MATIAS ','LUNA',NULL,NULL,NULL,'Asegurado',26,'ELMER',5,1,NULL,NULL),(1126,'IGOR ','LUNA',NULL,NULL,NULL,'Asegurado',26,'LIAN',5,1,NULL,NULL),(1127,'ADELAIDA ','MACHUCA',NULL,NULL,NULL,'Asegurado',26,'GLADIS',5,1,NULL,NULL),(1128,'ANDRE ','MENDEZ',NULL,NULL,NULL,'Asegurado',26,'FREDDY',5,1,NULL,NULL),(1129,'JONAS ','MOLINA',NULL,NULL,NULL,'Asegurado',26,'AGUIRRE',5,1,NULL,NULL),(1130,'EZEQUIEL ','MOLINA',NULL,NULL,NULL,'Asegurado',26,'ROMERO',5,1,NULL,NULL),(1131,'ANTONIO ','MUCARZEL',NULL,NULL,NULL,'Asegurado',26,'MARCO',5,1,NULL,NULL),(1132,'BENJAMIN ','OLAÑET',NULL,NULL,NULL,'Asegurado',26,'LIAN',5,1,NULL,NULL),(1133,'ARYA ITZEL','ORELLANA',NULL,NULL,NULL,'Asegurado',26,'SALAZAR',5,1,NULL,NULL),(1134,'CAMILA ','ORTIZ',NULL,NULL,NULL,'Asegurado',26,'CLAROS',5,1,NULL,NULL),(1135,'THAYRA NICOLE','ORTIZ',NULL,NULL,NULL,'Asegurado',26,'DORADO',5,1,NULL,NULL),(1136,'LUCIANA ','ORTIZ',NULL,NULL,NULL,'Asegurado',26,'FERNANDEZ',5,1,NULL,NULL),(1137,'CHAVEZ ','PALACIO',NULL,NULL,NULL,'Asegurado',26,'LUCIANA',5,1,NULL,NULL),(1138,'BRUNA ','PEDRAZA',NULL,NULL,NULL,'Asegurado',26,'BARBOZA',5,1,NULL,NULL),(1139,'CALEB ','PIRIS',NULL,NULL,NULL,'Asegurado',26,'IHAN',5,1,NULL,NULL),(1140,'SOFIA ','QUENAYA',NULL,NULL,NULL,'Asegurado',26,'VALERIA',5,1,NULL,NULL),(1141,'JARED ','ROCA',NULL,NULL,NULL,'Asegurado',26,'LOPEZ',5,1,NULL,NULL),(1142,'LUCIANA ','ROCHA',NULL,NULL,NULL,'Asegurado',26,'CALLAU',5,1,NULL,NULL),(1143,'MARTIN ','ROMERO',NULL,NULL,NULL,'Asegurado',26,'MARTINEZ',5,1,NULL,NULL),(1144,'ANGEL ','ROMERO',NULL,NULL,NULL,'Asegurado',26,'MOLINA',5,1,NULL,NULL),(1145,'MATEO ','SORIA',NULL,NULL,NULL,'Asegurado',26,'CABRAL',5,1,NULL,NULL),(1146,'NOHELIA ','TAPIA',NULL,NULL,NULL,'Asegurado',26,'CAMARGODAIRA',5,1,NULL,NULL),(1147,'GABRIEL ','TOMICHA',NULL,NULL,NULL,'Asegurado',26,'LUZ',5,1,NULL,NULL),(1148,'DIANA ','TORREZ',NULL,NULL,NULL,'Asegurado',26,'CHOQUE',5,1,NULL,NULL),(1149,'ANTONIO ','TORREZ',NULL,NULL,NULL,'Asegurado',26,'MARCO',5,1,NULL,NULL),(1150,'MARIA DE LOS ANGELES ','TORREZ',NULL,NULL,NULL,'Asegurado',26,'SOLIZ',5,1,NULL,NULL),(1151,'MATIAS ','VACA',NULL,NULL,NULL,'Asegurado',26,'DANIEL',5,1,NULL,NULL),(1152,'DIANA EMILY','VACA',NULL,NULL,NULL,'Asegurado',26,'MANRIQUE',5,1,NULL,NULL),(1153,'MAURICIO ANDRES','VACA',NULL,NULL,NULL,'Asegurado',26,'MANRIQUE',5,1,NULL,NULL),(1154,'ALEJANDRA ','VALVERDE',NULL,NULL,NULL,'Asegurado',26,'BRIANA',5,1,NULL,NULL),(1155,'ANTONELLA ','VALVERDE',NULL,NULL,NULL,'Asegurado',26,'MEL',5,1,NULL,NULL),(1156,'LUCIANA JEZREEL','VELASCO',NULL,NULL,NULL,'Asegurado',26,'MANCILLA',5,1,NULL,NULL),(1157,'CARLOS ','VERDUGUEZ',NULL,NULL,NULL,'Asegurado',26,'LUIS',5,1,NULL,NULL),(1158,'URIEL ','VILLALPANDO',NULL,NULL,NULL,'Asegurado',26,'LUCAS',5,1,NULL,NULL),(1159,'JAIANNY ','CASTELLON',NULL,NULL,NULL,'Asegurado',26,'ALCOBA',5,1,NULL,NULL),(1160,'JAVIER ALEJANDRO','CAYE',NULL,NULL,NULL,'Asegurado',26,'CABRERA',5,1,NULL,NULL),(1161,'ALBERTO ','JORDAN',NULL,NULL,NULL,'Asegurado',26,'CESPEDES',5,1,NULL,NULL),(1162,'ANDRES ','JORDAN',NULL,NULL,NULL,'Asegurado',26,'CESPEDES',5,1,NULL,NULL),(1163,'ADRIANA ','FERNADEZ',NULL,NULL,NULL,'Asegurado',26,'SAUCEDO',5,1,NULL,NULL),(1164,'IRENE ','CASTEDO',NULL,NULL,NULL,'Asegurado',26,'NOGALES',5,1,NULL,NULL),(1165,'DENISSE ','CACERES',NULL,NULL,NULL,'Asegurado',26,'CABRAL',5,1,NULL,NULL),(1166,'LILY NAZARETH','PEÑA',NULL,NULL,NULL,'Asegurado',26,'QUIROZ',5,1,NULL,NULL),(1167,'MARIA JOSE','DE LA MAZA',NULL,NULL,NULL,'Asegurado',26,'JIMENEZ',5,1,NULL,NULL),(1168,'MATIAS FABIAN','CLAVIJO',NULL,NULL,NULL,'Asegurado',26,'ROJAS',12,1,NULL,NULL),(1169,'ANTONELLA ','DE LOS RIOS',NULL,NULL,NULL,'Asegurado',26,'CAMILA',11,1,NULL,NULL),(1170,'SHAMIR ','VILLCA',NULL,NULL,NULL,'Asegurado',26,'ACHACOLLO',11,1,NULL,NULL),(1171,'BRUNO ','ROMERO',NULL,NULL,NULL,'Asegurado',26,'BARAHONA',5,1,NULL,NULL),(1172,'CLAUDE MARIE','GALPON',NULL,NULL,NULL,'Asegurado',26,'RIVERA',11,1,NULL,NULL),(1173,'AYHELEN ','VILLCA',NULL,NULL,NULL,'Asegurado',26,'ACHACOLLO',11,1,NULL,NULL),(1174,'ANDRE MATIAS','ARDAYA',NULL,NULL,NULL,'Asegurado',26,'CAVERO',5,1,NULL,NULL),(1175,'SANTIAGO GAEL','RODRIGUEZ',NULL,NULL,NULL,'Asegurado',26,'CAMACHO',11,1,NULL,NULL),(1176,'ABIGAIL ','PAUCAR',NULL,NULL,NULL,'Asegurado',26,'CORNEHO',5,1,NULL,NULL),(1177,'MATIAS ','PAUCAR',NULL,NULL,NULL,'Asegurado',26,'CORNEJO',5,1,NULL,NULL),(1178,'SANTIAGO ','PAUCAR',NULL,NULL,NULL,'Asegurado',26,'CORNEJO',5,1,NULL,NULL),(1179,'CAMILA ','INFANTAS',NULL,NULL,NULL,'Asegurado',26,'TELLEZ',5,1,NULL,NULL),(1180,'LUCAS SANTIAGO','BARRIOS',NULL,NULL,NULL,'Asegurado',26,'ESPINOZA',5,1,NULL,NULL),(1181,'KYLIAN SEBASTIAN','QUIROGA',NULL,NULL,NULL,'Asegurado',26,'HUANCA',5,1,NULL,NULL),(1182,'GADIEL ','RIBERA',NULL,NULL,NULL,'Asegurado',26,'ALBA',5,1,NULL,NULL),(1183,'SERGIO SEBASTIAN','ROMERO',NULL,NULL,NULL,'Asegurado',26,'TOLEDO',5,1,NULL,NULL),(1184,'LIZ MARIEL','CABALLERO',NULL,NULL,NULL,'Asegurado',26,'SALAZAR',5,1,NULL,NULL),(1185,'DAFNE NATALIA','BUSTAMANTE',NULL,NULL,NULL,'Asegurado',26,'FERMIN',11,1,NULL,NULL),(1186,'PABLO ADRIAN','BUSTAMANTE',NULL,NULL,NULL,'Asegurado',26,'FERMIN',11,1,NULL,NULL),(1187,'EMMA ','GIUS',NULL,NULL,NULL,'Asegurado',26,'ZURITA',11,1,NULL,NULL),(1188,'ARELY FABIANA','BALCAZAR',NULL,NULL,NULL,'Asegurado',26,'MENDEZ',5,1,NULL,NULL),(1189,'DIEGO ORLANDO','BALCAZAR',NULL,NULL,NULL,'Asegurado',26,'MENDEZ',5,1,NULL,NULL),(1190,'GADIEL SAID','FERNANDEZ',NULL,NULL,NULL,'Asegurado',26,'PALACIOS',5,1,NULL,NULL),(1191,'YVER AVIEL','FERNANDEZ',NULL,NULL,NULL,'Asegurado',26,'PALACIOS',5,1,NULL,NULL),(1192,'THIAGO NICOLAS','LEDEZMA',NULL,NULL,NULL,'Asegurado',26,'ARROYO',5,1,NULL,NULL),(1193,'SALMA FIORELLA','GUZMAN',NULL,NULL,NULL,'Asegurado',26,'CORTEZ',5,1,NULL,NULL),(1194,'LEONARDO ','MENDEZ',NULL,NULL,NULL,'Asegurado',26,'CADARIO',5,1,NULL,NULL),(1195,'PAULA ANDREA','GONZALES',NULL,NULL,NULL,'Asegurado',26,'FUENTES',11,1,NULL,NULL),(1196,'ALEXIA ','GONZALES',NULL,NULL,NULL,'Asegurado',26,'FUENTES',11,1,NULL,NULL),(1197,'BRUNA GABRIELLE','FROES',NULL,NULL,NULL,'Asegurado',26,'AZURDUY',11,1,NULL,NULL),(1198,'VALENTINA ','GUZMAN',NULL,NULL,NULL,'Asegurado',26,'LOVERA',11,1,NULL,NULL),(1199,'RIVAROLA ANDRE','VON',NULL,NULL,NULL,'Asegurado',26,'LANDWUST',5,1,NULL,NULL),(1200,'JORGE FABRICIO','ALVAREZ',NULL,NULL,NULL,'Asegurado',26,'PEREZ',5,1,NULL,NULL),(1201,'MARIO ','MARCO',NULL,NULL,NULL,'Asegurado',26,'QUEZADA',11,1,NULL,NULL),(1202,'ATHINA ','CAMACHO',NULL,NULL,NULL,'Asegurado',26,'OVANDO',11,1,NULL,NULL),(1203,'BRUNO ','GUTIERREZ',NULL,NULL,NULL,'Asegurado',26,'CLAROS',5,1,NULL,NULL),(1204,'FABIANE ','GUTIERREZ',NULL,NULL,NULL,'Asegurado',26,'CLAROS',5,1,NULL,NULL),(1205,'MARIA JOSE','RODRIGUEZ',NULL,NULL,NULL,'Asegurado',26,'SANGUINO',11,1,NULL,NULL),(1206,'RIVAROLA FABIAN','VON',NULL,NULL,NULL,'Asegurado',26,'LANDWUST',5,1,NULL,NULL),(1207,'CECILIA ','HURTADO',NULL,NULL,NULL,'Asegurado',26,'PICTOR',5,1,NULL,NULL),(1208,'GALILEA ','ROMERO',NULL,NULL,NULL,'Asegurado',26,'VALDIVIA',5,1,NULL,NULL),(1209,'NAZARENA ','ROMERO',NULL,NULL,NULL,'Asegurado',26,'VALDIVIA',5,1,NULL,NULL),(1210,'MYA VALERIA','VARGAS',NULL,NULL,NULL,'Asegurado',26,'SANCHEZ',11,1,NULL,NULL),(1211,'HEBERT ALEJANDRO','GUTIERREZ',NULL,NULL,NULL,'Asegurado',26,'PESSOA',5,1,NULL,NULL),(1212,'MARY FERNANDA','GUTIERREZ',NULL,NULL,NULL,'Asegurado',26,'PESSOA',5,1,NULL,NULL),(1213,'MAXIMILIANO ','GOMEZ',NULL,NULL,NULL,'Asegurado',26,'ROCHA',12,1,NULL,NULL),(1214,'HERNAN NOEL','JUSTINIANO',NULL,NULL,NULL,'Asegurado',26,'VILLAGOMEZ',12,1,NULL,NULL),(1215,'JOSE REY','MONTAÑO',NULL,NULL,NULL,'Asegurado',26,'AMURRIO',5,1,NULL,NULL),(1216,'MICAELA ','SILVA',NULL,NULL,NULL,'Asegurado',26,'GONZALES',5,1,NULL,NULL),(1217,'MIRANDA SARAI','SILVA',NULL,NULL,NULL,'Asegurado',26,'GONZALES',5,1,NULL,NULL),(1218,'NICOLAS ','SILVA',NULL,NULL,NULL,'Asegurado',26,'GONZALES',5,1,NULL,NULL),(1219,'SAMUEL MAURICIO','SILVA',NULL,NULL,NULL,'Asegurado',26,'GONZALES',5,1,NULL,NULL),(1220,'SAMARA ','VASQUEZ',NULL,NULL,NULL,'Asegurado',26,'ARAMAYO',11,1,NULL,NULL),(1221,'URIEL SAMIR','MANRIQUE',NULL,NULL,NULL,'Asegurado',26,'RIVERO',11,1,NULL,NULL),(1222,'ISABELLA ','SUAREZ',NULL,NULL,NULL,'Asegurado',26,'SANCHEZ',5,1,NULL,NULL),(1223,'SAMUEL ','SUAREZ',NULL,NULL,NULL,'Asegurado',26,'SANCHEZ',5,1,NULL,NULL),(1224,'JANNA ','VELASCO',NULL,NULL,NULL,'Asegurado',26,'PERALTA',5,1,NULL,NULL),(1225,'JOSEFINA ','VELASCO',NULL,NULL,NULL,'Asegurado',26,'PERALTA',5,1,NULL,NULL),(1226,'MIKAELA ','ROJAS',NULL,NULL,NULL,'Asegurado',26,'BERNAL',12,1,NULL,NULL),(1227,'LUIS MARCELO','ROJAS',NULL,NULL,NULL,'Asegurado',26,'BERNAL',12,1,NULL,NULL),(1228,'ARIANA MELANIE','INOFUENTES',NULL,NULL,NULL,'Asegurado',26,'TERCEROS',5,1,NULL,NULL),(1229,'SANTIAGO EDGAR','INOFUENTES',NULL,NULL,NULL,'Asegurado',26,'TERCEROS',5,1,NULL,NULL),(1230,'GEORGINA ','VIRREIRA',NULL,NULL,NULL,'Asegurado',26,'SERRATE',5,1,NULL,NULL),(1231,'ANDRES ','ARIAS',NULL,NULL,NULL,'Asegurado',26,'MONTERO',5,1,NULL,NULL),(1232,'CAMILA ','ARIAS',NULL,NULL,NULL,'Asegurado',26,'MONTERO',5,1,NULL,NULL),(1233,'BRUNO ','VIRREIRA',NULL,NULL,NULL,'Asegurado',26,'SERRATE',5,1,NULL,NULL),(1234,'CARMEN ','SALGUERO',NULL,NULL,NULL,'Asegurado',26,'PEÑA',11,1,NULL,NULL),(1235,'DEYVIDANDRE ','ZAMORA',NULL,NULL,NULL,'Asegurado',26,'SANGUINO',11,1,NULL,NULL),(1236,'CLAUDIA MARIA','GANDARILLA',NULL,NULL,NULL,'Asegurado',26,'AVILA',11,1,NULL,NULL),(1237,'ROBERTO CARLOS','EGUEZ',NULL,NULL,NULL,'Asegurado',26,'SANCHEZ',5,1,NULL,NULL),(1238,'GRETEL BELEN','TORRICO',NULL,NULL,NULL,'Asegurado',26,'CRUZ',5,1,NULL,NULL),(1239,'BORRIES MARIA RENE','ROCA',NULL,NULL,NULL,'Asegurado',26,'VON',11,1,NULL,NULL),(1240,'LUANA ','SALVATIERRA',NULL,NULL,NULL,'Asegurado',26,'SALAZAR',5,1,NULL,NULL),(1241,'SANTIAGO ','SALVATIERRZ',NULL,NULL,NULL,'Asegurado',26,'SALAZAR',5,1,NULL,NULL),(1242,'GUILLERMO ','MONASTERIO',NULL,NULL,NULL,'Asegurado',26,'ZAMBRANA',11,1,NULL,NULL),(1243,'OSVALDO ','MONASTERIO',NULL,NULL,NULL,'Asegurado',26,'ZAMBRANA',11,1,NULL,NULL),(1244,'ENRIQUE ','MONASTERIO',NULL,NULL,NULL,'Asegurado',26,'ZAMBRANA',11,1,NULL,NULL),(1245,'SANTIAGO ','LIMPIAS',NULL,NULL,NULL,'Asegurado',26,'SARAVIA',11,1,NULL,NULL),(1246,'FABRICIO ','RAMIREZ',NULL,NULL,NULL,'Asegurado',26,'BARBA',5,1,NULL,NULL),(1247,'RICHARD BENJAMIN','HEREDIA',NULL,NULL,NULL,'Asegurado',26,'ORELLANA',5,1,NULL,NULL),(1248,'CAMILA ','VASQUEZ',NULL,NULL,NULL,'Asegurado',26,'ALARCON',12,1,NULL,NULL),(1249,'ISABELLA VIVIANA','ROBLES',NULL,NULL,NULL,'Asegurado',26,'GONZALES',5,1,NULL,NULL),(1250,'MATIAS JOSUE','ROBLES',NULL,NULL,NULL,'Asegurado',26,'GONZALES',5,1,NULL,NULL),(1251,'HECTOR GERMAN','ORTIZ',NULL,NULL,NULL,'Asegurado',26,'SAAVEDRA',5,1,NULL,NULL),(1252,'ROGER ','JUSTINIANO',NULL,NULL,NULL,'Asegurado',26,'URQUIZA',11,1,NULL,NULL),(1253,'OCTAVIO ','ORTIZ',NULL,NULL,NULL,'Asegurado',26,'SAAVEDRA',5,1,NULL,NULL),(1254,'CESAR LUIS','FLORES',NULL,NULL,NULL,'Asegurado',26,'MORALES',12,1,NULL,NULL),(1255,'JENNY VICTORIA','PINTO',NULL,NULL,NULL,'Asegurado',26,'SAAVEDRA',12,1,NULL,NULL),(1256,'SOFIA ','ESPINOZA',NULL,NULL,NULL,'Asegurado',26,'TRUJILLO',5,1,NULL,NULL),(1257,'AMY ','FERNANDEZ',NULL,NULL,NULL,'Asegurado',26,'GUTIERREZ',5,1,NULL,NULL),(1258,'NICOLAS ','DELGADILLO',NULL,NULL,NULL,'Asegurado',26,'RODRIGUEZ',5,1,NULL,NULL),(1259,'SEBASTIAN ','DELGADILLO',NULL,NULL,NULL,'Asegurado',26,'RODRIGUEZ',5,1,NULL,NULL),(1260,'LUCAS THIAGO','DELGADILLO',NULL,NULL,NULL,'Asegurado',26,'SAPIENCIA',5,1,NULL,NULL),(1261,'THIAGO MATEO','FLORES',NULL,NULL,NULL,'Asegurado',26,'MACHADO',11,1,NULL,NULL),(1262,'JEAN PIER','FLORES',NULL,NULL,NULL,'Asegurado',26,'MACHADO',11,1,NULL,NULL),(1263,'DANIEL ROBERTO','ZEBALLOS',NULL,NULL,NULL,'Asegurado',26,'CRESPO',5,1,NULL,NULL),(1264,'EMMA SOFIA','PAZO',NULL,NULL,NULL,'Asegurado',26,'DURAN',5,1,NULL,NULL),(1265,'DAVID BENJAMIN','PACO',NULL,NULL,NULL,'Asegurado',26,'OCSA',5,1,NULL,NULL),(1266,'GISELLE ','ZAMBRANA',NULL,NULL,NULL,'Asegurado',26,'VARGAS',5,1,NULL,NULL),(1267,'GABRIEL ALEJANDRO','VARGAS',NULL,NULL,NULL,'Asegurado',26,'ARANCIBIA',5,1,NULL,NULL),(1268,'SARA DELMA','PEREZ',NULL,NULL,NULL,'Asegurado',26,'GRAJEDA',5,1,NULL,NULL),(1269,'CESAR ','SALVADOR',NULL,NULL,NULL,'Asegurado',26,'RIOS',12,1,NULL,NULL),(1270,'NICOLAS ','BALDELOMAR',NULL,NULL,NULL,'Asegurado',26,'CARBALLO',5,1,NULL,NULL),(1271,'LUANA ','BALDELOMAR',NULL,NULL,NULL,'Asegurado',26,'CARBALLO',5,1,NULL,NULL),(1272,'FABIO ANDRES','NUÑEZ',NULL,NULL,NULL,'Asegurado',26,'ITURRICHA',5,1,NULL,NULL),(1273,'IBLIN CAMILA','ALVAREZ',NULL,NULL,NULL,'Asegurado',26,'MOSCOSO',5,1,NULL,NULL),(1274,'LAURA MELISA','VARGAS',NULL,NULL,NULL,'Asegurado',26,'SENSEVE',5,1,NULL,NULL),(1275,'MARIELY ','VARGAS',NULL,NULL,NULL,'Asegurado',26,'SENSEVE',5,1,NULL,NULL),(1276,'JOSE GABRIEL','VARGAS',NULL,NULL,NULL,'Asegurado',26,'SENSEVE',5,1,NULL,NULL),(1277,'MAURICIO ','SANABRIA',NULL,NULL,NULL,'Asegurado',26,'AÑEZ',11,1,NULL,NULL),(1278,'SEBASTIAN ','ROJAS',NULL,NULL,NULL,'Asegurado',26,'SALAS',5,1,NULL,NULL),(1279,'VALERIA ','ROJAS',NULL,NULL,NULL,'Asegurado',26,'SALAS',5,1,NULL,NULL),(1280,'FLAVIA ','LOZADA',NULL,NULL,NULL,'Asegurado',26,'ROCA',2,1,NULL,NULL),(1281,'LEYNA ','ALCOCER',NULL,NULL,NULL,'Asegurado',26,'RIBERA',5,1,NULL,NULL),(1282,'JUAN DAVID','DORADO',NULL,NULL,NULL,'Asegurado',26,'DORADO',5,1,NULL,NULL),(1283,'NALVA DANIELLE','AYLLON',NULL,NULL,NULL,'Asegurado',26,'CARRASCO',5,1,NULL,NULL),(1284,'SOFIA ARELY','CORTEZ',NULL,NULL,NULL,'Asegurado',26,'AÑEZ',5,1,NULL,NULL),(1285,'LAILA YALID','PATRONI',NULL,NULL,NULL,'Asegurado',26,'CALDERON',5,1,NULL,NULL),(1286,'YAZID KAMIL','PATRONI',NULL,NULL,NULL,'Asegurado',26,'CALDERON',5,1,NULL,NULL),(1287,'AMALIA CAROLINA','GUZMAN',NULL,NULL,NULL,'Asegurado',26,'CASTEDO',5,1,NULL,NULL),(1288,'LEONARDO ANDRE','GUZMAN',NULL,NULL,NULL,'Asegurado',26,'CASTEDO',5,1,NULL,NULL),(1289,'HANNA ','ACEBEY',NULL,NULL,NULL,'Asegurado',26,'MENDEZ',15,1,NULL,NULL),(1290,'HELMUT ','ACEBEY',NULL,NULL,NULL,'Asegurado',26,'MENDEZ',15,1,NULL,NULL),(1291,'MIA RAFAELA','CASTRO',NULL,NULL,NULL,'Asegurado',26,'AÑEZ',15,1,NULL,NULL),(1292,'ANTHONELLA ','AGUILERA',NULL,NULL,NULL,'Asegurado',26,'TORREZ',15,1,NULL,NULL),(1293,'RAPHAELLA ','AGUILERA',NULL,NULL,NULL,'Asegurado',26,'TORREZ',15,1,NULL,NULL),(1294,'NICOLAS ','AGUILERA',NULL,NULL,NULL,'Asegurado',26,'TORREZ',15,1,NULL,NULL),(1295,'FLORENCIA ','VASQUEZ',NULL,NULL,NULL,'Asegurado',26,'SUAREZ',15,1,NULL,NULL),(1296,'SAMUEL SANTIAGO','MALDONADO',NULL,NULL,NULL,'Asegurado',26,'ANDRADE',5,1,NULL,NULL),(1297,'LIA ','BAUTISTA',NULL,NULL,NULL,'Asegurado',26,'BALDELOMAR',11,1,NULL,NULL),(1298,'EITHON LIAM','RODRIGUEZ',NULL,NULL,NULL,'Asegurado',26,'SAUCEDO',11,1,NULL,NULL),(1299,'ETHAM GABRIEL','CABEZAS',NULL,NULL,NULL,'Asegurado',26,'HURTADO',11,1,NULL,NULL),(1300,'ROMYN ALESSANDRA','CABEZAS',NULL,NULL,NULL,'Asegurado',26,'HURTADO',11,1,NULL,NULL),(1301,'SANTIAGO MATTHEW','IBAÑEZ',NULL,NULL,NULL,'Asegurado',26,'ARANDIA',11,1,NULL,NULL),(1302,'AGUSTIN ','JUSTINIANO',NULL,NULL,NULL,'Asegurado',26,'PAREDES',11,1,NULL,NULL),(1303,'ANTONELLA ','PINTO',NULL,NULL,NULL,'Asegurado',26,'GARCIA',11,1,NULL,NULL),(1304,'AGUSTINA ','BASCOPE',NULL,NULL,NULL,'Asegurado',26,'IBARGUEN',11,1,NULL,NULL),(1305,'FERNANDA ','BANEGAS',NULL,NULL,NULL,'Asegurado',26,'SUMOYA',11,1,NULL,NULL),(1306,'MILENA ANGELICA','GRIMI',NULL,NULL,NULL,'Asegurado',26,'ACHA',11,1,NULL,NULL),(1307,'CESAR ','MALDONADO',NULL,NULL,NULL,'Asegurado',26,'CABALLERO',11,1,NULL,NULL),(1308,'ARLET ','MEZA',NULL,NULL,NULL,'Asegurado',26,'WEBER',11,1,NULL,NULL),(1309,'BIANCA VICTORIA','MICHEL',NULL,NULL,NULL,'Asegurado',26,'AGUIRRE',11,1,NULL,NULL),(1310,'RODRIGO ','MONTAÑO',NULL,NULL,NULL,'Asegurado',26,'PEREIRA',11,1,NULL,NULL),(1311,'FARID ','PADILLA',NULL,NULL,NULL,'Asegurado',26,'DIAZ',11,1,NULL,NULL),(1312,'MURO MANUEL','PADILLA',NULL,NULL,NULL,'Asegurado',26,'FERNANDEZ',11,1,NULL,NULL),(1313,'RAFAEL ','PALACIOS',NULL,NULL,NULL,'Asegurado',26,'FARELL',11,1,NULL,NULL),(1314,'RODOLFO ','PEREZ',NULL,NULL,NULL,'Asegurado',26,'PEÑAFIEL',11,1,NULL,NULL),(1315,'LUCIA ','ALVAREZ',NULL,NULL,NULL,'Asegurado',26,'GONZALES',11,1,NULL,NULL),(1316,'EMILIANO ','AÑEZ',NULL,NULL,NULL,'Asegurado',26,'EGUEZ',11,1,NULL,NULL),(1317,'LUIS GUSTAVO','ARANA',NULL,NULL,NULL,'Asegurado',26,'NOGALES',11,1,NULL,NULL),(1318,'MIKAELLA ','AZURDUY',NULL,NULL,NULL,'Asegurado',26,'MENACHO',11,1,NULL,NULL),(1319,'CAMILA BELEN','DAVALOS',NULL,NULL,NULL,'Asegurado',26,'CUETO',11,1,NULL,NULL),(1320,'FABRICIO ','JUSTINIANO',NULL,NULL,NULL,'Asegurado',26,'PAREDES',11,1,NULL,NULL),(1321,'ZAID RAUL','LOPEZ',NULL,NULL,NULL,'Asegurado',26,'GONZALES',11,1,NULL,NULL),(1322,'VALENTINA NIKOLE','PAZ',NULL,NULL,NULL,'Asegurado',26,'CARDONA',11,1,NULL,NULL),(1323,'LUCIANA NICOL','BARRIENTOS',NULL,NULL,NULL,'Asegurado',26,'HEREDIA',11,1,NULL,NULL),(1324,'THAINARA ','DIEZ',NULL,NULL,NULL,'Asegurado',26,'GALEAN',11,1,NULL,NULL),(1325,'LEANDRO ','FUENTES',NULL,NULL,NULL,'Asegurado',26,'LOPEZ',11,1,NULL,NULL),(1326,'LUCAS DAMIAN','PEDRAZA',NULL,NULL,NULL,'Asegurado',26,'GARCIA',11,1,NULL,NULL),(1327,'GIGI CATALINA','PELLEGRINI',NULL,NULL,NULL,'Asegurado',26,'TUPA',11,1,NULL,NULL),(1328,'ROBERT PASCUAL','RIVAS',NULL,NULL,NULL,'Asegurado',26,'MELGAR',11,1,NULL,NULL),(1329,'RONY ','WESTERMANN',NULL,NULL,NULL,'Asegurado',26,'MOJICA',11,1,NULL,NULL),(1330,'MARIA JOSE','AÑEZ',NULL,NULL,NULL,'Asegurado',26,'EGUEZ',11,1,NULL,NULL),(1331,'ZOE NICOL','BASCOPE',NULL,NULL,NULL,'Asegurado',26,'HINOJOSA',11,1,NULL,NULL),(1332,'RENATO MATEO','CASTILLO',NULL,NULL,NULL,'Asegurado',26,'YEPEZ',11,1,NULL,NULL),(1333,'MAURO LUCAS','CENTURION',NULL,NULL,NULL,'Asegurado',26,'TORRICO',11,1,NULL,NULL),(1334,'FABRICIO ','FARELL',NULL,NULL,NULL,'Asegurado',26,'MARISCAL',11,1,NULL,NULL),(1335,'RAUL MATEO','LOPEZ',NULL,NULL,NULL,'Asegurado',26,'GONZALES',11,1,NULL,NULL),(1336,'JORGE DAVID','PEÑA',NULL,NULL,NULL,'Asegurado',26,'PESSOA',11,1,NULL,NULL),(1337,'LEANDRO ','SILES',NULL,NULL,NULL,'Asegurado',26,'HERRERA',11,1,NULL,NULL),(1338,'GILBERT ','COLQUE',NULL,NULL,NULL,'Asegurado',26,'VALVERDE',11,1,NULL,NULL),(1339,'LEONOR OLGA','FERNANDEZ',NULL,NULL,NULL,'Asegurado',26,'FLORES',11,1,NULL,NULL),(1340,'THIAGO ','FUENTES',NULL,NULL,NULL,'Asegurado',26,'WARNES',11,1,NULL,NULL),(1341,'SANTIAGO ','GARCIA',NULL,NULL,NULL,'Asegurado',26,'MONTAÑO',11,1,NULL,NULL),(1342,'ABIGAIL ','GONZALES',NULL,NULL,NULL,'Asegurado',26,'MONTAÑO',11,1,NULL,NULL),(1343,'BRIANA YISEL','GUEVARA',NULL,NULL,NULL,'Asegurado',26,'BRUNO',11,1,NULL,NULL),(1344,'JOSE MIGUEL','HERBAS',NULL,NULL,NULL,'Asegurado',26,'NOVA',11,1,NULL,NULL),(1345,'CIBEL ','PLAZA',NULL,NULL,NULL,'Asegurado',26,'MOTA',11,1,NULL,NULL),(1346,'NICOLAS ','PLAZA',NULL,NULL,NULL,'Asegurado',26,'MOTA',11,1,NULL,NULL),(1347,'LUCAS ENOC','SUAREZ',NULL,NULL,NULL,'Asegurado',26,'CANIZARES',11,1,NULL,NULL),(1348,'WILSON JHAEL','TORDOYA',NULL,NULL,NULL,'Asegurado',26,'MORON',11,1,NULL,NULL),(1349,'GABRIELA ','BASCOPE',NULL,NULL,NULL,'Asegurado',26,'IBARGUEN',11,1,NULL,NULL),(1350,'FABIAN ','CANAVIRI',NULL,NULL,NULL,'Asegurado',26,'MAMANI',11,1,NULL,NULL),(1351,'SANTIAGO ','CARDENAS',NULL,NULL,NULL,'Asegurado',26,'GIL',11,1,NULL,NULL),(1352,'SANTIAGO ALEXANDER','ESPINOZA',NULL,NULL,NULL,'Asegurado',26,'VOCAL',11,1,NULL,NULL),(1353,'ISABELLA CELESTE','PELLEGRINI',NULL,NULL,NULL,'Asegurado',26,'TUPA',11,1,NULL,NULL),(1354,'BUBBY PATRICK','SEAS',NULL,NULL,NULL,'Asegurado',26,'GARCIA',11,1,NULL,NULL),(1355,'MAURICIO ','SOLIZ',NULL,NULL,NULL,'Asegurado',26,'LIMON',11,1,NULL,NULL),(1356,'BERMAN FRANCO','ARREDONDO',NULL,NULL,NULL,'Asegurado',26,'MORENO',11,1,NULL,NULL),(1357,'MARIANA ','BANEGAS',NULL,NULL,NULL,'Asegurado',26,'SUMOYA',11,1,NULL,NULL),(1358,'CLAUDIO MATIAS','CENTURION',NULL,NULL,NULL,'Asegurado',26,'TORRICO',11,1,NULL,NULL),(1359,'RAUL ERNESTO','FERNANDEZ',NULL,NULL,NULL,'Asegurado',26,'FLORES',11,1,NULL,NULL),(1360,'YAZID ','MEZA',NULL,NULL,NULL,'Asegurado',26,'WEBER',11,1,NULL,NULL),(1361,'ANAMARIS ','PAREDES',NULL,NULL,NULL,'Asegurado',26,'SATTORI',11,1,NULL,NULL),(1362,'ANALIA ','RAMOS',NULL,NULL,NULL,'Asegurado',26,'HERRERA',11,1,NULL,NULL),(1363,'FACUNDO DANIEL','RIOJA',NULL,NULL,NULL,'Asegurado',26,'SANABRIA',11,1,NULL,NULL),(1364,'LUCAS ','WESTERMANN',NULL,NULL,NULL,'Asegurado',26,'MOJICA',11,1,NULL,NULL),(1365,'SEBASTIAN JESUS','ZABALA',NULL,NULL,NULL,'Asegurado',26,'MUÑOZ',11,1,NULL,NULL),(1366,'BRUNO DAVID','BANEGAS',NULL,NULL,NULL,'Asegurado',26,'ARAUZ',11,1,NULL,NULL),(1367,'JOAQUINA ','CONTRERAS',NULL,NULL,NULL,'Asegurado',26,'ARTEAGA',11,1,NULL,NULL),(1368,'ADRIAN MATIAS','ESPINOZA',NULL,NULL,NULL,'Asegurado',26,'MORENO',11,1,NULL,NULL),(1369,'GABRIELA ','GALLARDO',NULL,NULL,NULL,'Asegurado',26,'SANDI',11,1,NULL,NULL),(1370,'MELISSA ','GANDARILLA',NULL,NULL,NULL,'Asegurado',26,'MEDRANO',11,1,NULL,NULL),(1371,'MELANIE ','MANSILLA',NULL,NULL,NULL,'Asegurado',26,'MENDIETA',11,1,NULL,NULL),(1372,'CAMILA ','OVANDO',NULL,NULL,NULL,'Asegurado',26,'GUZMAN',11,1,NULL,NULL),(1373,'MARIANA ','QUIROGA',NULL,NULL,NULL,'Asegurado',26,'GARCIA',11,1,NULL,NULL),(1374,'SARAH ANGELINE','RONDANO',NULL,NULL,NULL,'Asegurado',26,'OXA',11,1,NULL,NULL),(1375,'SEBASTIAN ALEXANDRO','ALANEZ',NULL,NULL,NULL,'Asegurado',26,'HEREDIA',11,1,NULL,NULL),(1376,'SARIANY ','ARDAYA',NULL,NULL,NULL,'Asegurado',26,'BONILLA',11,1,NULL,NULL),(1377,'MATEO ','ARDAYA',NULL,NULL,NULL,'Asegurado',26,'SALVATIERRA',11,1,NULL,NULL),(1378,'CAMILA DANAE','BARRAL',NULL,NULL,NULL,'Asegurado',26,'CARDENAS',11,1,NULL,NULL),(1379,'MEL YURY','BAUTISTA',NULL,NULL,NULL,'Asegurado',26,'BALDELOMAR',11,1,NULL,NULL),(1380,'CESAR FREDDY','CARBALLO',NULL,NULL,NULL,'Asegurado',26,'FRANCO',11,1,NULL,NULL),(1381,'VALENTINA ','CESPEDES',NULL,NULL,NULL,'Asegurado',26,'MENDOZA',11,1,NULL,NULL),(1382,'OLIVIA ','CORONADO',NULL,NULL,NULL,'Asegurado',26,'CESPEDES',11,1,NULL,NULL),(1383,'LESLIE VALENTINA','ESCALANTE',NULL,NULL,NULL,'Asegurado',26,'PAZ',11,1,NULL,NULL),(1384,'FABIANA ','FARELL',NULL,NULL,NULL,'Asegurado',26,'MARISCAL',11,1,NULL,NULL),(1385,'FABIANA ANAHI','FUENTES',NULL,NULL,NULL,'Asegurado',26,'WARNES',11,1,NULL,NULL),(1386,'ENRIQUE ','GUERRERO',NULL,NULL,NULL,'Asegurado',26,'DOBRITOIU',11,1,NULL,NULL),(1387,'BEL ALEJANDRA','MORALES',NULL,NULL,NULL,'Asegurado',26,'RAMOS',11,1,NULL,NULL),(1388,'JACOB MAXIMO','NOVILLO',NULL,NULL,NULL,'Asegurado',26,'CLAURE',11,1,NULL,NULL),(1389,'LETICIA ','RAMOS',NULL,NULL,NULL,'Asegurado',26,'HERRERA',11,1,NULL,NULL),(1390,'MARIA JOSE','ROJAS',NULL,NULL,NULL,'Asegurado',26,'VELASCO',11,1,NULL,NULL),(1391,'CAMILA ','SALAS',NULL,NULL,NULL,'Asegurado',26,'TERAN',11,1,NULL,NULL),(1392,'EZEQUIEL FREDDY','SEGALES',NULL,NULL,NULL,'Asegurado',26,'TEJERINA',11,1,NULL,NULL),(1393,'NAOMY ','SOLIZ',NULL,NULL,NULL,'Asegurado',26,'LIMON',11,1,NULL,NULL),(1394,'BRANDON CRISTIAN','SOLIZ',NULL,NULL,NULL,'Asegurado',26,'MIRANDA',11,1,NULL,NULL),(1395,'VALENTINA ','TORRICO',NULL,NULL,NULL,'Asegurado',26,'VASQUEZ',11,1,NULL,NULL),(1396,'YOUSEFF JHONATAN HASIEL','TRUJILLO',NULL,NULL,NULL,'Asegurado',26,'FUENTES',11,1,NULL,NULL),(1397,'NESTOR JOSE','AGUILAR',NULL,NULL,NULL,'Asegurado',26,'CHOQUE',11,1,NULL,NULL),(1398,'FABIANA ','AÑEZ',NULL,NULL,NULL,'Asegurado',26,'VACA',11,1,NULL,NULL),(1399,'MATEO GABRIEL','BARRAL',NULL,NULL,NULL,'Asegurado',26,'CARDENAS',11,1,NULL,NULL),(1400,'YHOANNA ','CLAROS',NULL,NULL,NULL,'Asegurado',26,'GONZALES',11,1,NULL,NULL),(1401,'MATIAS ','DAZA',NULL,NULL,NULL,'Asegurado',26,'LORA',5,1,NULL,NULL),(1402,'ANANDA SOFIA','DIEZ',NULL,NULL,NULL,'Asegurado',26,'GALEAN',11,1,NULL,NULL),(1403,'ADRIAN ','SANDOVAL',NULL,NULL,NULL,'Asegurado',26,'MONTAÑO',5,1,NULL,NULL),(1404,'SANTIAGO MATIAS','FERRUFINO',NULL,NULL,NULL,'Asegurado',26,'CANIZARES',11,1,NULL,NULL),(1405,'NOELIA FABIANA','GONZALES',NULL,NULL,NULL,'Asegurado',26,'CHIRI',11,1,NULL,NULL),(1406,'MARIA JOSE','GUTIERREZ',NULL,NULL,NULL,'Asegurado',26,'AGUILERA',11,1,NULL,NULL),(1407,'IRIA BRENDA','IRAZOQUE',NULL,NULL,NULL,'Asegurado',26,'IACOB',11,1,NULL,NULL),(1408,'ANTHONETH BRISEIS','MARZA',NULL,NULL,NULL,'Asegurado',26,'GARCIA',11,1,NULL,NULL),(1409,'ELANIE ','OVANDO',NULL,NULL,NULL,'Asegurado',26,'GUZMAN',11,1,NULL,NULL),(1410,'MIKAEL MATIAS','QUIROGA',NULL,NULL,NULL,'Asegurado',26,'GARCIA',11,1,NULL,NULL),(1411,'PAULA TALIANA','TORDOYA',NULL,NULL,NULL,'Asegurado',26,'MORON',11,1,NULL,NULL),(1412,'GABRIEL ','VARGAS',NULL,NULL,NULL,'Asegurado',26,'ANTELO',11,1,NULL,NULL),(1413,'SARA ','ALDANA',NULL,NULL,NULL,'Asegurado',26,'MONTENEGRO',11,1,NULL,NULL),(1414,'ALISON ','CANAVIRI',NULL,NULL,NULL,'Asegurado',26,'MAMANI',11,1,NULL,NULL),(1415,'LUCIA ','CORONADO',NULL,NULL,NULL,'Asegurado',26,'CESPEDES',11,1,NULL,NULL),(1416,'LUCIANA GENNY','ESCALANTE',NULL,NULL,NULL,'Asegurado',26,'PAZ',11,1,NULL,NULL),(1417,'RODRIGO ','FUENTES',NULL,NULL,NULL,'Asegurado',26,'LOPEZ',11,1,NULL,NULL),(1418,'YUDI NICOLE','GRAGEDA',NULL,NULL,NULL,'Asegurado',26,'ROJAS',11,1,NULL,NULL),(1419,'SOFIA MARCELA','MANRIQUE',NULL,NULL,NULL,'Asegurado',26,'RIVERO',11,1,NULL,NULL),(1420,'NATALIA ANDREA','PADILLA',NULL,NULL,NULL,'Asegurado',26,'TORRICO',11,1,NULL,NULL),(1421,'ARIANE ','SALMON',NULL,NULL,NULL,'Asegurado',26,'MORALES',11,1,NULL,NULL),(1422,'ANDRY ','TORRICO',NULL,NULL,NULL,'Asegurado',26,'TAPIA',11,1,NULL,NULL),(1423,'SHEYLA BRIGUITTE','AVALOS',NULL,NULL,NULL,'Asegurado',26,'MACHUA',11,1,NULL,NULL),(1424,'JESUS LUIS','CAMPBELL',NULL,NULL,NULL,'Asegurado',26,'MENACHO',11,1,NULL,NULL),(1425,'MARIA PAULA','DONADO',NULL,NULL,NULL,'Asegurado',26,'RUEDA',11,1,NULL,NULL),(1426,'FABIANA ','GUTIERREZ',NULL,NULL,NULL,'Asegurado',26,'AGUILERA',11,1,NULL,NULL),(1427,'GABRIEL OMAR','MONTAÑO',NULL,NULL,NULL,'Asegurado',26,'VILLAGOMEZ',11,1,NULL,NULL),(1428,'JORGE SANTIAGO','NORIEGA',NULL,NULL,NULL,'Asegurado',26,'MOSTAJO',11,1,NULL,NULL),(1429,'JAVIER ANDRES','PALACIOS',NULL,NULL,NULL,'Asegurado',26,'FARELL',11,1,NULL,NULL),(1430,'LUCIA LIS','ROJAS',NULL,NULL,NULL,'Asegurado',26,'HUANDIA',11,1,NULL,NULL),(1431,'CARLA ANDREA','TORDOYA',NULL,NULL,NULL,'Asegurado',26,'MORON',11,1,NULL,NULL),(1432,'ANAHI ','VARGAS',NULL,NULL,NULL,'Asegurado',26,'MENDOZA',5,1,NULL,NULL),(1433,'LETIZIA ','VARGAS',NULL,NULL,NULL,'Asegurado',26,'MENDOZA',5,1,NULL,NULL),(1434,'AMY VALENTINA','VILLAZON',NULL,NULL,NULL,'Asegurado',26,'ACOSTA',5,1,NULL,NULL),(1435,'NICOLAS ','REYES',NULL,NULL,NULL,'Asegurado',26,'ROCABADO',12,1,NULL,NULL),(1436,'DEIVI DIOGO','OLIVERA',NULL,NULL,NULL,'Asegurado',26,'GUTIERREZ',11,1,NULL,NULL),(1437,'CARLOS MAURICIO','SILES',NULL,NULL,NULL,'Asegurado',26,'ROCA',11,1,NULL,NULL),(1438,'MARIA VALENTINA','ZAMBRANA',NULL,NULL,NULL,'Asegurado',26,'CESPEDES',11,1,NULL,NULL),(1439,'MARIA FERNANDA','CORNEJO',NULL,NULL,NULL,'Asegurado',26,'CABRERA',5,1,NULL,NULL),(1440,'KARLA GABRIELA','SALVATIERRA',NULL,NULL,NULL,'Asegurado',26,'ARTEAGA',5,1,NULL,NULL),(1441,'DANIA CAMILA','CASTRO',NULL,NULL,NULL,'Asegurado',26,'SALVATIERRA',12,1,NULL,NULL),(1442,'RICARDO ','PEÑA',NULL,NULL,NULL,'Asegurado',26,'JALDIN',11,1,NULL,NULL),(1443,'ALESSIA ','BALCAZAR',NULL,NULL,NULL,'Asegurado',26,'VACA',5,1,NULL,NULL),(1444,'MARIO ','BALCAZAR',NULL,NULL,NULL,'Asegurado',26,'VACA',5,1,NULL,NULL),(1445,'MICHELLE ALEJANDRA','ACEBO',NULL,NULL,NULL,'Asegurado',26,'VARGAS',12,1,NULL,NULL),(1446,'BRYANNA ALEXA','ACEBO',NULL,NULL,NULL,'Asegurado',26,'VARGAS',12,1,NULL,NULL),(1447,'MATEO ','PAREDES',NULL,NULL,NULL,'Asegurado',26,'SOLIZ',5,1,NULL,NULL),(1448,'NICOLAS ','PAREDES',NULL,NULL,NULL,'Asegurado',26,'SOLIZ',5,1,NULL,NULL),(1449,'MIA ','ROSADO',NULL,NULL,NULL,'Asegurado',26,'SALAZAR',5,1,NULL,NULL),(1450,'CARLOS SANTIAGO','MORENO',NULL,NULL,NULL,'Asegurado',26,'CUELLAR',5,1,NULL,NULL),(1451,'ABIGAIL MELANY','LOPEZ',NULL,NULL,NULL,'Asegurado',26,'MACHICAO',5,1,NULL,NULL),(1452,'NOEMI ESTEFANY','LOPEZ',NULL,NULL,NULL,'Asegurado',26,'MACHICAO',5,1,NULL,NULL),(1453,'ALEX SANTIAGO','TORREZ',NULL,NULL,NULL,'Asegurado',26,'DOMINGUEZ',5,1,NULL,NULL),(1454,'LUIS ENRIQUE','GUTIERREZ',NULL,NULL,NULL,'Asegurado',26,'MACHUCA',5,1,NULL,NULL),(1455,'MATIAS LEANDRO','GUTIERREZ',NULL,NULL,NULL,'Asegurado',26,'MACHUCA',5,1,NULL,NULL),(1456,'VALENTINA ','GALARZA',NULL,NULL,NULL,'Asegurado',26,'GIANELLA',5,1,NULL,NULL),(1457,'VICTOR JOSE','ARANA',NULL,NULL,NULL,'Asegurado',26,'VASQUEZ',12,1,NULL,NULL),(1458,'JUAN PABLO','GARCIA',NULL,NULL,NULL,'Asegurado',26,'LEON',11,1,NULL,NULL),(1459,'DANA CAROLA','HURTADO',NULL,NULL,NULL,'Asegurado',26,'MENDEZ',5,1,NULL,NULL),(1460,'JORGE DANIEL','HURTADO',NULL,NULL,NULL,'Asegurado',26,'MENDEZ',5,1,NULL,NULL),(1461,'MAURO ','SOTOMAYOR',NULL,NULL,NULL,'Asegurado',26,'ARANIBAR',5,1,NULL,NULL),(1462,'NELSON MATTEO','INOFUENTES',NULL,NULL,NULL,'Asegurado',26,'RIVERO',5,1,NULL,NULL),(1463,'VALENTINA ','MARTINEZ',NULL,NULL,NULL,'Asegurado',26,'PAZ',5,1,NULL,NULL),(1464,'JAIME JUNIOR','CAMACHO',NULL,NULL,NULL,'Asegurado',26,'TORO',5,1,NULL,NULL),(1465,'ARIANE ','GIACOMAN',NULL,NULL,NULL,'Asegurado',26,'ORSI',5,1,NULL,NULL),(1466,'ERWIN ','GIACOMAN',NULL,NULL,NULL,'Asegurado',26,'ORSI',5,1,NULL,NULL),(1467,'JOSE ALEJANDRO','CHAVEZ',NULL,NULL,NULL,'Asegurado',26,'TEJERINA',5,1,NULL,NULL),(1468,'MATEO IGNACIO','ZAPATA',NULL,NULL,NULL,'Asegurado',26,'SALGUERO',5,1,NULL,NULL),(1469,'CESAR ARTURO','SARAVIA',NULL,NULL,NULL,'Asegurado',26,'YEPEZ',12,1,NULL,NULL),(1470,'EMANUEL ASAF','FLORES',NULL,NULL,NULL,'Asegurado',26,'CONDE',5,1,NULL,NULL),(1471,'JOHANN ','FLORES',NULL,NULL,NULL,'Asegurado',26,'CONDE',5,1,NULL,NULL),(1472,'JOSE ANDRES','SALAS',NULL,NULL,NULL,'Asegurado',26,'SAUCEDO',5,1,NULL,NULL),(1473,'FABIAN ','SARAVIA',NULL,NULL,NULL,'Asegurado',26,'YEPEZ',12,1,NULL,NULL),(1474,'BARCO MIA ISABELLA','ALEMAN',NULL,NULL,NULL,'Asegurado',26,'DEL',5,1,NULL,NULL),(1475,'BARCO RAFAELLA','ALEMAN',NULL,NULL,NULL,'Asegurado',26,'DEL',5,1,NULL,NULL),(1476,'ASAEL GABRIEL','JURADO',NULL,NULL,NULL,'Asegurado',26,'FERNANDEZ',5,1,NULL,NULL),(1477,'DARIANA KARIAN','JURADO',NULL,NULL,NULL,'Asegurado',26,'FERNANDEZ',5,1,NULL,NULL),(1478,'CARLOS JAVIER','DE LA FUENTE',NULL,NULL,NULL,'Asegurado',26,'BLANCO',6,1,NULL,NULL),(1479,'CARLOS DANIEL','SARAVIA',NULL,NULL,NULL,'Asegurado',26,'YEPEZ',12,1,NULL,NULL),(1480,'SANTIAGO ','ANTELO',NULL,NULL,NULL,'Asegurado',26,'MERCADO',12,1,NULL,NULL),(1481,'BIANCA ','VILLARROEL',NULL,NULL,NULL,'Asegurado',26,'BURKE',15,1,NULL,NULL),(1482,'FRANCO ','VILLARROEL',NULL,NULL,NULL,'Asegurado',26,'BURKE',15,1,NULL,NULL),(1483,'MIA ','VILLARROEL',NULL,NULL,NULL,'Asegurado',26,'BURKE',15,1,NULL,NULL),(1484,'MARIA FERNANDA','PANIAGUA',NULL,NULL,NULL,'Asegurado',26,'VIA',12,1,NULL,NULL),(1485,'TIAGO ','PANIAGUA',NULL,NULL,NULL,'Asegurado',26,'VIA',12,1,NULL,NULL),(1486,'MATIAS ','APARICIO',NULL,NULL,NULL,'Asegurado',26,'MONTERO',5,1,NULL,NULL),(1487,'ALESSANDRA RUBI','ORTIZ',NULL,NULL,NULL,'Asegurado',26,'SUAREZ',5,1,NULL,NULL),(1488,'ANGELINA ESMERALDA','ORTIZ',NULL,NULL,NULL,'Asegurado',26,'SUAREZ',5,1,NULL,NULL),(1489,'JENNIFER YUVINKA','LOPEZ',NULL,NULL,NULL,'Asegurado',26,'QUIROZ',5,1,NULL,NULL),(1490,'JUAN FRANCISCO','RUIZ',NULL,NULL,NULL,'Asegurado',26,'ZURITA',12,1,NULL,NULL),(1491,'MATEO ','JIMENEZ',NULL,NULL,NULL,'Asegurado',26,'BORGES',5,1,NULL,NULL),(1492,'KEVIN ALEXIS','ORTIZ',NULL,NULL,NULL,'Asegurado',26,'SUAREZ',5,1,NULL,NULL),(1493,'EMILY AITANA','MONTERO',NULL,NULL,NULL,'Asegurado',26,'RIVAS',11,1,NULL,NULL),(1494,'MARIA FERNANDA','QUINTEROS',NULL,NULL,NULL,'Asegurado',26,'AYLLON',5,1,NULL,NULL),(1495,'ISABELLA ','CUELLAR',NULL,NULL,NULL,'Asegurado',26,'SUAREZ',5,1,NULL,NULL),(1496,'ANDREA ','ARAMAYO',NULL,NULL,NULL,'Asegurado',26,'CLAVIJO',5,1,NULL,NULL),(1497,'DIEGO ALEJANDRO','ARAMAYO',NULL,NULL,NULL,'Asegurado',26,'CLAVIJO',5,1,NULL,NULL),(1498,'KENYA SOFIA','AYALA',NULL,NULL,NULL,'Asegurado',26,'VALVERDE',5,1,NULL,NULL),(1499,'MARIANA ','MOLINA',NULL,NULL,NULL,'Asegurado',26,'CABRERA',5,1,NULL,NULL),(1500,'MIEL ARIANNE','TOLEDO',NULL,NULL,NULL,'Asegurado',26,'AYALA',5,1,NULL,NULL),(1501,'REYNALDO ','PIZARRO',NULL,NULL,NULL,'Asegurado',26,'FLORES',5,1,NULL,NULL),(1502,'FABIANA ','CHECA',NULL,NULL,NULL,'Asegurado',26,'CASA',5,1,NULL,NULL),(1503,'DIANA FLAVIA','PEREZ',NULL,NULL,NULL,'Asegurado',26,'GRAJEDA',5,1,NULL,NULL),(1504,'MARIA ISABEL','MENDOZA',NULL,NULL,NULL,'Asegurado',26,'PEREZ CHACON',5,1,NULL,NULL),(1505,'AARON ','ECHALAR',NULL,NULL,NULL,'Asegurado',26,'YUCRA',15,1,NULL,NULL),(1506,'ARIANA LUANA','MENDOZA',NULL,NULL,NULL,'Asegurado',26,'MONTENEGRO',5,1,NULL,NULL),(1507,'JOSE NATHAN','MAGNE',NULL,NULL,NULL,'Asegurado',26,'MELGAR',5,1,NULL,NULL),(1508,'VANIA ','TORREZ',NULL,NULL,NULL,'Asegurado',26,'DOMINGUEZ',5,1,NULL,NULL),(1509,'MATEO FELIX','FLORES',NULL,NULL,NULL,'Asegurado',26,'HINOJOSA',5,1,NULL,NULL),(1510,'MARIA LAURA','TORREZ',NULL,NULL,NULL,'Asegurado',26,'TORO',5,1,NULL,NULL),(1511,'LUCIANA ','CANIDO',NULL,NULL,NULL,'Asegurado',26,'FERNANDEZ',5,1,NULL,NULL),(1512,'MARIA JOSE','TORREZ',NULL,NULL,NULL,'Asegurado',26,'TORO',5,1,NULL,NULL),(1513,'ANDREA RAQUEL','TORREZ',NULL,NULL,NULL,'Asegurado',26,'TORO',5,1,NULL,NULL),(1514,'FABIANA BELEN','WENDE',NULL,NULL,NULL,'Asegurado',26,'GALVIS',5,1,NULL,NULL),(1515,'PAULO CESAR','JUSTINIANO',NULL,NULL,NULL,'Asegurado',26,'SOTELO',5,1,NULL,NULL),(1516,'MIGUEL ','PINTO',NULL,NULL,NULL,'Asegurado',26,'SCHEIDL',5,1,NULL,NULL),(1517,'ANAHI ','PINTO',NULL,NULL,NULL,'Asegurado',26,'SCHEIDL',5,1,NULL,NULL),(1518,'GABRIEL EDUARDO','CHUMACERO',NULL,NULL,NULL,'Asegurado',26,'SCHEIDL',5,1,NULL,NULL),(1519,'JOSE MARIA','CHUMACERO',NULL,NULL,NULL,'Asegurado',26,'SCHEIDL',5,1,NULL,NULL),(1520,'LUANA PAOLA','VACA',NULL,NULL,NULL,'Asegurado',26,'CAMPOS',5,1,NULL,NULL),(1521,'CHRISTIAN ','CENTELLAS',NULL,NULL,NULL,'Asegurado',26,'CORONADO',5,1,NULL,NULL),(1522,'MATIAS ','ORELLANA',NULL,NULL,NULL,'Asegurado',26,'ALDUNATE',5,1,NULL,NULL),(1523,'HAROLD GABRIEL','ROSAS',NULL,NULL,NULL,'Asegurado',26,'ESCOBAR',5,1,NULL,NULL),(1524,'MATEO NICOLAS','ROSAS',NULL,NULL,NULL,'Asegurado',26,'ESCOBAR',5,1,NULL,NULL),(1525,'FRANCISCO ','MORALES',NULL,NULL,NULL,'Asegurado',26,'CANAZA',5,1,NULL,NULL),(1526,'NATALIA ','MONTAÑO',NULL,NULL,NULL,'Asegurado',26,'ANIVARRO',5,1,NULL,NULL),(1527,'SOFIA LEONOR','ECHEVERRIA',NULL,NULL,NULL,'Asegurado',26,'VIEIRA',5,1,NULL,NULL),(1528,'SUANNY ','JURADO',NULL,NULL,NULL,'Asegurado',26,'SUAREZ',5,1,NULL,NULL),(1529,'HUGO RAFAEL','ZUÑIGA',NULL,NULL,NULL,'Asegurado',26,'DAZA',5,1,NULL,NULL),(1530,'LEANDRO ','TOLEDO',NULL,NULL,NULL,'Asegurado',26,'VALVERDE',5,1,NULL,NULL),(1531,'NAZARET ','GONZALES',NULL,NULL,NULL,'Asegurado',26,'MOSCOSO',5,1,NULL,NULL),(1532,'LUCIANA ','SOLIZ',NULL,NULL,NULL,'Asegurado',26,'OPORTO',5,1,NULL,NULL),(1533,'CRISTIAN ANDERSON','RIVERO',NULL,NULL,NULL,'Asegurado',26,'MIRANDA',5,1,NULL,NULL),(1534,'ALEJANDRA SOLANGE','ARNEZ',NULL,NULL,NULL,'Asegurado',26,'MAYTA',5,1,NULL,NULL),(1535,'ANHIA VALERIE','ARNEZ',NULL,NULL,NULL,'Asegurado',26,'MAYTA',5,1,NULL,NULL),(1536,'VALENTIN LEONARDO','ARNEZ',NULL,NULL,NULL,'Asegurado',26,'MAYTA',5,1,NULL,NULL),(1537,'ADRIAN ','ROJAS',NULL,NULL,NULL,'Asegurado',26,'BARRIOS',5,1,NULL,NULL),(1538,'BRUNO SEBASTIAN','ROJAS',NULL,NULL,NULL,'Asegurado',26,'BARRIOS',5,1,NULL,NULL),(1539,'VICTORIA ','CANIDO',NULL,NULL,NULL,'Asegurado',26,'FERNANDEZ',5,1,NULL,NULL),(1540,'JUAN PABLO','CANIDO',NULL,NULL,NULL,'Asegurado',26,'FERNANDEZ',5,1,NULL,NULL),(1541,'YAHIR ','ALVAREZ',NULL,NULL,NULL,'Asegurado',26,'EID',5,1,NULL,NULL),(1542,'FRANCISCO RENE','MORENO',NULL,NULL,NULL,'Asegurado',26,'HURTADO',5,1,NULL,NULL),(1543,'MATIAS GUSTAVO','ORELLANA',NULL,NULL,NULL,'Asegurado',26,'ZARCILLO',5,1,NULL,NULL),(1544,'CESIA DANIELA','ADRIAZOLA',NULL,NULL,NULL,'Asegurado',26,'VALVERDE',5,1,NULL,NULL),(1545,'JALIME ','HIZA',NULL,NULL,NULL,'Asegurado',26,'CALDERON',5,1,NULL,NULL),(1546,'ALBERT AARON','GARECA',NULL,NULL,NULL,'Asegurado',26,'COCA',12,1,NULL,NULL),(1547,'YARA JACKELINE','GARECA',NULL,NULL,NULL,'Asegurado',26,'COCA',12,1,NULL,NULL),(1548,'ADRIANA LIZ','CRUZ',NULL,NULL,NULL,'Asegurado',26,'FLORES',5,1,NULL,NULL),(1549,'CAMILA GISEL','CRUZ',NULL,NULL,NULL,'Asegurado',26,'FLORES',5,1,NULL,NULL),(1550,'NICOL ELIANE','CRUZ',NULL,NULL,NULL,'Asegurado',26,'FLORES',5,1,NULL,NULL),(1551,'FELICIANO ','ROMERO',NULL,NULL,NULL,'Asegurado',26,'MATIAS',5,1,NULL,NULL),(1552,'ALESSANDRO ZAYED','BENAVIDES',NULL,NULL,NULL,'Asegurado',26,'SALAZAR',5,1,NULL,NULL),(1553,'SIOMARA THAIS','BENAVIDES',NULL,NULL,NULL,'Asegurado',26,'SALAZAR',5,1,NULL,NULL),(1554,'CARLA LEIRE','TAPIA',NULL,NULL,NULL,'Asegurado',26,'MURIEL',5,1,NULL,NULL),(1555,'ALEJANDRA ISABELLA','AYALA',NULL,NULL,NULL,'Asegurado',26,'VALVERDE',5,1,NULL,NULL),(1556,'JOSE DAVID','GUTIERREZ',NULL,NULL,NULL,'Asegurado',26,'TERRAZAS',5,1,NULL,NULL),(1557,'MATEO ARTURO','IPORRE',NULL,NULL,NULL,'Asegurado',26,'SOLIZ',5,1,NULL,NULL),(1558,'LUCAS DIEGO','BARRIOS',NULL,NULL,NULL,'Asegurado',26,'ZEBALLOS',5,1,NULL,NULL),(1559,'ISABELLA ','ESPINOZA',NULL,NULL,NULL,'Asegurado',26,'TRUJILLO',5,1,NULL,NULL),(1560,'KEYRA LIZ','ECHEVERRIA',NULL,NULL,NULL,'Asegurado',26,'VIEIRA',5,1,NULL,NULL),(1561,'PAULA RENATA','VACA',NULL,NULL,NULL,'Asegurado',26,'MORALES',5,1,NULL,NULL),(1562,'SEBASTIAN ','ESCOBAR',NULL,NULL,NULL,'Asegurado',26,'PACHECO',5,1,NULL,NULL),(1563,'FABRICIO ','SALAZAR',NULL,NULL,NULL,'Asegurado',26,'FLORES',5,1,NULL,NULL),(1564,'SANTIAGO ','SALAZAR',NULL,NULL,NULL,'Asegurado',26,'FLORES',5,1,NULL,NULL),(1565,'DAYRA SOFIA','FUNES',NULL,NULL,NULL,'Asegurado',26,'JORDAN',5,1,NULL,NULL),(1566,'SIRIANE ','LEON',NULL,NULL,NULL,'Asegurado',26,'GUZMAN',5,1,NULL,NULL),(1567,'SAMUEL IGNACIO','FUNES',NULL,NULL,NULL,'Asegurado',26,'JORDAN',5,1,NULL,NULL),(1568,'DANIELA ','MONTENEGRO',NULL,NULL,NULL,'Asegurado',26,'MENDEZ',5,1,NULL,NULL),(1569,'CIELO SHEKINA','VARGAS',NULL,NULL,NULL,'Asegurado',26,'MALGOR',5,1,NULL,NULL),(1570,'SARA VALENTINA','VELASQUEZ',NULL,NULL,NULL,'Asegurado',26,'GARCIA',5,1,NULL,NULL),(1571,'THIAGO ','MOREIRA',NULL,NULL,NULL,'Asegurado',26,'VASQUEZ',5,1,NULL,NULL),(1572,'JOSE EDUARDO','ARANCIBIA',NULL,NULL,NULL,'Asegurado',26,'CABRERA',5,1,NULL,NULL),(1573,'JEREMIAS VICTOR','JANCO',NULL,NULL,NULL,'Asegurado',26,'BISPO',5,1,NULL,NULL),(1574,'SARA ELIAVID','JANCO',NULL,NULL,NULL,'Asegurado',26,'BISPO',5,1,NULL,NULL),(1575,'FRANCO MAURICIO','SANCHEZ',NULL,NULL,NULL,'Asegurado',26,'VELASCO',5,1,NULL,NULL),(1576,'PILAR RAFAELA','SANCHEZ',NULL,NULL,NULL,'Asegurado',26,'VELASCO',5,1,NULL,NULL),(1577,'MIA ','PALAVECINO',NULL,NULL,NULL,'Asegurado',26,'HURTADO',5,1,NULL,NULL),(1578,'PABLO ','ASIN',NULL,NULL,NULL,'Asegurado',26,'ROCA',5,1,NULL,NULL),(1579,'NAZARENA ','NUÑEZ',NULL,NULL,NULL,'Asegurado',26,'CORREA',5,1,NULL,NULL),(1580,'MICAELA ','CHOQUE',NULL,NULL,NULL,'Asegurado',26,'PADILLA',5,1,NULL,NULL),(1581,'EDUARDO ','RIVAS',NULL,NULL,NULL,'Asegurado',26,'PANIAGUA',5,1,NULL,NULL),(1582,'FERNANDA ','MENDIA',NULL,NULL,NULL,'Asegurado',26,'GUZMAN',5,1,NULL,NULL),(1583,'AARON ALEX','ARROYO',NULL,NULL,NULL,'Asegurado',26,'MENDIZADA',5,1,NULL,NULL),(1584,'LEONARDO ','ARROYO',NULL,NULL,NULL,'Asegurado',26,'MENDIZADA',5,1,NULL,NULL),(1585,'EMILY ','ESCOBAR',NULL,NULL,NULL,'Asegurado',26,'YI',5,1,NULL,NULL),(1586,'YUMMY ','ESCOBAR',NULL,NULL,NULL,'Asegurado',26,'YI',5,1,NULL,NULL),(1587,'MAURICIO ','MEDELLIN',NULL,NULL,NULL,'Asegurado',26,'VELA',5,1,NULL,NULL),(1588,'SAMANTA ','FERNANDEZ',NULL,NULL,NULL,'Asegurado',26,'CORDERO',5,1,NULL,NULL),(1589,'MELISSA SOPHIA','LINO',NULL,NULL,NULL,'Asegurado',26,'ALBA',12,1,NULL,NULL),(1590,'EMERSON ALESHANDRE','HERBAS',NULL,NULL,NULL,'Asegurado',26,'OJEDA',12,1,NULL,NULL),(1591,'MARIA FERNANDA','SANCHEZ',NULL,NULL,NULL,'Asegurado',26,'ARCIENEGA',5,1,NULL,NULL),(1592,'LEONARDO ALIO','RIVERO',NULL,NULL,NULL,'Asegurado',26,'PACHECO',5,1,NULL,NULL),(1593,'CESAR ELIAS','CASTRO',NULL,NULL,NULL,'Asegurado',26,'ROCA',5,1,NULL,NULL),(1594,'LUCAS ','CASTRO',NULL,NULL,NULL,'Asegurado',26,'ROCA',5,1,NULL,NULL),(1595,'AMY MARIANA','HUANCA',NULL,NULL,NULL,'Asegurado',26,'TERCEROS',5,1,NULL,NULL),(1596,'FRANCISCO ','HUANCA',NULL,NULL,NULL,'Asegurado',26,'TERCEROS',5,1,NULL,NULL),(1597,'NOELIA ','PARRAGA',NULL,NULL,NULL,'Asegurado',26,'VACA',5,1,NULL,NULL),(1598,'MARIO EDUARDO','CAMACHO',NULL,NULL,NULL,'Asegurado',26,'JAMES',12,1,NULL,NULL),(1599,'NICOLAS ','CAMACHO',NULL,NULL,NULL,'Asegurado',26,'JAMES',12,1,NULL,NULL),(1600,'MERY LAUREN','SOZA',NULL,NULL,NULL,'Asegurado',26,'RODRIGUEZ',5,1,NULL,NULL),(1601,'ANTONELLA ','VEGA',NULL,NULL,NULL,'Asegurado',26,'VACA',12,1,NULL,NULL),(1602,'YASHIR GABRIEL','RAFUL',NULL,NULL,NULL,'Asegurado',26,'ALARCON',12,1,NULL,NULL),(1603,'MARIANA ','ARDAYA',NULL,NULL,NULL,'Asegurado',26,'CROSA',12,1,NULL,NULL),(1604,'KETZALY ','CABRERA',NULL,NULL,NULL,'Asegurado',26,'MELGAR',12,1,NULL,NULL),(1605,'LIONEL ','ROJAS',NULL,NULL,NULL,'Asegurado',26,'RIVERO',12,1,NULL,NULL),(1606,'RIHANNA ','ROJAS',NULL,NULL,NULL,'Asegurado',26,'RIVERO',12,1,NULL,NULL),(1607,'ASHLY ','RODRIGUEZ',NULL,NULL,NULL,'Asegurado',26,'ARTEAGA',12,1,NULL,NULL),(1608,'ASHLEY ','CORTEZ',NULL,NULL,NULL,'Asegurado',26,'JUSTINIANO',12,1,NULL,NULL),(1609,'JOSE DANIEL','BAIGORRIA',NULL,NULL,NULL,'Asegurado',26,'SOLIZ',5,1,NULL,NULL),(1610,'LUCAS EDWIN','CHARCAS',NULL,NULL,NULL,'Asegurado',26,'MAMANI',5,1,NULL,NULL),(1611,'VALERIA ','ORDOÑEZ',NULL,NULL,NULL,'Asegurado',26,'SOLIZ',5,1,NULL,NULL),(1612,'CARLOS GUSTAVO','MENDOZA',NULL,NULL,NULL,'Asegurado',26,'QUINTELA',2,1,NULL,NULL),(1613,'SANTIAGO ','PAREDES',NULL,NULL,NULL,'Asegurado',26,'BARRIGA',5,1,NULL,NULL),(1614,'MICHELLE SADITH','DUVAL',NULL,NULL,NULL,'Asegurado',26,'FRIAS',6,1,NULL,NULL),(1615,'VALENTINA ELOYZA','ALMENDRAS',NULL,NULL,NULL,'Asegurado',26,'GONZALES',5,1,NULL,NULL),(1616,'JORGE LUIS','IRUSTA',NULL,NULL,NULL,'Asegurado',26,'CORONADO',12,1,NULL,NULL),(1617,'GERARDO AGUSTIN','IRUSTA',NULL,NULL,NULL,'Asegurado',26,'CORONADO',12,1,NULL,NULL),(1618,'FABIAN OMAR','GUTIERREZ',NULL,NULL,NULL,'Asegurado',26,'MIRANDA',5,1,NULL,NULL),(1619,'RAQUEL ','VALENCIA',NULL,NULL,NULL,'Asegurado',26,'SOTO',5,1,NULL,NULL),(1620,'RODRIGO ','ORTIZ',NULL,NULL,NULL,'Asegurado',26,'CACERES',5,1,NULL,NULL),(1621,'IBETH VALENTINA','MORALES',NULL,NULL,NULL,'Asegurado',26,'CONDE',12,1,NULL,NULL),(1622,'LUCIANA THAIS','AYALA',NULL,NULL,NULL,'Asegurado',26,'LOBO',12,1,NULL,NULL),(1623,'EDUARDO ','HONOR',NULL,NULL,NULL,'Asegurado',26,'PEÑA',12,1,NULL,NULL),(1624,'CRISTHIAN ','PEÑA',NULL,NULL,NULL,'Asegurado',26,'BARBOZA',5,1,NULL,NULL),(1625,'LORENZO SEBASTIAN','AYALA',NULL,NULL,NULL,'Asegurado',26,'LOBO',12,1,NULL,NULL),(1626,'GABRIEL ','HONOR',NULL,NULL,NULL,'Asegurado',26,'PEÑA',12,1,NULL,NULL),(1627,'JOSE ANTONIO','AYALA',NULL,NULL,NULL,'Asegurado',26,'LOBO',12,1,NULL,NULL),(1628,'MOISES GUSTAVO','GORDILLO',NULL,NULL,NULL,'Asegurado',26,'CRESPO',5,1,NULL,NULL),(1629,'GRISEL YULIANA','MORENO',NULL,NULL,NULL,'Asegurado',26,'MACHICAO',11,1,NULL,NULL),(1630,'CAMILA ','SILES',NULL,NULL,NULL,'Asegurado',26,'ROCA',11,1,NULL,NULL),(1631,'VERONICA ','SILES',NULL,NULL,NULL,'Asegurado',26,'ROCA',11,1,NULL,NULL),(1632,'LUCIA ','ROSALES',NULL,NULL,NULL,'Asegurado',26,'MONTAÑO',11,1,NULL,NULL),(1633,'ADRIANA CAMILA','LOAIZA',NULL,NULL,NULL,'Asegurado',26,'VELASCO',11,1,NULL,NULL),(1634,'DIANA BELEN','JUSTINIANO',NULL,NULL,NULL,'Asegurado',26,'FERRANTE',11,1,NULL,NULL),(1635,'YAMIN ELEONOR','SIERRA',NULL,NULL,NULL,'Asegurado',26,'FERNANDEZ',11,1,NULL,NULL),(1636,'KENDY NICOL','RIVAS',NULL,NULL,NULL,'Asegurado',26,'MELGAR',11,1,NULL,NULL),(1637,'FLAVIA ','BRUNO',NULL,NULL,NULL,'Asegurado',26,'JIMENEZ',11,1,NULL,NULL),(1638,'BRIANA ','MERIDA',NULL,NULL,NULL,'Asegurado',26,'VITAL',11,1,NULL,NULL),(1639,'DARECK ','HERRERA',NULL,NULL,NULL,'Asegurado',26,'ORTIZ',11,1,NULL,NULL),(1640,'MATIAS SAMUEL','GUTIERREZ',NULL,NULL,NULL,'Asegurado',26,'AÑEZ',5,1,NULL,NULL),(1641,'RAQUEL ','GUTIERREZ',NULL,NULL,NULL,'Asegurado',26,'AÑEZ',5,1,NULL,NULL),(1642,'SOFIA ISABEL','MONTERO',NULL,NULL,NULL,'Asegurado',26,'MARTINEZ',5,1,NULL,NULL),(1643,'CLAUDIO LUIS','MONTERO',NULL,NULL,NULL,'Asegurado',26,'MARTINEZ',5,1,NULL,NULL),(1644,'STEFANIE JOYSE','DICK',NULL,NULL,NULL,'Asegurado',26,'OLMOS',5,1,NULL,NULL),(1645,'RAFAELLA ','COLOMBO',NULL,NULL,NULL,'Asegurado',26,'GUTIERREZ',5,1,NULL,NULL),(1646,'MASISON ','VACA',NULL,NULL,NULL,'Asegurado',26,'ROMERO',12,1,NULL,NULL),(1647,'NESTOR ZINEDINE','DE LA JAILLE',NULL,NULL,NULL,'Asegurado',26,'LANDIVAR',5,1,NULL,NULL),(1648,'MARIA DE LOS ANGELES ','ROJAS',NULL,NULL,NULL,'Asegurado',26,'MOSCOSO',5,1,NULL,NULL),(1649,'JOSE MARIA','MARTINEZ',NULL,NULL,NULL,'Asegurado',26,'AGUILERA',5,1,NULL,NULL),(1650,'LUCIA ','MARTINEZ',NULL,NULL,NULL,'Asegurado',26,'AGUILERA',5,1,NULL,NULL),(1651,'LUIS MANUEL','MARTINEZ',NULL,NULL,NULL,'Asegurado',26,'AGUILERA',5,1,NULL,NULL),(1652,'MARCELO EMILIO','MARTINEZ',NULL,NULL,NULL,'Asegurado',26,'AGUILERA',5,1,NULL,NULL),(1653,'ALBERT ','ZABALA',NULL,NULL,NULL,'Asegurado',26,'QUINTEROS',12,1,NULL,NULL),(1654,'MARIA FERNANDA','ZABALA',NULL,NULL,NULL,'Asegurado',26,'QUINTEROS',12,1,NULL,NULL),(1655,'CAMILA BELEN','ZABALA',NULL,NULL,NULL,'Asegurado',26,'QUINTEROS',12,1,NULL,NULL),(1656,'LEONARDO ','AYALA',NULL,NULL,NULL,'Asegurado',26,'LEON',5,1,NULL,NULL),(1657,'ERICK POL','SAAVEDRA',NULL,NULL,NULL,'Asegurado',26,'SILVERA',5,1,NULL,NULL),(1658,'CALEB ','CENTELLAS',NULL,NULL,NULL,'Asegurado',26,'CORONADO',5,1,NULL,NULL),(1659,'CAMILA ','RODRIGUEZ',NULL,NULL,NULL,'Asegurado',26,'SERRANO',5,1,NULL,NULL),(1660,'JAMILE DALITH','PUCH',NULL,NULL,NULL,'Asegurado',26,'ZUBIETA',5,1,NULL,NULL),(1661,'LIV NICOLE','GUZMAN',NULL,NULL,NULL,'Asegurado',26,'CALLAU',5,1,NULL,NULL),(1662,'ELIAS ISRAEL','TABORGA',NULL,NULL,NULL,'Asegurado',26,'CARREÑO',5,1,NULL,NULL),(1663,'DANIEL ','NUÑEZ',NULL,NULL,NULL,'Asegurado',26,'BANEGAS',5,1,NULL,NULL),(1664,'ANA CAMILA','COCA',NULL,NULL,NULL,'Asegurado',26,'CABA',6,1,NULL,NULL),(1665,'ANGELA MIKAELA','GUTIERREZ',NULL,NULL,NULL,'Asegurado',26,'RIVERA',5,1,NULL,NULL),(1666,'FABIANA KAMILA','GORDILLO',NULL,NULL,NULL,'Asegurado',26,'CRESPO',5,1,NULL,NULL),(1667,'PABLO DANIEL','LOBO',NULL,NULL,NULL,'Asegurado',26,'CHAVEZ',5,1,NULL,NULL),(1668,'MARIANA ','AGUIRRE',NULL,NULL,NULL,'Asegurado',26,'ARANDIA',5,1,NULL,NULL),(1669,'DIEGO ','ASBUN',NULL,NULL,NULL,'Asegurado',26,'MONTAÑO',5,1,NULL,NULL),(1670,'GABRIEL ','FRANCO',NULL,NULL,NULL,'Asegurado',26,'MEJIA',5,1,NULL,NULL),(1671,'THIAGO ','WACHENFELD',NULL,NULL,NULL,'Asegurado',26,'RUIZ',5,1,NULL,NULL),(1672,'LUCIANA ','SANCHEZ',NULL,NULL,NULL,'Asegurado',26,'BALDERRAMA',5,1,NULL,NULL),(1673,'BRUNO ALEXIS','SANCHEZ',NULL,NULL,NULL,'Asegurado',26,'BALDERRAMA',5,1,NULL,NULL),(1674,'SARAI MILAGROS','SANCHEZ',NULL,NULL,NULL,'Asegurado',26,'BALDERRAMA',5,1,NULL,NULL),(1675,'LUCIANA ','CARDENAS',NULL,NULL,NULL,'Asegurado',26,'CARRIZALES',5,1,NULL,NULL),(1676,'ARIEL ALEJANDRO','RODRIGUEZ',NULL,NULL,NULL,'Asegurado',26,'EGUEZ',5,1,NULL,NULL),(1677,'ANABELA REGINA','GUMIEL',NULL,NULL,NULL,'Asegurado',26,'LOPEZ',5,1,NULL,NULL),(1678,'FLAVIA MAITE','GUMIEL',NULL,NULL,NULL,'Asegurado',26,'LOPEZ',5,1,NULL,NULL),(1679,'HARIN DAVID','FLORES',NULL,NULL,NULL,'Asegurado',26,'MENDOZA',6,1,NULL,NULL),(1680,'MATIAS ','JORDAN',NULL,NULL,NULL,'Asegurado',26,'MOLINA',12,1,NULL,NULL),(1681,'ZDENKA ','ROCHA',NULL,NULL,NULL,'Asegurado',26,'GOMEZ',12,1,NULL,NULL),(1682,'KAORI ','CAMPOS',NULL,NULL,NULL,'Asegurado',26,'HERRERA',12,1,NULL,NULL),(1683,'FARID NAUEF','OBANDO',NULL,NULL,NULL,'Asegurado',26,'RALAB',12,1,NULL,NULL),(1684,'SOFIA MONSERRAT','RUIZ',NULL,NULL,NULL,'Asegurado',26,'SILES',12,1,NULL,NULL),(1685,'JUAN IGNACIO','FRANCO',NULL,NULL,NULL,'Asegurado',26,'ARDAYA',12,1,NULL,NULL),(1686,'ARIANNE ','ALDERETE',NULL,NULL,NULL,'Asegurado',26,'ARTEAGA',12,1,NULL,NULL),(1687,'GAEL ORLANDO','IRUSTA',NULL,NULL,NULL,'Asegurado',26,'LINARES',12,1,NULL,NULL),(1688,'GRECIA DANIELA','IRUSTA',NULL,NULL,NULL,'Asegurado',26,'LINARES',12,1,NULL,NULL),(1689,'MARKO ','ADRIAZOLA',NULL,NULL,NULL,'Asegurado',26,'ROCA',5,1,NULL,NULL),(1690,'EMILY ROSE','ADRIAZOLA',NULL,NULL,NULL,'Asegurado',26,'VALVERDE',5,1,NULL,NULL),(1691,'FRANCO ','BARBOZA',NULL,NULL,NULL,'Asegurado',26,'DAVALOS',12,1,NULL,NULL),(1692,'FRANCO ','ROJAS',NULL,NULL,NULL,'Asegurado',26,'ANGULO',12,1,NULL,NULL),(1693,'EDUARDO NICOLAS','APAZA',NULL,NULL,NULL,'Asegurado',26,'RODRIGUEZ',12,1,NULL,NULL),(1694,'ANTONELLA ','ORDOÐEZ',NULL,NULL,NULL,'Asegurado',26,'MEJIA',12,1,NULL,NULL),(1695,'RAFAELLA ','RODRIGUEZ',NULL,NULL,NULL,'Asegurado',26,'ROMERO',12,1,NULL,NULL),(1696,'MATHEO ','SINATRA',NULL,NULL,NULL,'Asegurado',26,'APARICIO',5,1,NULL,NULL),(1697,'CARLA GRECIA','CORREAS',NULL,NULL,NULL,'Asegurado',26,'CUELLAR',12,1,NULL,NULL),(1698,'LIAN BREIDY','RODRIGUEZ',NULL,NULL,NULL,'Asegurado',26,'APARICIO',12,1,NULL,NULL),(1699,'JOSHUA BLEINER','RODRIGUEZ',NULL,NULL,NULL,'Asegurado',26,'APARICIO',12,1,NULL,NULL),(1700,'JANICE ARIANNY','RODRIGUEZ',NULL,NULL,NULL,'Asegurado',26,'APARICIO',12,1,NULL,NULL),(1701,'NICOLAS ','PEDRAZA',NULL,NULL,NULL,'Asegurado',26,'HURTADO',12,1,NULL,NULL),(1702,'DIEGO ','PEDRAZA',NULL,NULL,NULL,'Asegurado',26,'HURTADO',12,1,NULL,NULL),(1703,'DAVID ALEJANDRO','PEREZ',NULL,NULL,NULL,'Asegurado',26,'RIOS',12,1,NULL,NULL),(1704,'MARIA JOSE','PEREZ',NULL,NULL,NULL,'Asegurado',26,'RIOS',12,1,NULL,NULL),(1705,'MATEO ','GUTIERREZ',NULL,NULL,NULL,'Asegurado',26,'SUAREZ',5,1,NULL,NULL),(1706,'ERICK MATEO','PEÐA',NULL,NULL,NULL,'Asegurado',26,'ALEMAN',5,1,NULL,NULL),(1707,'KAREN MICHEL','MORALES',NULL,NULL,NULL,'Asegurado',26,'CAMACHO',12,1,NULL,NULL),(1708,'MARIA EUGENIA','MONTENEGRO',NULL,NULL,NULL,'Asegurado',26,'ESCALANTE',12,1,NULL,NULL),(1709,'ALFREDO ','ALFARO',NULL,NULL,NULL,'Asegurado',26,'SEGOVIA',12,1,NULL,NULL),(1710,'JORGE EDUARDO','MACHACA',NULL,NULL,NULL,'Asegurado',26,'RECKEWEG',5,1,NULL,NULL),(1711,'MATEO ARMANDO','ZAMBRANA',NULL,NULL,NULL,'Asegurado',26,'TOLAY',12,1,NULL,NULL),(1712,'OSCAR MARIO','RIVERO',NULL,NULL,NULL,'Asegurado',26,'CABRERA',12,1,NULL,NULL),(1713,'NATALIA ','RIVERO',NULL,NULL,NULL,'Asegurado',26,'CABRERA',12,1,NULL,NULL),(1714,'ZAID JHADIEL','FUENTES',NULL,NULL,NULL,'Asegurado',26,'TORRES',12,1,NULL,NULL),(1715,'JHAREL EDILSON','FUENTES',NULL,NULL,NULL,'Asegurado',26,'TORRES',12,1,NULL,NULL),(1716,'MAURICIO ','LOPEZ',NULL,NULL,NULL,'Asegurado',26,'CUETO',12,1,NULL,NULL),(1717,'ARIANE KEYTLIN','CERVANTES',NULL,NULL,NULL,'Asegurado',26,'PALENQUE',12,1,NULL,NULL),(1718,'ANDRES ','MONTAÐO',NULL,NULL,NULL,'Asegurado',26,'SARAVIA',12,1,NULL,NULL),(1719,'CARLOS GABRIEL','ZUBIETA',NULL,NULL,NULL,'Asegurado',26,'ALCOCER',5,1,NULL,NULL),(1720,'FABRICIO ','HIDALGO',NULL,NULL,NULL,'Asegurado',26,'MARTINEZ',12,1,NULL,NULL),(1721,'MARIANA NAJALY','GUZMAN',NULL,NULL,NULL,'Asegurado',26,'JIMENEZ',5,1,NULL,NULL),(1722,'NILS JALIL','GUZMAN',NULL,NULL,NULL,'Asegurado',26,'JIMENEZ',5,1,NULL,NULL),(1723,'BRUNO DANIEL','CARDOZO',NULL,NULL,NULL,'Asegurado',26,'GALLARDO',12,1,NULL,NULL),(1724,'BRIANA ANABEL','CARDOZO',NULL,NULL,NULL,'Asegurado',26,'GALLARDO',12,1,NULL,NULL),(1725,'FABIANA ','HIDALGO',NULL,NULL,NULL,'Asegurado',26,'MARTINEZ',12,1,NULL,NULL),(1726,'ARTURO ','VARGAS',NULL,NULL,NULL,'Asegurado',26,'ZAMBRANA',12,1,NULL,NULL),(1727,'BRUNO ','HERRERA',NULL,NULL,NULL,'Asegurado',26,'RODRIGUEZ',12,1,NULL,NULL),(1728,'DANA CAROLINA','HERRERA',NULL,NULL,NULL,'Asegurado',26,'RODRIGUEZ',12,1,NULL,NULL),(1729,'YADIRA ','BANEGAS',NULL,NULL,NULL,'Asegurado',26,'SCHABIB',12,1,NULL,NULL),(1730,'MARCOS JHASSIR','BANEGAS',NULL,NULL,NULL,'Asegurado',26,'SCHABIB',12,1,NULL,NULL),(1731,'LIBIA ZAMIRA','BANEGAS',NULL,NULL,NULL,'Asegurado',26,'SCHABIB',12,1,NULL,NULL),(1732,'NICOLAS ','LUJAN',NULL,NULL,NULL,'Asegurado',26,'CALLAO',5,1,NULL,NULL),(1733,'ALBA ','AQUINO',NULL,NULL,NULL,'Asegurado',26,'GIL',12,1,NULL,NULL),(1734,'MARIO SEBASTIAN','VARGAS',NULL,NULL,NULL,'Asegurado',26,'PANOSO',12,1,NULL,NULL),(1735,'LUCIANA ','GOMEZ',NULL,NULL,NULL,'Asegurado',26,'SOLIZ',12,1,NULL,NULL),(1736,'MIGUEL EDUARDO','GOMEZ',NULL,NULL,NULL,'Asegurado',26,'SOLIZ',12,1,NULL,NULL),(1737,'NICOLE NAOMI','BARRANCOS',NULL,NULL,NULL,'Asegurado',26,'VALVERDE',12,1,NULL,NULL),(1738,'FABRICIO ','ANTELO',NULL,NULL,NULL,'Asegurado',26,'MENDEZ',12,1,NULL,NULL),(1739,'SARA ARAMI','ARCE',NULL,NULL,NULL,'Asegurado',26,'JUSTINIANO',12,1,NULL,NULL),(1740,'LUIS DAVID','MONTENEGRO',NULL,NULL,NULL,'Asegurado',26,'ESCALANTE',12,1,NULL,NULL),(1741,'LIZ MARINA MARGARITA','ZEBALLOS',NULL,NULL,NULL,'Asegurado',26,'VALDEZ',12,1,NULL,NULL),(1742,'RAFAELLA ','DE SANTANA',NULL,NULL,NULL,'Asegurado',26,'PEREZ',12,1,NULL,NULL),(1743,'MARIA EDUARDA','DE SANTANA',NULL,NULL,NULL,'Asegurado',26,'PEREZ',12,1,NULL,NULL),(1744,'BENJAMIN ADRIAN','CHOQUE',NULL,NULL,NULL,'Asegurado',26,'QUISPE',12,1,NULL,NULL),(1745,'FREDY MARCELO','BARRANCOS',NULL,NULL,NULL,'Asegurado',26,'VALVERDE',12,1,NULL,NULL),(1746,'FRANZ JOEL','CHARCAS',NULL,NULL,NULL,'Asegurado',26,'MAMANI',5,1,NULL,NULL),(1747,'MIA VICTORIA','ZEBALLOS',NULL,NULL,NULL,'Asegurado',26,'VALDEZ',12,1,NULL,NULL),(1748,'RICARDO ','SANTISTEVAN',NULL,NULL,NULL,'Asegurado',26,'BAZAN',12,1,NULL,NULL),(1749,'ISABELLA ','ESCOBAR',NULL,NULL,NULL,'Asegurado',26,'PAZ',12,1,NULL,NULL),(1750,'MISHEL VALENTINA','CHOQUE',NULL,NULL,NULL,'Asegurado',26,'QUISPE',12,1,NULL,NULL),(1751,'JOSUE LEONARDO','FORONDA',NULL,NULL,NULL,'Asegurado',26,'MOLINA',12,1,NULL,NULL),(1752,'MATEO AARON','TINEO',NULL,NULL,NULL,'Asegurado',26,'GARCIA',12,1,NULL,NULL),(1753,'TALIANE ','RENDON',NULL,NULL,NULL,'Asegurado',26,'ORTIZ',5,1,NULL,NULL),(1754,'FABIO ','CAMACHO',NULL,NULL,NULL,'Asegurado',26,'MOLINA',5,1,NULL,NULL),(1755,'VALERIA ','BALCAZAR',NULL,NULL,NULL,'Asegurado',26,'GUTIERREZ',5,1,NULL,NULL),(1756,'ANDRES ','LUJAN',NULL,NULL,NULL,'Asegurado',26,'CALLAO',5,1,NULL,NULL),(1757,'ALEJANDRO ','ROBLES',NULL,NULL,NULL,'Asegurado',26,'MONTAÐO',5,1,NULL,NULL),(1758,'OCTAVIO ','ROBLES',NULL,NULL,NULL,'Asegurado',26,'MONTAÐO',5,1,NULL,NULL),(1759,'JULIAN MATEO','JARAMILLO',NULL,NULL,NULL,'Asegurado',26,'ROJAS',12,1,NULL,NULL),(1760,'LUCIANA ','CABALLERO',NULL,NULL,NULL,'Asegurado',26,'SOLIZ',5,1,NULL,NULL),(1761,'LARISSA ','DORADO',NULL,NULL,NULL,'Asegurado',26,'QUISPE',3,1,NULL,NULL),(1762,'LOURDE DIANA','ESPINOZA',NULL,NULL,NULL,'Asegurado',26,'JUSTINIANO',3,1,NULL,NULL),(1763,'VALERIA ','FERREIRA',NULL,NULL,NULL,'Asegurado',26,'CESPEDES',3,1,NULL,NULL),(1764,'LUHAN FRANCO','GUEVARA',NULL,NULL,NULL,'Asegurado',26,'SALVATIERRA',3,1,NULL,NULL),(1765,'ZOE ','HERRERA',NULL,NULL,NULL,'Asegurado',26,'JUSTINIANO',3,1,NULL,NULL),(1766,'KAITLYN ','HORACIO',NULL,NULL,NULL,'Asegurado',26,'CABALLERO',3,1,NULL,NULL),(1767,'OSCAR FRANCO','LINO',NULL,NULL,NULL,'Asegurado',26,'FERNANDEZ',3,1,NULL,NULL),(1768,'MATEO ','PEREYRA',NULL,NULL,NULL,'Asegurado',26,'MONTERO',3,1,NULL,NULL),(1769,'ROSELIA ','RIOJA',NULL,NULL,NULL,'Asegurado',26,'RODRIGUEZ',3,1,NULL,NULL),(1770,'PRISCILA YONELLY','RIOS',NULL,NULL,NULL,'Asegurado',26,'ESTEVEZ',3,1,NULL,NULL),(1771,'GINNA ISABEL','SARZURI',NULL,NULL,NULL,'Asegurado',26,'LIMA',3,1,NULL,NULL),(1772,'ANTONELLA ','VACA',NULL,NULL,NULL,'Asegurado',26,'JUSTINIANO',3,1,NULL,NULL),(1773,'RENATA ','VESPA',NULL,NULL,NULL,'Asegurado',26,'GUERRA',3,1,NULL,NULL),(1774,'MILDRED ANGELA','ALVAREZ',NULL,NULL,NULL,'Asegurado',26,'CORTEZ',3,1,NULL,NULL),(1775,'FERNANDO RASHID','AMPUERO',NULL,NULL,NULL,'Asegurado',26,'EID',3,1,NULL,NULL),(1776,'ALISS ROMINA','AVALOS',NULL,NULL,NULL,'Asegurado',26,'VACA',3,1,NULL,NULL),(1777,'AARON ','COSSIO',NULL,NULL,NULL,'Asegurado',26,'PRADO',3,1,NULL,NULL),(1778,'ANTONELLA DAPHE','GONZALES',NULL,NULL,NULL,'Asegurado',26,'ROJAS',3,1,NULL,NULL),(1779,'CESAR ROGER','GUZMAN',NULL,NULL,NULL,'Asegurado',26,'PAZ',3,1,NULL,NULL),(1780,'DIEGO ','LIJERON',NULL,NULL,NULL,'Asegurado',26,'ROJAS',3,1,NULL,NULL),(1781,'HANNAH AYLEN','MURUCHI',NULL,NULL,NULL,'Asegurado',26,'ZABALA',3,1,NULL,NULL),(1782,'JADENEL ','NARVAEZ',NULL,NULL,NULL,'Asegurado',26,'SALAZAR',3,1,NULL,NULL),(1783,'PADME ','OCAMPO',NULL,NULL,NULL,'Asegurado',26,'MEALLA',3,1,NULL,NULL),(1784,'LUCIANA ','PALACIOS',NULL,NULL,NULL,'Asegurado',26,'MENDOZA',3,1,NULL,NULL),(1785,'VALENTINA GRABRIELLE','PANIQUE',NULL,NULL,NULL,'Asegurado',26,'HINOJOSA',3,1,NULL,NULL),(1786,'SEBASTIAN GAEL','QUISPE',NULL,NULL,NULL,'Asegurado',26,'BRETON',3,1,NULL,NULL),(1787,'AITANA ','SANCHEZ',NULL,NULL,NULL,'Asegurado',26,'ALARCON',3,1,NULL,NULL),(1788,'BRIANA FIORELLA','SOLIZ',NULL,NULL,NULL,'Asegurado',26,'MENDOZA',3,1,NULL,NULL),(1789,'LUCIANA CAMILA','SURRIABRE',NULL,NULL,NULL,'Asegurado',26,'TOLEDO',3,1,NULL,NULL),(1790,'GENESIS LIA','UREÐA',NULL,NULL,NULL,'Asegurado',26,'AGUANTA',3,1,NULL,NULL),(1791,'BILLY KALEL','VACA',NULL,NULL,NULL,'Asegurado',26,'AYALA',3,1,NULL,NULL),(1792,'EMILY ','VACA',NULL,NULL,NULL,'Asegurado',26,'JUSTINIANO',3,1,NULL,NULL),(1793,'ALBERTH JOSUE','VALLEJOS',NULL,NULL,NULL,'Asegurado',26,'ROBLES',3,1,NULL,NULL),(1794,'MANUEL ANDRES','VARGAS',NULL,NULL,NULL,'Asegurado',26,'RODRIGUEZ',3,1,NULL,NULL),(1795,'SHARON ','VILAJA',NULL,NULL,NULL,'Asegurado',26,'GUTIERREZ',3,1,NULL,NULL),(1796,'ANDREA ','VILLANUEVA',NULL,NULL,NULL,'Asegurado',26,'MAMANI',3,1,NULL,NULL),(1797,'LIAM GAEL','YUCRA',NULL,NULL,NULL,'Asegurado',26,'GONZA',3,1,NULL,NULL),(1798,'ALESSA SOFIA','AGUIRRE',NULL,NULL,NULL,'Asegurado',26,'MONTAÐO',3,1,NULL,NULL),(1799,'ANTONELLA ','ARROYO',NULL,NULL,NULL,'Asegurado',26,'FRANCO',3,1,NULL,NULL),(1800,'MATEO EZEQUIEL','BALLINA',NULL,NULL,NULL,'Asegurado',26,'TALAVERA',3,1,NULL,NULL),(1801,'JAVIER ','BEJARANO',NULL,NULL,NULL,'Asegurado',26,'TORREZ',3,1,NULL,NULL),(1802,'ARIANE ROMINA','BUHEZO',NULL,NULL,NULL,'Asegurado',26,'BURGOS',3,1,NULL,NULL),(1803,'MATEO ','CABRERA',NULL,NULL,NULL,'Asegurado',26,'DELGADILLO',3,1,NULL,NULL),(1804,'BALENTINA ','CALLE',NULL,NULL,NULL,'Asegurado',26,'GUARDIA',3,1,NULL,NULL),(1805,'EMILY ','CANDIA',NULL,NULL,NULL,'Asegurado',26,'SAGARDIA',3,1,NULL,NULL),(1806,'MARIA ANGEL','CARRASCO',NULL,NULL,NULL,'Asegurado',26,'GRAGEDA',3,1,NULL,NULL),(1807,'AARON DARIO','DAZA',NULL,NULL,NULL,'Asegurado',26,'ALVARADO',3,1,NULL,NULL),(1808,'RAFAELA ','MIRANDA',NULL,NULL,NULL,'Asegurado',26,'ARAUZ',3,1,NULL,NULL),(1809,'JESUS ADRIAN','MONASTERIOS',NULL,NULL,NULL,'Asegurado',26,'GALARZA',3,1,NULL,NULL),(1810,'EMMA ISABELLA','ORTIZ',NULL,NULL,NULL,'Asegurado',26,'ROJAS',3,1,NULL,NULL),(1811,'ABRAHAN LUCAS','PATZI',NULL,NULL,NULL,'Asegurado',26,'TEJERINA',3,1,NULL,NULL),(1812,'ABEL ','QUINTERO',NULL,NULL,NULL,'Asegurado',26,'RALDES',3,1,NULL,NULL),(1813,'FRANCO ','QUIROZ',NULL,NULL,NULL,'Asegurado',26,'HURTADO',3,1,NULL,NULL),(1814,'MATHIAS DANIEL','ROJAS',NULL,NULL,NULL,'Asegurado',26,'JUSTINIANO',3,1,NULL,NULL),(1815,'XIOMARA ','ROMERO',NULL,NULL,NULL,'Asegurado',26,'CUELLAR',3,1,NULL,NULL),(1816,'LUCIANA ','RUIZ',NULL,NULL,NULL,'Asegurado',26,'AMAYA',3,1,NULL,NULL),(1817,'IAN MARCOS','SARZURI',NULL,NULL,NULL,'Asegurado',26,'LIMA',3,1,NULL,NULL),(1818,'AITAN LUZ','VARGAS',NULL,NULL,NULL,'Asegurado',26,'CASTELLON',3,1,NULL,NULL),(1819,'ADRIAN ','VASQUEZ',NULL,NULL,NULL,'Asegurado',26,'RIVERA',3,1,NULL,NULL),(1820,'DAENERIS ','VELASCO',NULL,NULL,NULL,'Asegurado',26,'BORDA',3,1,NULL,NULL),(1821,'JHON ALEXIS','ALBORNOZ',NULL,NULL,NULL,'Asegurado',26,'CUERO',3,1,NULL,NULL),(1822,'MARIA GUADALUPE','ARAUZ',NULL,NULL,NULL,'Asegurado',26,'GOYTIA',3,1,NULL,NULL),(1823,'CARLA NAZARENA','ARDAYA',NULL,NULL,NULL,'Asegurado',26,'ZAMBRANA',3,1,NULL,NULL),(1824,'EMILIANO ','BURGOS',NULL,NULL,NULL,'Asegurado',26,'AÐEZ',3,1,NULL,NULL),(1825,'DAMIAN HUGO','CARBALLO',NULL,NULL,NULL,'Asegurado',26,'COSSIO',3,1,NULL,NULL),(1826,'SAID MAIBER','CARBALLO',NULL,NULL,NULL,'Asegurado',26,'VEIZAN',3,1,NULL,NULL),(1827,'LUHANA ','CESPEDES',NULL,NULL,NULL,'Asegurado',26,'BRAILCO',3,1,NULL,NULL),(1828,'APARICIO LEONARDO','DORIA',NULL,NULL,NULL,'Asegurado',26,'MEDINA',3,1,NULL,NULL),(1829,'SAMIR ','FLORES',NULL,NULL,NULL,'Asegurado',26,'ANDRADE',3,1,NULL,NULL),(1830,'ARIO ADOLFO','INCH',NULL,NULL,NULL,'Asegurado',26,'SALAMANCA',3,1,NULL,NULL),(1831,'DALCY NAHOMI','NUÐEZ',NULL,NULL,NULL,'Asegurado',26,'SALLUCO',3,1,NULL,NULL),(1832,'FRANCO ','PASTEN',NULL,NULL,NULL,'Asegurado',26,'JUSTINIANO',3,1,NULL,NULL),(1833,'SAMANTHA ','PINTO',NULL,NULL,NULL,'Asegurado',26,'QUINTANA',3,1,NULL,NULL),(1834,'BRUNO MATEO','SOLIZ',NULL,NULL,NULL,'Asegurado',26,'MENDOZA',3,1,NULL,NULL),(1835,'JESUS LEONARDO','URGEL',NULL,NULL,NULL,'Asegurado',26,'GOMEZ',3,1,NULL,NULL),(1836,'BRANKO ','VHIESTROX',NULL,NULL,NULL,'Asegurado',26,'ROCHA',3,1,NULL,NULL),(1837,'AMERLI LISSANDRO','ZAMBRANA',NULL,NULL,NULL,'Asegurado',26,'VALLEJOS',3,1,NULL,NULL),(1838,'CESAR STEFAN','ALVAREZ',NULL,NULL,NULL,'Asegurado',26,'CORTEZ',3,1,NULL,NULL),(1839,'RAFAEL RAUL','CAMACHO',NULL,NULL,NULL,'Asegurado',26,'MARAÐON',3,1,NULL,NULL),(1840,'MARVIC ','CATACORA',NULL,NULL,NULL,'Asegurado',26,'MORENO',3,1,NULL,NULL),(1841,'CRISTIANO ','CUELLAR',NULL,NULL,NULL,'Asegurado',26,'CALLAU',3,1,NULL,NULL),(1842,'RAFAELA ','FARELL',NULL,NULL,NULL,'Asegurado',26,'MARTINEZ',3,1,NULL,NULL),(1843,'LUCIANO ANDREZ','GONZALEZ',NULL,NULL,NULL,'Asegurado',26,'RODRIGUEZ',3,1,NULL,NULL),(1844,'KIARA ','HERRERA',NULL,NULL,NULL,'Asegurado',26,'JUSTINIANO',3,1,NULL,NULL),(1845,'VALERIA ','LAMBRAÐO',NULL,NULL,NULL,'Asegurado',26,'MEDINA',3,1,NULL,NULL),(1846,'MERCEDES ','MAGNY',NULL,NULL,NULL,'Asegurado',26,'APONTE',3,1,NULL,NULL),(1847,'JORGE ','MOLINA',NULL,NULL,NULL,'Asegurado',26,'VEGA',3,1,NULL,NULL),(1848,'VICTORIA ','MOLLO',NULL,NULL,NULL,'Asegurado',26,'GUTIERREZ',3,1,NULL,NULL),(1849,'OSVALDO RODRIGO','PARADA',NULL,NULL,NULL,'Asegurado',26,'SALVATIERRA',3,1,NULL,NULL),(1850,'ISABELLA ','PINO',NULL,NULL,NULL,'Asegurado',26,'HERRERA',3,1,NULL,NULL),(1851,'EMILIA DANAEL','RECALDE',NULL,NULL,NULL,'Asegurado',26,'CESPEDES',3,1,NULL,NULL),(1852,'ZAMIRA ','ROCHA',NULL,NULL,NULL,'Asegurado',26,'VARGAS',3,1,NULL,NULL),(1853,'CARLA ARIANA','VIRINACO',NULL,NULL,NULL,'Asegurado',26,'GONZALES',3,1,NULL,NULL),(1854,'GAYA CATALINA','PAQLACIOS',NULL,NULL,NULL,'Asegurado',26,'CARDENAS',3,1,NULL,NULL),(1855,'ABDIAS EMANUEL','ALGARAÐAZ',NULL,NULL,NULL,'Asegurado',26,'ROJAS',3,1,NULL,NULL),(1856,'ISABELLA ','ARDAYA',NULL,NULL,NULL,'Asegurado',26,'DARA',3,1,NULL,NULL),(1857,'SAMUEL ','CESPEDES',NULL,NULL,NULL,'Asegurado',26,'SENSEVES',3,1,NULL,NULL),(1858,'NICOL ','CHAMBI',NULL,NULL,NULL,'Asegurado',26,'SANCHES',3,1,NULL,NULL),(1859,'AMED MIJAEL','CHOQUE',NULL,NULL,NULL,'Asegurado',26,'MATIAS',3,1,NULL,NULL),(1860,'MARCO ANDRES','VITOR',NULL,NULL,NULL,'Asegurado',26,'MEDINA',3,1,NULL,NULL),(1861,'RAFAELA ','ECHEGARAY',NULL,NULL,NULL,'Asegurado',26,'BURGOA',3,1,NULL,NULL),(1862,'EDWIN DAVID','EYZAGUIRRE',NULL,NULL,NULL,'Asegurado',26,'VISCARRA',3,1,NULL,NULL),(1863,'SANTIAGO ','FLORES',NULL,NULL,NULL,'Asegurado',26,'JUSTINIANO',3,1,NULL,NULL),(1864,'DAMIAN ','GUEVARA',NULL,NULL,NULL,'Asegurado',26,'SALVATIERRA',3,1,NULL,NULL),(1865,'MARIA VICTORIA','LOPEZ',NULL,NULL,NULL,'Asegurado',26,'PREST',3,1,NULL,NULL),(1866,'SERGIO ','MIRANDA',NULL,NULL,NULL,'Asegurado',26,'ARAUZ',3,1,NULL,NULL),(1867,'LUANA VICOTRIA','MONTENEGRO',NULL,NULL,NULL,'Asegurado',26,'FLORES',3,1,NULL,NULL),(1868,'SEBASTIAN ','MONTERO',NULL,NULL,NULL,'Asegurado',26,'ORELLANA',3,1,NULL,NULL),(1869,'LUCIANO ','NUÐEZ',NULL,NULL,NULL,'Asegurado',26,'HOYOS',3,1,NULL,NULL),(1870,'LUIS ALBERTO','OCAMPO',NULL,NULL,NULL,'Asegurado',26,'MEALLA',3,1,NULL,NULL),(1871,'CAMILA ','PASTEN',NULL,NULL,NULL,'Asegurado',26,'GUILLEN',3,1,NULL,NULL),(1872,'MATIAS ','RIOJA',NULL,NULL,NULL,'Asegurado',26,'CORTEZ',3,1,NULL,NULL),(1873,'LUZ YAIZA','SANCHEZ',NULL,NULL,NULL,'Asegurado',26,'RUIZ',3,1,NULL,NULL),(1874,'EDWIN RICARDO','VARGAS',NULL,NULL,NULL,'Asegurado',26,'CASTELLON',3,1,NULL,NULL),(1875,'MATEO ','CARLO',NULL,NULL,NULL,'Asegurado',26,'SANDY',3,1,NULL,NULL),(1876,'ALEXIA ','ALPIRE',NULL,NULL,NULL,'Asegurado',26,'RODRIGUEZ',3,1,NULL,NULL),(1877,'JOPAQUIN LEONARDO','CASA',NULL,NULL,NULL,'Asegurado',26,'CORTEZ',3,1,NULL,NULL),(1878,'KIRSTEN ','CHURA',NULL,NULL,NULL,'Asegurado',26,'CRUZ',3,1,NULL,NULL),(1879,'TERESITA ','DAZA',NULL,NULL,NULL,'Asegurado',26,'EGUEZ',3,1,NULL,NULL),(1880,'APARICIO ISABELLA','DORIA',NULL,NULL,NULL,'Asegurado',26,'MEDINA',3,1,NULL,NULL),(1881,'BRUNA VICTORIA','FRESCO',NULL,NULL,NULL,'Asegurado',26,'BORDA',3,1,NULL,NULL),(1882,'CLARISSE ','GUASDE',NULL,NULL,NULL,'Asegurado',26,'LUQUE',3,1,NULL,NULL),(1883,'LEONARDO ','LIMPIAS',NULL,NULL,NULL,'Asegurado',26,'DORADO',3,1,NULL,NULL),(1884,'EDWARD ','MARISCAL',NULL,NULL,NULL,'Asegurado',26,'LANDIVAR',3,1,NULL,NULL),(1885,'JUAN ANDRES','MATA',NULL,NULL,NULL,'Asegurado',26,'MOLINA',3,1,NULL,NULL),(1886,'EZEQUIEL ','MELGAR',NULL,NULL,NULL,'Asegurado',26,'SUAREZ',3,1,NULL,NULL),(1887,'LUCIANA ZURIEL','MENDEZ',NULL,NULL,NULL,'Asegurado',26,'TABORGA',3,1,NULL,NULL),(1888,'ARTURO LEANDRO','MONTALVO',NULL,NULL,NULL,'Asegurado',26,'RAMOS',3,1,NULL,NULL),(1889,'SANTIAGO ','MORENO',NULL,NULL,NULL,'Asegurado',26,'CASTILLOO',3,1,NULL,NULL),(1890,'PABLO SANTIAGO','ORTIZ',NULL,NULL,NULL,'Asegurado',26,'RIVERA',3,1,NULL,NULL),(1891,'DIANA GISSEL','PACO',NULL,NULL,NULL,'Asegurado',26,'MORALES',3,1,NULL,NULL),(1892,'FLAVIA VICTORIA','PANTOJA',NULL,NULL,NULL,'Asegurado',26,'JUSTINIANO',3,1,NULL,NULL),(1893,'KARLA BRIGUITH','ROJAS',NULL,NULL,NULL,'Asegurado',26,'MALDONADO',3,1,NULL,NULL),(1894,'GENESIS YADELIN','ROMERO',NULL,NULL,NULL,'Asegurado',26,'CUELLAR',3,1,NULL,NULL),(1895,'EMANUEL ','SEA',NULL,NULL,NULL,'Asegurado',26,'RAMIREZ',3,1,NULL,NULL),(1896,'CARLOS LEONIDAS','SUAREZ',NULL,NULL,NULL,'Asegurado',26,'CHAVEZ',3,1,NULL,NULL),(1897,'ESTEPHNIE ','TORREZ',NULL,NULL,NULL,'Asegurado',26,'ROJAS',3,1,NULL,NULL),(1898,'DOMINIQUE ','VIDAL',NULL,NULL,NULL,'Asegurado',26,'AYARACACHI',3,1,NULL,NULL),(1899,'SANTIAGO ','SUXO',NULL,NULL,NULL,'Asegurado',26,'MENDOZA',3,1,NULL,NULL),(1900,'DAVID JASIEL','BRETON',NULL,NULL,NULL,'Asegurado',26,'YAPACO',3,1,NULL,NULL),(1901,'LEANDRO NICOLAS','CASTRO',NULL,NULL,NULL,'Asegurado',26,'RIOS',3,1,NULL,NULL),(1902,'EMILIANO ','CATOIRA',NULL,NULL,NULL,'Asegurado',26,'VACA',3,1,NULL,NULL),(1903,'ANETTE NICOLE','CUELLAR',NULL,NULL,NULL,'Asegurado',26,'DE LA VEGA',3,1,NULL,NULL),(1904,'NAYELI ','DADALT',NULL,NULL,NULL,'Asegurado',26,'ABDALA',3,1,NULL,NULL),(1905,'MATEO ','DELGADILLO',NULL,NULL,NULL,'Asegurado',26,'VILLEGAS',3,1,NULL,NULL),(1906,'NATALIA ','LAMBRAÐO',NULL,NULL,NULL,'Asegurado',26,'MEDINA',3,1,NULL,NULL),(1907,'LAMEQ ','MELGAR',NULL,NULL,NULL,'Asegurado',26,'NOGALES',3,1,NULL,NULL),(1908,'SUELEN VALENTINA','NUMBELA',NULL,NULL,NULL,'Asegurado',26,'ALEMAN',3,1,NULL,NULL),(1909,'LUCIANA ','NUÐEZ',NULL,NULL,NULL,'Asegurado',26,'GONZALES',3,1,NULL,NULL),(1910,'MAXIMILIANO ','OLIVA',NULL,NULL,NULL,'Asegurado',26,'NUR',3,1,NULL,NULL),(1911,'KIARA ISABELA','OREGGIA',NULL,NULL,NULL,'Asegurado',26,'GARCIA',3,1,NULL,NULL),(1912,'MISAEL MAXIMILIANO','SALAZAR',NULL,NULL,NULL,'Asegurado',26,'CANAVIRI',3,1,NULL,NULL),(1913,'CARLITA ','SANJINES',NULL,NULL,NULL,'Asegurado',26,'FLORES',3,1,NULL,NULL),(1914,'ISABELA ','SANJINES',NULL,NULL,NULL,'Asegurado',26,'FLORES',3,1,NULL,NULL),(1915,'SALVADOR ADRIAN','TRIBEÐO',NULL,NULL,NULL,'Asegurado',26,'LUNA OROSCO',3,1,NULL,NULL),(1916,'EMILY ','VELARDE',NULL,NULL,NULL,'Asegurado',26,'SANDOVAL',3,1,NULL,NULL),(1917,'ISABELLA ','ZAMBRANA',NULL,NULL,NULL,'Asegurado',26,'MERCADO',3,1,NULL,NULL),(1918,'MATEO ','AMADOR',NULL,NULL,NULL,'Asegurado',26,'PERALTA',3,1,NULL,NULL),(1919,'LUCAS ','ARRIAZA',NULL,NULL,NULL,'Asegurado',26,'MOJICA',3,1,NULL,NULL),(1920,'GINA MARIANNE','BECERRA',NULL,NULL,NULL,'Asegurado',26,'GRAGEDA',3,1,NULL,NULL),(1921,'SOPHIA ','CERRUTO',NULL,NULL,NULL,'Asegurado',26,'GONZALES',3,1,NULL,NULL),(1922,'JORGE ','DORADO',NULL,NULL,NULL,'Asegurado',26,'MOISES',3,1,NULL,NULL),(1923,'DARLIN KETLYN','DULTRA',NULL,NULL,NULL,'Asegurado',26,'MEDINA',3,1,NULL,NULL),(1924,'VALERINA KTLEYA','GALARZA',NULL,NULL,NULL,'Asegurado',26,'ESTRADA',3,1,NULL,NULL),(1925,'DANA MONSERRATH','GALARZA',NULL,NULL,NULL,'Asegurado',26,'GAMBARTE',3,1,NULL,NULL),(1926,'MIA CAMILA','MARISCAL',NULL,NULL,NULL,'Asegurado',26,'LANDIVAR',3,1,NULL,NULL),(1927,'DUANUR ','MUHAMMAD',NULL,NULL,NULL,'Asegurado',26,'GOMEZ',3,1,NULL,NULL),(1928,'MACARENA ','OLIVO',NULL,NULL,NULL,'Asegurado',26,'RODRIGUEZ',3,1,NULL,NULL),(1929,'HUGO ALFREDO','ORELLANA',NULL,NULL,NULL,'Asegurado',26,'MOLLINEDO',3,1,NULL,NULL),(1930,'MATEO ','ORRURRI',NULL,NULL,NULL,'Asegurado',26,'MONTESINOS',3,1,NULL,NULL),(1931,'SANTIAGO ','PASTEN',NULL,NULL,NULL,'Asegurado',26,'JUSTINIANO',3,1,NULL,NULL),(1932,'ELIAS ','RODRIGUEZ',NULL,NULL,NULL,'Asegurado',26,'SALVAGO',3,1,NULL,NULL),(1933,'MARIA ANTONIETTE','VINCENT',NULL,NULL,NULL,'Asegurado',26,'CARRILLO',3,1,NULL,NULL),(1934,'STEPHANIE BRENDA','VILLANUEVA',NULL,NULL,NULL,'Asegurado',26,'MAMANI',3,1,NULL,NULL),(1935,'ALEJANDRO ','VALENTI',NULL,NULL,NULL,'Asegurado',26,'CABRERA',3,1,NULL,NULL),(1936,'FABIANA ','ALFONSO',NULL,NULL,NULL,'Asegurado',26,'ROMERO',3,1,NULL,NULL),(1937,'MARIA JOSE','ALVAREZ',NULL,NULL,NULL,'Asegurado',26,'SUAREZ',3,1,NULL,NULL),(1938,'YUSEP ','AMPUERO',NULL,NULL,NULL,'Asegurado',26,'EID',3,1,NULL,NULL),(1939,'ALISSE ','CESPEDES',NULL,NULL,NULL,'Asegurado',26,'LATHUS',3,1,NULL,NULL),(1940,'CHRISTOPHER ','COE',NULL,NULL,NULL,'Asegurado',26,'IBSEN',3,1,NULL,NULL),(1941,'VALENTINA ','DELGADILLO',NULL,NULL,NULL,'Asegurado',26,'VILLEGAS',3,1,NULL,NULL),(1942,'SAMUEL ANDRES','FERNANDEZ',NULL,NULL,NULL,'Asegurado',26,'SANDY',3,1,NULL,NULL),(1943,'GIANINA ','GONZALES',NULL,NULL,NULL,'Asegurado',26,'BAUTISTA',3,1,NULL,NULL),(1944,'FACUNDO IGNACIO','GONZALEZ',NULL,NULL,NULL,'Asegurado',26,'RODRIGUEZ',3,1,NULL,NULL),(1945,'KASANDRA ','LIMPIAS',NULL,NULL,NULL,'Asegurado',26,'DORADO',3,1,NULL,NULL),(1946,'REBECA ','MERCADO',NULL,NULL,NULL,'Asegurado',26,'GONZALES',3,1,NULL,NULL),(1947,'MATHIAS ','MOLINA',NULL,NULL,NULL,'Asegurado',26,'CAHUANA',3,1,NULL,NULL),(1948,'MIA CAMILA','MONTAÐO',NULL,NULL,NULL,'Asegurado',26,'CALISAYA',3,1,NULL,NULL),(1949,'NATHALY ','MONTERO',NULL,NULL,NULL,'Asegurado',26,'ORELLANA',3,1,NULL,NULL),(1950,'JOSE GABRIEL','NOVA',NULL,NULL,NULL,'Asegurado',26,'LANDIVAR',3,1,NULL,NULL),(1951,'SANTIAGO JOSE','OLIVO',NULL,NULL,NULL,'Asegurado',26,'RODRIGUEZ',3,1,NULL,NULL),(1952,'CARLY MONSERRAT','PALACIOS',NULL,NULL,NULL,'Asegurado',26,'ROMERO',3,1,NULL,NULL),(1953,'CRISTOFER ','PANIAGUA',NULL,NULL,NULL,'Asegurado',26,'ANTEZANA',3,1,NULL,NULL),(1954,'SHARLEN ','PORTAL',NULL,NULL,NULL,'Asegurado',26,'CANOS',3,1,NULL,NULL),(1955,'ALEXIA ','PRADO',NULL,NULL,NULL,'Asegurado',26,'ROMERO',3,1,NULL,NULL),(1956,'SEBASTIAN ','PUGA',NULL,NULL,NULL,'Asegurado',26,'MONTENEGRO',3,1,NULL,NULL),(1957,'LUCIANA ','RUIZ',NULL,NULL,NULL,'Asegurado',26,'SALAZAR',3,1,NULL,NULL),(1958,'VALENTINA VICTORIA','SALAZAR',NULL,NULL,NULL,'Asegurado',26,'CANAVIRI',3,1,NULL,NULL),(1959,'LEYNAR ','SURRIABRE',NULL,NULL,NULL,'Asegurado',26,'TOLEDO',3,1,NULL,NULL),(1960,'SAID JOSE','VELASCO',NULL,NULL,NULL,'Asegurado',26,'BORDA',3,1,NULL,NULL),(1961,'ELIAS ','ABDALLA',NULL,NULL,NULL,'Asegurado',26,'ABDALLA',3,1,NULL,NULL),(1962,'MATEO ','ARRIAZA',NULL,NULL,NULL,'Asegurado',26,'MOJICA',3,1,NULL,NULL),(1963,'ANGELINA ','ARRUNATEGUI',NULL,NULL,NULL,'Asegurado',26,'LOMBARDO',3,1,NULL,NULL),(1964,'THIAGO ','CESPEDES',NULL,NULL,NULL,'Asegurado',26,'REA',3,1,NULL,NULL),(1965,'NICOLE ','COSTA',NULL,NULL,NULL,'Asegurado',26,'NOGALES',3,1,NULL,NULL),(1966,'ALEXIA ','CUELLAR',NULL,NULL,NULL,'Asegurado',26,'CALLAU',3,1,NULL,NULL),(1967,'ANDERSON ANTONIO','ECHALAR',NULL,NULL,NULL,'Asegurado',26,'ESCALERA',3,1,NULL,NULL),(1968,'FLAVIA ','GASTAÐAGA',NULL,NULL,NULL,'Asegurado',26,'BEJAR',3,1,NULL,NULL),(1969,'VALENTINA ','JULIO',NULL,NULL,NULL,'Asegurado',26,'MELGAR',3,1,NULL,NULL),(1970,'MARIA JOSE','LEAÐOS',NULL,NULL,NULL,'Asegurado',26,'LEAÐOS',3,1,NULL,NULL),(1971,'MARIA JOSE','LEAÐOS',NULL,NULL,NULL,'Asegurado',26,'LEAÐS',3,1,NULL,NULL),(1972,'RACHEL ','LIJERON',NULL,NULL,NULL,'Asegurado',26,'ROJAS',3,1,NULL,NULL),(1973,'ANDREA ','MATA',NULL,NULL,NULL,'Asegurado',26,'MOLINA',3,1,NULL,NULL),(1974,'ADRIANA ','NUÐEZ',NULL,NULL,NULL,'Asegurado',26,'GONZALES',3,1,NULL,NULL),(1975,'BIANCA AGOSTINA','OREGIA',NULL,NULL,NULL,'Asegurado',26,'GARCIA',3,1,NULL,NULL),(1976,'VICTOR GABRIEL','ORTIZ',NULL,NULL,NULL,'Asegurado',26,'CABALLERO',3,1,NULL,NULL),(1977,'ISABELLA MONSERRAT','PEINADO',NULL,NULL,NULL,'Asegurado',26,'MUJIA',3,1,NULL,NULL),(1978,'REBECA ','PEREYRA',NULL,NULL,NULL,'Asegurado',26,'RAMOS',3,1,NULL,NULL),(1979,'VALERIA ALEJANDRA','PUYAL',NULL,NULL,NULL,'Asegurado',26,'CENTENO',3,1,NULL,NULL),(1980,'SEBASTIAN ALEJANDRO','PUYAL',NULL,NULL,NULL,'Asegurado',26,'CENTENO',3,1,NULL,NULL),(1981,'REGORS LUIS','RIOS',NULL,NULL,NULL,'Asegurado',26,'ESTEVEZ',3,1,NULL,NULL),(1982,'AMI SOPHIA','TORRES',NULL,NULL,NULL,'Asegurado',26,'LEZCANO',3,1,NULL,NULL),(1983,'SHEILA ','VILAJA',NULL,NULL,NULL,'Asegurado',26,'GUTIERREZ',3,1,NULL,NULL),(1984,'ANGELES GABRIELA','AGUANTA',NULL,NULL,NULL,'Asegurado',26,'HUARAYO',3,1,NULL,NULL),(1985,'ISABELA ','ALFARO',NULL,NULL,NULL,'Asegurado',26,'MONASTERIO',3,1,NULL,NULL),(1986,'ESTHER ','ARCE',NULL,NULL,NULL,'Asegurado',26,'LOPEZ',3,1,NULL,NULL),(1987,'MARILEY ','AREVALO',NULL,NULL,NULL,'Asegurado',26,'GEMIO',3,1,NULL,NULL),(1988,'GABRIEL OCTAVIO','LINO',NULL,NULL,NULL,'Asegurado',26,'CORTEZ',3,1,NULL,NULL),(1989,'RAUL ABRAHAN','LOZA',NULL,NULL,NULL,'Asegurado',26,'AJNOTA',3,1,NULL,NULL),(1990,'RODRIGO ','MERCADO',NULL,NULL,NULL,'Asegurado',26,'SABI',3,1,NULL,NULL),(1991,'VICTOR HUGO','MONTERO',NULL,NULL,NULL,'Asegurado',26,'ORELLANA',3,1,NULL,NULL),(1992,'NAZLY ','OLIVA',NULL,NULL,NULL,'Asegurado',26,'NUR',3,1,NULL,NULL),(1993,'MILEY ','ORELLANA',NULL,NULL,NULL,'Asegurado',26,'MOLLINEDO',3,1,NULL,NULL),(1994,'JUAN SEBASTIAN','PABLO',NULL,NULL,NULL,'Asegurado',26,'NINA',3,1,NULL,NULL),(1995,'HECTOR ANDRES','PANIAGUA',NULL,NULL,NULL,'Asegurado',26,'ANTEZANA',3,1,NULL,NULL),(1996,'MARIA JSE','PATTZI',NULL,NULL,NULL,'Asegurado',26,'PAZ',3,1,NULL,NULL),(1997,'SERGIO ANDRES','PEREZ',NULL,NULL,NULL,'Asegurado',26,'HIGUERAS',3,1,NULL,NULL),(1998,'DAVINIA ','PRADEL',NULL,NULL,NULL,'Asegurado',26,'RODRIGUEZ',3,1,NULL,NULL),(1999,'BISMARK ','PRADO',NULL,NULL,NULL,'Asegurado',26,'ROCHA',3,1,NULL,NULL),(2000,'ANA PAOLA','RIVERA',NULL,NULL,NULL,'Asegurado',26,'BECERRA',3,1,NULL,NULL),(2001,'VICENTE GABRIEL','TIBEÐO',NULL,NULL,NULL,'Asegurado',26,'LUNAOROSCO',3,1,NULL,NULL),(2002,'GIULETA ','VIACAVA',NULL,NULL,NULL,'Asegurado',26,'MERCADO',3,1,NULL,NULL),(2003,'LUIS JORGE','VIDAL',NULL,NULL,NULL,'Asegurado',26,'HURTADO',3,1,NULL,NULL),(2004,'ROME DAMIAN','VILLAGOMEZ',NULL,NULL,NULL,'Asegurado',26,'SARAVIA',3,1,NULL,NULL),(2005,'KARINA LUCIANA','ANDIA',NULL,NULL,NULL,'Asegurado',26,'AYALA',3,1,NULL,NULL),(2006,'JULIETA ','ARRUNATEGUI',NULL,NULL,NULL,'Asegurado',26,'LOMBARDO',3,1,NULL,NULL),(2007,'ANHELINA ','BRITO',NULL,NULL,NULL,'Asegurado',26,'ROCA',3,1,NULL,NULL),(2008,'THIAGO ','CARREÐO',NULL,NULL,NULL,'Asegurado',26,'VILLEGAS',3,1,NULL,NULL),(2009,'MARCO ALEJANDRO','CATOIRA',NULL,NULL,NULL,'Asegurado',26,'VACA',3,1,NULL,NULL),(2010,'PABLO ANDRES','CONTRERAS',NULL,NULL,NULL,'Asegurado',26,'VILLAGOMES',3,1,NULL,NULL),(2011,'DAVID JOSET','DURAN',NULL,NULL,NULL,'Asegurado',26,'CASTILLO',3,1,NULL,NULL),(2012,'DENISSE ','ECHEVERRIA',NULL,NULL,NULL,'Asegurado',26,'YUAN',3,1,NULL,NULL),(2013,'GABRIEL ','GUZMAN',NULL,NULL,NULL,'Asegurado',26,'GUTIERREZ',3,1,NULL,NULL),(2014,'JULIO CESAR','HURTADO',NULL,NULL,NULL,'Asegurado',26,'BRAVO',3,1,NULL,NULL),(2015,'JHONNY ','MONDRAGON',NULL,NULL,NULL,'Asegurado',26,'MENEES',3,1,NULL,NULL),(2016,'SANTIAGO ','OLIVA',NULL,NULL,NULL,'Asegurado',26,'NUR',3,1,NULL,NULL),(2017,'KINBERLY ','ORTIZ',NULL,NULL,NULL,'Asegurado',26,'ORTIZ',3,1,NULL,NULL),(2018,'FLAVIA CATALINA','OSSIO',NULL,NULL,NULL,'Asegurado',26,'ARAUZ',3,1,NULL,NULL),(2019,'SANTIAGO ','PARADA',NULL,NULL,NULL,'Asegurado',26,'CHAVEZ',3,1,NULL,NULL),(2020,'PIA CAMILA','PEREZ',NULL,NULL,NULL,'Asegurado',26,'CLAROS',3,1,NULL,NULL),(2021,'JOSE ALEJANDRO','RIVERO',NULL,NULL,NULL,'Asegurado',26,'VESPA',3,1,NULL,NULL),(2022,'NORELIS ','RODRIGUEZ',NULL,NULL,NULL,'Asegurado',26,'ALPIRE',3,1,NULL,NULL),(2023,'SARAH ','SALCEDO',NULL,NULL,NULL,'Asegurado',26,'LOPEZ',3,1,NULL,NULL),(2024,'LEANDRO GERARDO','SANDOVAL',NULL,NULL,NULL,'Asegurado',26,'ADUVIRI',3,1,NULL,NULL),(2025,'FREDERIC SAMIR','SEJAS',NULL,NULL,NULL,'Asegurado',26,'VEISAGA',3,1,NULL,NULL),(2026,'YENNI ISALVA','SORUCO',NULL,NULL,NULL,'Asegurado',26,'PANTOJA',3,1,NULL,NULL),(2027,'GUILLERMO MATIAS','BECERRA',NULL,NULL,NULL,'Asegurado',26,'GRAGEDA',3,1,NULL,NULL),(2028,'FERNANDO ','AGUILERA',NULL,NULL,NULL,'Asegurado',26,'CAMACHO',3,1,NULL,NULL),(2029,'GABRIEL ','BORDA',NULL,NULL,NULL,'Asegurado',26,'ROMERO',3,1,NULL,NULL),(2030,'NATALIA ','CAMPERO',NULL,NULL,NULL,'Asegurado',26,'LEAÐOS',3,1,NULL,NULL),(2031,'DANA LEONOR','FEENEY',NULL,NULL,NULL,'Asegurado',26,'MORENO',3,1,NULL,NULL),(2032,'LEONARDO ','FIGUEROA',NULL,NULL,NULL,'Asegurado',26,'MERILES',3,1,NULL,NULL),(2033,'BRUNO ','FLORES',NULL,NULL,NULL,'Asegurado',26,'NOGUERA',3,1,NULL,NULL),(2034,'ADRIANA ESTELA','GUARDIA',NULL,NULL,NULL,'Asegurado',26,'HURTADO',3,1,NULL,NULL),(2035,'ELVIRA ','HERRERA',NULL,NULL,NULL,'Asegurado',26,'VILLA',3,1,NULL,NULL),(2036,'MATEO ','IBAÐEZ',NULL,NULL,NULL,'Asegurado',26,'MONTERO',3,1,NULL,NULL),(2037,'ABRAHAN ','MERCADO',NULL,NULL,NULL,'Asegurado',26,'GONZALES',3,1,NULL,NULL),(2038,'ADRIANA ','MONASTERIOS',NULL,NULL,NULL,'Asegurado',26,'GALARZA',3,1,NULL,NULL),(2039,'JHORGELY ','MONDRAGON',NULL,NULL,NULL,'Asegurado',26,'MENESES',3,1,NULL,NULL),(2040,'FABIO ANDRES','PANTOJA',NULL,NULL,NULL,'Asegurado',26,'JUSTINIANO',3,1,NULL,NULL),(2041,'SANTIAGO ','PEREDO',NULL,NULL,NULL,'Asegurado',26,'PEREDO',3,1,NULL,NULL),(2042,'SEBASTIAN ','ROCHA',NULL,NULL,NULL,'Asegurado',26,'CHAVEZ',3,1,NULL,NULL),(2043,'MATEO ','ROJAS',NULL,NULL,NULL,'Asegurado',26,'CUERO',3,1,NULL,NULL),(2044,'OSCAR DAVID','SALCEDO',NULL,NULL,NULL,'Asegurado',26,'LOPEZ',3,1,NULL,NULL),(2045,'LUIS CARLOS','VARGAS',NULL,NULL,NULL,'Asegurado',26,'CUELLAR',3,1,NULL,NULL),(2046,'AMIR JOSE','VELASCO',NULL,NULL,NULL,'Asegurado',26,'BORDA',3,1,NULL,NULL),(2047,'DAVID ANDRES','ALFARO',NULL,NULL,NULL,'Asegurado',26,'MONASTERIO',3,1,NULL,NULL),(2048,'MARIA JOSE','AÐEZ',NULL,NULL,NULL,'Asegurado',26,'NOTO',3,1,NULL,NULL),(2049,'FABIO ANTONIO','BRAVO',NULL,NULL,NULL,'Asegurado',26,'CHAVEZ',3,1,NULL,NULL),(2050,'MATIAS SEBASTIAN','CABRERA',NULL,NULL,NULL,'Asegurado',26,'CABRERA',3,1,NULL,NULL),(2051,'PABLO JAVIER','CANQUI',NULL,NULL,NULL,'Asegurado',26,'MIRANDA',3,1,NULL,NULL),(2052,'JHONNY ','CASTRO',NULL,NULL,NULL,'Asegurado',26,'BEJARANO',3,1,NULL,NULL),(2053,'DAVID ESTEBAN','CONTRERAS',NULL,NULL,NULL,'Asegurado',26,'VILLAGOMES',3,1,NULL,NULL),(2054,'ADRIAN ','CUELLAR',NULL,NULL,NULL,'Asegurado',26,'CALLAU',3,1,NULL,NULL),(2055,'YORK FELIX','GONGORA',NULL,NULL,NULL,'Asegurado',26,'MEJIA',3,1,NULL,NULL),(2056,'KALED PERCY','GOZALES',NULL,NULL,NULL,'Asegurado',26,'BAUTISTA',3,1,NULL,NULL),(2057,'MEIHUI ','GU',NULL,NULL,NULL,'Asegurado',26,'PEDRAZAS',3,1,NULL,NULL),(2058,'JUAN LEANDRO','LOPEZ',NULL,NULL,NULL,'Asegurado',26,'ZURITA',3,1,NULL,NULL),(2059,'ANGEL ANDREA','MERCADO',NULL,NULL,NULL,'Asegurado',26,'SABI',3,1,NULL,NULL),(2060,'THIAGO RODRIGO','MIRANDA',NULL,NULL,NULL,'Asegurado',26,'ARAUZ',3,1,NULL,NULL),(2061,'ALVARO MATIAS','MIRANDA',NULL,NULL,NULL,'Asegurado',26,'GARNICA',3,1,NULL,NULL),(2062,'SEBASTIAN ','MONTAÐO',NULL,NULL,NULL,'Asegurado',26,'MARAÐON',3,1,NULL,NULL),(2063,'SANTIAGO ','OLIVA',NULL,NULL,NULL,'Asegurado',26,'MENDOZA',3,1,NULL,NULL),(2064,'CARLOS FELIPE','SALAZAR',NULL,NULL,NULL,'Asegurado',26,'TERAN',3,1,NULL,NULL),(2065,'JOAO VICTOR','PEREIRA',NULL,NULL,NULL,'Asegurado',26,'RAMOS',3,1,NULL,NULL),(2066,'JOSE PEDRO','SUAREZ',NULL,NULL,NULL,'Asegurado',26,'INTURIAS',3,1,NULL,NULL),(2067,'SAMIRA ','TERRAZAS',NULL,NULL,NULL,'Asegurado',26,'EGUEZ',3,1,NULL,NULL),(2068,'SHARON ','AGUILAR',NULL,NULL,NULL,'Asegurado',26,'CRUZ',3,1,NULL,NULL),(2069,'PRISCILA ','AÐEZ',NULL,NULL,NULL,'Asegurado',26,'PALACIOS',3,1,NULL,NULL),(2070,'GIULIANA ','ARCE',NULL,NULL,NULL,'Asegurado',26,'LOPEZ',3,1,NULL,NULL),(2071,'KARINA ','CAMPOS',NULL,NULL,NULL,'Asegurado',26,'CAMBARA',3,1,NULL,NULL),(2072,'NICOLE ','CORONEL',NULL,NULL,NULL,'Asegurado',26,'LARA',3,1,NULL,NULL),(2073,'VALENTINA ','CORTEZ',NULL,NULL,NULL,'Asegurado',26,'SANCHEZ',3,1,NULL,NULL),(2074,'BRISA PAOLA','HUANCA',NULL,NULL,NULL,'Asegurado',26,'RODRIGUEZ',3,1,NULL,NULL),(2075,'MARIA CELESTE','HURTADO',NULL,NULL,NULL,'Asegurado',26,'BRAVO',3,1,NULL,NULL),(2076,'CAMILA ','IBAÐEZ',NULL,NULL,NULL,'Asegurado',26,'ARANIBAR',3,1,NULL,NULL),(2077,'CRISTHIAN DANIEL','LEDEZMA',NULL,NULL,NULL,'Asegurado',26,'DORADO',3,1,NULL,NULL),(2078,'DAYANY ESTEFANY','MEDINA',NULL,NULL,NULL,'Asegurado',26,'ARMOA',3,1,NULL,NULL),(2079,'EZEQUIEL ','MONDINO',NULL,NULL,NULL,'Asegurado',26,'SUAREZ',3,1,NULL,NULL),(2080,'SEBASTIAN ','RIOS',NULL,NULL,NULL,'Asegurado',26,'REYES',3,1,NULL,NULL),(2081,'CARLA SOFIA','ROCA',NULL,NULL,NULL,'Asegurado',26,'ORTEGA',3,1,NULL,NULL),(2082,'ARIANNE ','SOMOZA',NULL,NULL,NULL,'Asegurado',26,'ROCHA',3,1,NULL,NULL),(2083,'SHARON MIA','VARGAS',NULL,NULL,NULL,'Asegurado',26,'MITHA',3,1,NULL,NULL),(2084,'JACK ','LEAÐO',NULL,NULL,NULL,'Asegurado',26,'ROMAN',6,1,NULL,NULL),(2085,'ERNESTO ','ROCABADO',NULL,NULL,NULL,'Asegurado',26,'PIZARRO',6,1,NULL,NULL),(2086,'ARIANNE ','CAMACHO',NULL,NULL,NULL,'Asegurado',26,'MOLINA',5,1,NULL,NULL),(2087,'DANIELA ','SUAREZ',NULL,NULL,NULL,'Asegurado',26,'VARGAS',12,1,NULL,NULL),(2088,'VALERIA ','LOPEZ',NULL,NULL,NULL,'Asegurado',26,'QUIROZ',5,1,NULL,NULL),(2089,'ARTURO ','SUAREZ',NULL,NULL,NULL,'Asegurado',26,'VARGAS',12,1,NULL,NULL),(2090,'BRUNO LEANDRO','SUAREZ',NULL,NULL,NULL,'Asegurado',26,'COMBA',15,1,NULL,NULL),(2091,'MATTEO ','SALAS',NULL,NULL,NULL,'Asegurado',26,'PANIAGUA',5,1,NULL,NULL),(2092,'SAMUEL ','SALAS',NULL,NULL,NULL,'Asegurado',26,'PANIAGUA',5,1,NULL,NULL),(2093,'LUANA ','BECERRA',NULL,NULL,NULL,'Asegurado',26,'HINOJOSA',5,1,NULL,NULL),(2094,'BRUNO MATEO','FLORES',NULL,NULL,NULL,'Asegurado',26,'ANGULO',5,1,NULL,NULL),(2095,'RAFAEL ANDRES','FLORES',NULL,NULL,NULL,'Asegurado',26,'ANGULO',5,1,NULL,NULL),(2096,'SOFIA VICTORIA','VACA',NULL,NULL,NULL,'Asegurado',26,'CESPEDES',5,1,NULL,NULL),(2097,'RAI ','PEREZ',NULL,NULL,NULL,'Asegurado',26,'BERAZAIN',5,1,NULL,NULL),(2098,'ITZEL ','JUSTINIANO',NULL,NULL,NULL,'Asegurado',26,'CHAVEZ',15,1,NULL,NULL),(2099,'MAURO SEBASTIAN','MARTINEZ',NULL,NULL,NULL,'Asegurado',26,'JUSTINIANO',5,1,NULL,NULL),(2100,'GABRIEL ','RAMIREZ',NULL,NULL,NULL,'Asegurado',26,'CHAVEZ',5,1,NULL,NULL),(2101,'GALVARRO MARIAN','RIVERA',NULL,NULL,NULL,'Asegurado',26,'SORIA',5,1,NULL,NULL),(2102,'PEDRO ALEJANDRO','CALDERON',NULL,NULL,NULL,'Asegurado',26,'MERCADO',5,1,NULL,NULL),(2103,'EZEQUIEL ','AVENDAÐO',NULL,NULL,NULL,'Asegurado',26,'LOPEZ',5,1,NULL,NULL),(2104,'NASSER KENYIRO','SALAUES',NULL,NULL,NULL,'Asegurado',26,'KIYUNA',5,1,NULL,NULL),(2105,'SHADIA ','SALAUES',NULL,NULL,NULL,'Asegurado',26,'KIYUNA',5,1,NULL,NULL),(2106,'ISABELA ','CABRERA',NULL,NULL,NULL,'Asegurado',26,'GONZALES',5,1,NULL,NULL),(2107,'ERNESTO ','FERRUFINO',NULL,NULL,NULL,'Asegurado',26,'BEJARANO',5,1,NULL,NULL),(2108,'ANTONELLA ','ANGULO',NULL,NULL,NULL,'Asegurado',26,'ANTELO',5,1,NULL,NULL),(2109,'ISABELLA ','ORELLANA',NULL,NULL,NULL,'Asegurado',26,'CHAVEZ',15,1,NULL,NULL),(2110,'INGRID ','JUSTINIANO',NULL,NULL,NULL,'Asegurado',26,'CHAVEZ',15,1,NULL,NULL),(2111,'CARLOS EDUARDO','MEJIA',NULL,NULL,NULL,'Asegurado',26,'LIMPIAS',12,1,NULL,NULL),(2112,'NICOLAS ','BALDERRAMA',NULL,NULL,NULL,'Asegurado',26,'BEJARANO',2,1,NULL,NULL),(2113,'HARUMI KAORI','SALVATIERRA',NULL,NULL,NULL,'Asegurado',26,'QUIROGA',12,1,NULL,NULL),(2114,'MAYUMI HIROMI','SALVATIERRA',NULL,NULL,NULL,'Asegurado',26,'QUIROGA',12,1,NULL,NULL),(2115,'VALERIA ','ALDUNATE',NULL,NULL,NULL,'Asegurado',26,'PEDRAZA',5,1,NULL,NULL),(2116,'LIZ ANELI','VARGAS',NULL,NULL,NULL,'Asegurado',26,'ORTIZ',5,1,NULL,NULL),(2117,'LILIAN MICHAELLA','NUÑEZ',NULL,NULL,NULL,'Asegurado',26,'CARDENAS',5,1,NULL,NULL),(2118,'DARINA KRISTEL','SEJAS',NULL,NULL,NULL,'Asegurado',26,'JUSTINIANO',5,1,NULL,NULL),(2119,'SEBASTIAN ','SALAS',NULL,NULL,NULL,'Asegurado',26,'RIBERA',5,1,NULL,NULL),(2120,'BRUNO ','MANZANO',NULL,NULL,NULL,'Asegurado',26,'RIVERA',5,1,NULL,NULL),(2121,'MATIAS ','JURADO',NULL,NULL,NULL,'Asegurado',26,'SUAREZ',5,1,NULL,NULL),(2122,'ANDRE SEBASTIAN','DUNN',NULL,NULL,NULL,'Asegurado',26,'BAÑON',12,1,NULL,NULL),(2123,'ISABELLA ','BUSTILLO',NULL,NULL,NULL,'Asegurado',26,'ALBA',2,1,NULL,NULL),(2124,'SERGIO ANDRES','ARAGON',NULL,NULL,NULL,'Asegurado',26,'MENDEZ',12,1,NULL,NULL),(2125,'SOFIA LORENA','ARAGON',NULL,NULL,NULL,'Asegurado',26,'MENDEZ',12,1,NULL,NULL),(2126,'IAN SAMIR','VILLARROEL',NULL,NULL,NULL,'Asegurado',26,'ROCA',12,1,NULL,NULL),(2127,'LUKAS ','PAICHUCAMA',NULL,NULL,NULL,'Asegurado',26,'YEPEZ',12,1,NULL,NULL),(2128,'BORIS DANIEL','PAICHUCAMA',NULL,NULL,NULL,'Asegurado',26,'YEPEZ',12,1,NULL,NULL),(2129,'ADRIAN ','YABETA',NULL,NULL,NULL,'Asegurado',26,'MIGLINO',5,1,NULL,NULL),(2130,'SANTIAGO ','HIDALGO',NULL,NULL,NULL,'Asegurado',26,'GARCIA',5,1,NULL,NULL),(2131,'FAVITA MARIEL','VARGAS',NULL,NULL,NULL,'Asegurado',26,'LAZZO',12,1,NULL,NULL),(2132,'AGUSTIN ','TAPIA',NULL,NULL,NULL,'Asegurado',26,'CORTEZ',12,1,NULL,NULL),(2133,'MATIAS ','ESCALANTE',NULL,NULL,NULL,'Asegurado',26,'AÑEZ',12,1,NULL,NULL),(2134,'LISSETH FERNANDA','ZAVALA',NULL,NULL,NULL,'Asegurado',26,'VILLARROEL',12,1,NULL,NULL),(2135,'LUIS FERNANDO','BEJARANO',NULL,NULL,NULL,'Asegurado',26,'CASACA',12,1,NULL,NULL),(2136,'ZAMIR ','HURTADO',NULL,NULL,NULL,'Asegurado',26,'HOYOS',12,1,NULL,NULL),(2137,'MATEO ANDRES','VACA',NULL,NULL,NULL,'Asegurado',26,'CESPEDES',5,1,NULL,NULL),(2138,'MIA THAIS','VACA',NULL,NULL,NULL,'Asegurado',26,'CESPEDES',5,1,NULL,NULL),(2139,'RAFAELA ','PAZ',NULL,NULL,NULL,'Asegurado',26,'ROCA',5,1,NULL,NULL),(2140,'RENATA ','PAZ',NULL,NULL,NULL,'Asegurado',26,'ROCA',5,1,NULL,NULL),(2141,'ROBERTA ','PAZ',NULL,NULL,NULL,'Asegurado',26,'ROCA',5,1,NULL,NULL),(2142,'MAX DYLAN','LOPEZ',NULL,NULL,NULL,'Asegurado',26,'ORELLANA',5,1,NULL,NULL),(2143,'CAMILO ','PARADA',NULL,NULL,NULL,'Asegurado',26,'RIBERA',5,1,NULL,NULL),(2144,'OSCAR ERNESTO','BUSTILLOS',NULL,NULL,NULL,'Asegurado',26,'QUISBERT',5,1,NULL,NULL),(2145,'KADIA KALESSI','SIERRA',NULL,NULL,NULL,'Asegurado',26,'JUSTINIANO',5,1,NULL,NULL),(2146,'LUCAS ','RIVAS',NULL,NULL,NULL,'Asegurado',26,'GALVAO',5,1,NULL,NULL),(2147,'BRUNO ','RIVAS',NULL,NULL,NULL,'Asegurado',26,'GALVAO',5,1,NULL,NULL),(2148,'RAFAELA ','CRESPO',NULL,NULL,NULL,'Asegurado',26,'VEAS',5,1,NULL,NULL),(2149,'ISABELLA ','CRESPO',NULL,NULL,NULL,'Asegurado',26,'VEAS',5,1,NULL,NULL),(2150,'RENATA ','MOSCOSO',NULL,NULL,NULL,'Asegurado',26,'ALGARAÑAZ',5,1,NULL,NULL),(2151,'AGUSTINA ','JEMIO',NULL,NULL,NULL,'Asegurado',26,'TOLEDO',5,1,NULL,NULL),(2152,'OLIVIA ','GUILLEN',NULL,NULL,NULL,'Asegurado',26,'AGUILERA',5,1,NULL,NULL),(2153,'JAVIER ARTURO','SALAZAR',NULL,NULL,NULL,'Asegurado',26,'TERCEROS',5,1,NULL,NULL),(2154,'MARIANA ','GUARACHI',NULL,NULL,NULL,'Asegurado',26,'MAREÑO',5,1,NULL,NULL),(2155,'EMANUEL RODRIGO','SOLIZ',NULL,NULL,NULL,'Asegurado',26,'MENDEZ',5,1,NULL,NULL),(2156,'BENJAMIN RODRIGO','SOLIZ',NULL,NULL,NULL,'Asegurado',26,'MENDEZ',5,1,NULL,NULL),(2157,'MIA ISABELLA','RAMIREZ',NULL,NULL,NULL,'Asegurado',26,'VALLEJOS',5,1,NULL,NULL),(2158,'RAFAELA ','LOPEZ',NULL,NULL,NULL,'Asegurado',26,'MELENDRES',5,1,NULL,NULL),(2159,'ANTUAN ','CORTEZ',NULL,NULL,NULL,'Asegurado',26,'PAZ',5,1,NULL,NULL),(2160,'JOSEPH ANDRES','JARANDILLA',NULL,NULL,NULL,'Asegurado',26,'ARIAS',5,1,NULL,NULL),(2161,'ISABELLA ','ROJAS',NULL,NULL,NULL,'Asegurado',26,'ALBARADO',5,1,NULL,NULL),(2162,'ARELETTE SOFIA','PERICENA',NULL,NULL,NULL,'Asegurado',26,'TERCEROS',5,1,NULL,NULL),(2163,'MATIAS ','GUTIERREZ',NULL,NULL,NULL,'Asegurado',26,'STARTARY',5,1,NULL,NULL),(2164,'MYRCELLA LUCIANA','MEDINA',NULL,NULL,NULL,'Asegurado',26,'VILLARROEL',5,1,NULL,NULL),(2165,'KEYLA GABRIELA','ESPEJO',NULL,NULL,NULL,'Asegurado',26,'LOPEZ',5,1,NULL,NULL),(2166,'FRANZ ','AROJA',NULL,NULL,NULL,'Asegurado',26,'OCHOA',5,1,NULL,NULL),(2167,'NICOLAS ','AROJA',NULL,NULL,NULL,'Asegurado',26,'OCHOA',5,1,NULL,NULL),(2168,'MIA ALESSIA','VILLAGOMEZ',NULL,NULL,NULL,'Asegurado',26,'TUNA',5,1,NULL,NULL),(2169,'FABIANA ','TORREJON',NULL,NULL,NULL,'Asegurado',26,'DOMINGUEZ',5,1,NULL,NULL),(2170,'BENJAMIN ','ROLLANO',NULL,NULL,NULL,'Asegurado',26,'INCLAN',5,1,NULL,NULL),(2171,'MARIA ELISA','ARAUZ',NULL,NULL,NULL,'Asegurado',26,'CABRAL',5,1,NULL,NULL),(2172,'TAMARA ','SARDAN',NULL,NULL,NULL,'Asegurado',26,'CALLEJAS',5,1,NULL,NULL),(2173,'SEBASTIAN ','SARDAN',NULL,NULL,NULL,'Asegurado',26,'CALLEJAS',5,1,NULL,NULL),(2174,'EUNICE ','VALENCIA',NULL,NULL,NULL,'Asegurado',26,'SOTO',5,1,NULL,NULL),(2175,'EMILCEN NATALIA','ORELLANA',NULL,NULL,NULL,'Asegurado',26,'ALPIRE',5,1,NULL,NULL),(2176,'ASIEL THELMA','ATTO',NULL,NULL,NULL,'Asegurado',26,'VINO',5,1,NULL,NULL),(2177,'MOISES ANGEL','FERRUFINO',NULL,NULL,NULL,'Asegurado',26,'SUAREZ',5,1,NULL,NULL),(2178,'BENJAMIN ','VEIZAGA',NULL,NULL,NULL,'Asegurado',26,'PEÑA',5,1,NULL,NULL),(2179,'VALENTINA ','VEIZAGA',NULL,NULL,NULL,'Asegurado',26,'PEÑA',5,1,NULL,NULL),(2180,'ROGER ANDRES','TERRAZAS',NULL,NULL,NULL,'Asegurado',26,'ORELLANA',5,1,NULL,NULL),(2181,'GABRIEL ','PACO',NULL,NULL,NULL,'Asegurado',26,'RUIZ',5,1,NULL,NULL),(2182,'MIA VICTORIA','PAZ',NULL,NULL,NULL,'Asegurado',26,'CASTILLO',5,1,NULL,NULL),(2183,'OSCAR MARIO','ZAVALA',NULL,NULL,NULL,'Asegurado',26,'VIDES',5,1,NULL,NULL),(2184,'VALENTINA ','GARCIA',NULL,NULL,NULL,'Asegurado',26,'NUÑEZ',5,1,NULL,NULL),(2185,'IGNACIO ','TORO',NULL,NULL,NULL,'Asegurado',26,'RENDON',5,1,NULL,NULL),(2186,'RAFAELA AITANA','MEDINA',NULL,NULL,NULL,'Asegurado',26,'GARRIDO',5,1,NULL,NULL),(2187,'JUAN ANDRES','SEÑA',NULL,NULL,NULL,'Asegurado',26,'MORENO',5,1,NULL,NULL),(2188,'FRIDA ','BRAVO',NULL,NULL,NULL,'Asegurado',26,'CRUZ DE CARVALHO',5,1,NULL,NULL),(2189,'JAIR ','SAAVEDRA',NULL,NULL,NULL,'Asegurado',26,'AVALOS',5,1,NULL,NULL),(2190,'MAXIMILIANO ','LOPEZ',NULL,NULL,NULL,'Asegurado',26,'ARIAS',5,1,NULL,NULL),(2191,'PAUL SEBASTIAN','FLORES',NULL,NULL,NULL,'Asegurado',26,'IBAÑEZ',5,1,NULL,NULL),(2192,'ZOE AITANA','SILES',NULL,NULL,NULL,'Asegurado',26,'LEMO',5,1,NULL,NULL),(2193,'JOSAFAT KAREL','CRUZ',NULL,NULL,NULL,'Asegurado',26,'ROJAS',5,1,NULL,NULL),(2194,'CARLA ZDENKA','CRUZ',NULL,NULL,NULL,'Asegurado',26,'ROJAS',5,1,NULL,NULL),(2195,'KEREN ZDENKA','CRUZ',NULL,NULL,NULL,'Asegurado',26,'ROJAS',5,1,NULL,NULL),(2196,'ALBERTO LEANDRO','GUZMAN',NULL,NULL,NULL,'Asegurado',26,'ANDIA',5,1,NULL,NULL),(2197,'MIA NATALI','GUZMAN',NULL,NULL,NULL,'Asegurado',26,'ANDIA',5,1,NULL,NULL),(2198,'MICHEL SARAI','LIMPIAS',NULL,NULL,NULL,'Asegurado',26,'DOMINGUEZ',5,1,NULL,NULL),(2199,'AURORA ','MUÑOZ',NULL,NULL,NULL,'Asegurado',26,'QUINTEROS',5,1,NULL,NULL),(2200,'SOFIA ','MARTINEZ',NULL,NULL,NULL,'Asegurado',26,'HASSENTEUFEL',5,1,NULL,NULL),(2201,'EMILIA ','MOSCOSO',NULL,NULL,NULL,'Asegurado',26,'ALGARAÑAZ',5,1,NULL,NULL),(2202,'LEONARDO ','CLAROS',NULL,NULL,NULL,'Asegurado',26,'MONTAÑO',5,1,NULL,NULL),(2203,'OSCAR LEONARDO','CABALLERO',NULL,NULL,NULL,'Asegurado',26,'MONTAÑO',5,1,NULL,NULL),(2204,'LUCIANA ','ROJAS',NULL,NULL,NULL,'Asegurado',26,'MARTINIC',5,1,NULL,NULL),(2205,'LUCIANA ','POPPE',NULL,NULL,NULL,'Asegurado',26,'ROSAS',5,1,NULL,NULL),(2206,'JORGE FABRICIO','ALVAREZ',NULL,NULL,NULL,'Asegurado',26,'PEREZ',5,1,NULL,NULL),(2207,'TAMARA ','ALVAREZ',NULL,NULL,NULL,'Asegurado',26,'PEREZ',5,1,NULL,NULL),(2208,'FERNANDO JESUS','SORIA',NULL,NULL,NULL,'Asegurado',26,'ROJAS',5,1,NULL,NULL),(2209,'ESTHER ','GUZMAN',NULL,NULL,NULL,'Asegurado',26,'ZARCO',5,1,NULL,NULL),(2210,'DIANA ISABELA','QUISPE',NULL,NULL,NULL,'Asegurado',26,'LLANOS',5,1,NULL,NULL),(2211,'SOFIA ','BELAUNDE',NULL,NULL,NULL,'Asegurado',26,'SERRUTO',5,1,NULL,NULL),(2212,'SARAHI BELEN','QUINTANILLA',NULL,NULL,NULL,'Asegurado',26,'GALVEZ',5,1,NULL,NULL),(2213,'ABRAHAM DAVID','LOPEZ',NULL,NULL,NULL,'Asegurado',26,'MALDDONADO',5,1,NULL,NULL),(2214,'ELIAS DANIEL','LOPEZ',NULL,NULL,NULL,'Asegurado',26,'MALDONADO',5,1,NULL,NULL),(2215,'PABLO JOSE','LOPEZ',NULL,NULL,NULL,'Asegurado',26,'MALDONADO',5,1,NULL,NULL),(2216,'FERNANDA NATHALIA','DEL CARPIO',NULL,NULL,NULL,'Asegurado',26,'SERRUDO',5,1,NULL,NULL),(2217,'JOAQUIN ENRIQUE','DEL CARPIO',NULL,NULL,NULL,'Asegurado',26,'SERRUDO',5,1,NULL,NULL),(2218,'SOFIA ','VELASCO',NULL,NULL,NULL,'Asegurado',26,'BARJA',5,1,NULL,NULL),(2219,'VICTORIA ','RIVAS',NULL,NULL,NULL,'Asegurado',26,'SUAREZ',5,1,NULL,NULL),(2220,'MARTIN ','ROCA',NULL,NULL,NULL,'Asegurado',26,'MERCADO',5,1,NULL,NULL),(2221,'ALISS ROMINA','AVALOS',NULL,NULL,NULL,'Asegurado',26,'VACA',5,1,NULL,NULL),(2222,'ALESSANDRO THIAGO','MERINO',NULL,NULL,NULL,'Asegurado',26,'RODRIGUEZ',5,1,NULL,NULL),(2223,'AGUSTIN ','PINEDO',NULL,NULL,NULL,'Asegurado',26,'SALAZAR',5,1,NULL,NULL),(2224,'EZEKIEL EMILIO','ARANDIA',NULL,NULL,NULL,'Asegurado',26,'NAVA',5,1,NULL,NULL),(2225,'RAFAELLA ','ARANDIA',NULL,NULL,NULL,'Asegurado',26,'NAVA',5,1,NULL,NULL),(2226,'EMANUEL ','PEREZ',NULL,NULL,NULL,'Asegurado',26,'RIBERA',5,1,NULL,NULL),(2227,'MATIAS DAVID','OSINAGA',NULL,NULL,NULL,'Asegurado',26,'MANTILLA',5,1,NULL,NULL),(2228,'TAMARA ','OCHOA',NULL,NULL,NULL,'Asegurado',26,'MONTAÑO',5,1,NULL,NULL),(2229,'NAZARETH ','VACA',NULL,NULL,NULL,'Asegurado',26,'GUZMAN',5,1,NULL,NULL),(2230,'JOSUE ISAIAS','VACA',NULL,NULL,NULL,'Asegurado',26,'GUZMAN',5,1,NULL,NULL),(2231,'MARIA ANTONELLA','DE LA QUINTANA',NULL,NULL,NULL,'Asegurado',26,'MENDES',5,1,NULL,NULL),(2232,'DIANA MIKAELA','CALLA',NULL,NULL,NULL,'Asegurado',26,'CAERO',5,1,NULL,NULL),(2233,'FAHRID DAREL','ORTIZ',NULL,NULL,NULL,'Asegurado',26,'GUZMAN',5,1,NULL,NULL),(2234,'SUANY ','PEÑA',NULL,NULL,NULL,'Asegurado',26,'ARANCIBIA',5,1,NULL,NULL),(2235,'NICOL ','CHAMBI',NULL,NULL,NULL,'Asegurado',26,'SANCHEZ',5,1,NULL,NULL),(2236,'NATALY ','CHAMBI',NULL,NULL,NULL,'Asegurado',26,'SANCHEZ',5,1,NULL,NULL),(2237,'FLAVIA ','ARTEAGA',NULL,NULL,NULL,'Asegurado',26,'BARRON',5,1,NULL,NULL),(2238,'JIMMY ','ARTEAGA',NULL,NULL,NULL,'Asegurado',26,'BARRON',5,1,NULL,NULL),(2239,'VALERIA ','FRIAS',NULL,NULL,NULL,'Asegurado',26,'BARBA',5,1,NULL,NULL),(2240,'SARAI PILAR','SANCHEZ',NULL,NULL,NULL,'Asegurado',26,'ANDIA',5,1,NULL,NULL),(2241,'ZOE MARIELA','QUIROGA',NULL,NULL,NULL,'Asegurado',26,'HUANCA',5,1,NULL,NULL),(2242,'ARTURO ANGEL','AGUILERA',NULL,NULL,NULL,'Asegurado',26,'PADILLA',5,1,NULL,NULL),(2243,'ESTER ','RODAS',NULL,NULL,NULL,'Asegurado',26,'BELAUNDE',5,1,NULL,NULL),(2244,'ANTONELLY ','HURTADO',NULL,NULL,NULL,'Asegurado',26,'GUILLEN',5,1,NULL,NULL),(2245,'ALEX SANTIAGO','CUETO',NULL,NULL,NULL,'Asegurado',26,'VILLAGOMEZ',5,1,NULL,NULL),(2246,'ALEJANDRO ','CADIMA',NULL,NULL,NULL,'Asegurado',26,'VALLEJOS',5,1,NULL,NULL),(2247,'JOSIAS ','REINOSO',NULL,NULL,NULL,'Asegurado',26,'MARIN',5,1,NULL,NULL),(2248,'LUIS ALBERTO','QUINTELA',NULL,NULL,NULL,'Asegurado',26,'ARAUZ',5,1,NULL,NULL),(2249,'MATEO ','PIZARRO',NULL,NULL,NULL,'Asegurado',26,'PARADA',5,1,NULL,NULL),(2250,'ABIGAIL ','REINOSO',NULL,NULL,NULL,'Asegurado',26,'MARIN',5,1,NULL,NULL),(2251,'ELIAS ','REINOSO',NULL,NULL,NULL,'Asegurado',26,'MARIN',5,1,NULL,NULL),(2252,'SEBASTIAN ','EGUEZ',NULL,NULL,NULL,'Asegurado',26,'QUIROZ',5,1,NULL,NULL),(2253,'SOFIA NAZARENA','SORIA',NULL,NULL,NULL,'Asegurado',26,'ROJAS',5,1,NULL,NULL),(2254,'AMALIA ','AMPUERO',NULL,NULL,NULL,'Asegurado',26,'LAZO DE LA VEGA',5,1,NULL,NULL),(2255,'VALERIA ','JUSTINIANO',NULL,NULL,NULL,'Asegurado',26,'MIRANDA',5,1,NULL,NULL),(2256,'RAQUEL ','REINOSO',NULL,NULL,NULL,'Asegurado',26,'MARIN',5,1,NULL,NULL),(2257,'EDUARD SANTIAGO','TORREZ',NULL,NULL,NULL,'Asegurado',26,'IBAÑEZ',5,1,NULL,NULL),(2258,'LUCAS FERNANDO','BARRIOS',NULL,NULL,NULL,'Asegurado',26,'ROBLES',5,1,NULL,NULL),(2259,'LUCAS MATEO','AVILA',NULL,NULL,NULL,'Asegurado',26,'SARAVIA',5,1,NULL,NULL),(2260,'CALEB ANDRE','PAZ',NULL,NULL,NULL,'Asegurado',26,'ORELLANA',5,1,NULL,NULL),(2261,'HANNA REBECA','PAZ',NULL,NULL,NULL,'Asegurado',26,'ORELLANA',5,1,NULL,NULL),(2262,'SERGIO IGNACIO','PAZ',NULL,NULL,NULL,'Asegurado',26,'ORELLANA',5,1,NULL,NULL),(2263,'ALICIA ','PAZ',NULL,NULL,NULL,'Asegurado',26,'JUSTINIANO',5,1,NULL,NULL),(2264,'IRENE ','PAZ',NULL,NULL,NULL,'Asegurado',26,'JUSTINIANO',5,1,NULL,NULL),(2265,'MARCELA ','SAAVEDRA',NULL,NULL,NULL,'Asegurado',26,'MARTINEZ',5,1,NULL,NULL),(2266,'CARLA GISSEL','PEREZ',NULL,NULL,NULL,'Asegurado',26,'ROJAS',5,1,NULL,NULL),(2267,'HECTOR GABRIEL','PEREZ',NULL,NULL,NULL,'Asegurado',26,'ROJAS',5,1,NULL,NULL),(2268,'ARTURO ','ANDIA',NULL,NULL,NULL,'Asegurado',26,'LEON',5,1,NULL,NULL),(2269,'CARLOS FABRICIO','MADRID',NULL,NULL,NULL,'Asegurado',26,'REA',5,1,NULL,NULL),(2270,'LUCIA VANELLOPE','CASTILLO',NULL,NULL,NULL,'Asegurado',26,'CABALLERO',5,1,NULL,NULL),(2271,'MATEO FABRIZIO','CASTILLO',NULL,NULL,NULL,'Asegurado',26,'CABALLERO',5,1,NULL,NULL),(2272,'VALENTINA ','MORALES',NULL,NULL,NULL,'Asegurado',26,'PEREZ',5,1,NULL,NULL),(2273,'LEONARDO ','CUELLAR',NULL,NULL,NULL,'Asegurado',26,'GUZMAN',5,1,NULL,NULL),(2274,'SANTIAGO JAVIER','ROSALES',NULL,NULL,NULL,'Asegurado',26,'VELASQUEZ',5,1,NULL,NULL),(2275,'GAELL ','FLORES',NULL,NULL,NULL,'Asegurado',26,'PEREZ',5,1,NULL,NULL),(2276,'LEANDRO RENE','GOMEZ',NULL,NULL,NULL,'Asegurado',26,'REQUIZ',5,1,NULL,NULL),(2277,'MATIAS ','LOPEZ',NULL,NULL,NULL,'Asegurado',26,'QUIROZ',5,1,NULL,NULL),(2278,'DARLICE ARIANA','MONTERO',NULL,NULL,NULL,'Asegurado',26,'HURTADO',5,1,NULL,NULL),(2279,'ANA CATALINA','ZUBIETA',NULL,NULL,NULL,'Asegurado',26,'ALCOCER',5,1,NULL,NULL),(2280,'MATIAS SANTIAGO','CHURA',NULL,NULL,NULL,'Asegurado',26,'CABRERA',12,1,NULL,NULL),(2281,'RIVAROLA IKER','VON',NULL,NULL,NULL,'Asegurado',26,'LANDWUST',5,1,NULL,NULL),(2282,'MARIA FERNANDA','LINO',NULL,NULL,NULL,'Asegurado',26,'VACA PEREIRA',5,1,NULL,NULL),(2283,'AMELIA ','MALALA',NULL,NULL,NULL,'Asegurado',26,'FLORES',5,1,NULL,NULL),(2284,'JUAN CARLO','ESPADA',NULL,NULL,NULL,'Asegurado',26,'ROSSO',5,1,NULL,NULL),(2285,'DARA ','CASTRO',NULL,NULL,NULL,'Asegurado',26,'CALLAPA',5,1,NULL,NULL),(2286,'ALESSANDRA ','MONTERO',NULL,NULL,NULL,'Asegurado',26,'MERCADO',5,1,NULL,NULL),(2287,'DANIELA ANDREA','LOREDO',NULL,NULL,NULL,'Asegurado',26,'FRERKING',5,1,NULL,NULL),(2288,'EITHAN JUVENAL','BENAVIDEZ',NULL,NULL,NULL,'Asegurado',26,'VARGAS',5,1,NULL,NULL),(2289,'ZOE ARAMI','AÑEZ',NULL,NULL,NULL,'Asegurado',26,'ZARACHO',5,1,NULL,NULL),(2290,'MAXIMILIANO ANDRE','GUTIERREZ',NULL,NULL,NULL,'Asegurado',26,'RIVERA',5,1,NULL,NULL),(2291,'CAMILA ARIANE','CAHUANA',NULL,NULL,NULL,'Asegurado',26,'MALDONADO',5,1,NULL,NULL),(2292,'JESUS OTNIEL','ORELLANA',NULL,NULL,NULL,'Asegurado',26,'PEDRAZA',5,1,NULL,NULL),(2293,'NAOMI NADLI','LAIME',NULL,NULL,NULL,'Asegurado',26,'PINTO',5,1,NULL,NULL),(2294,'MIEL ARIANNE','TOLEDO',NULL,NULL,NULL,'Asegurado',26,'AYALA',5,1,NULL,NULL),(2295,'ROSALES LUANA GENESIS','TOLEDO',NULL,NULL,NULL,'Asegurado',26,'AYALA',5,1,NULL,NULL),(2296,'NICOLAS ','FLORES',NULL,NULL,NULL,'Asegurado',26,'VELASQUEZ',5,1,NULL,NULL),(2297,'JULIAN DAVID','ARROYO',NULL,NULL,NULL,'Asegurado',26,'CESPEDES',5,1,NULL,NULL),(2298,'NICOLAS ','ARROYO',NULL,NULL,NULL,'Asegurado',26,'CESPEDES',5,1,NULL,NULL),(2299,'MIA VALENTINA','DELGADO',NULL,NULL,NULL,'Asegurado',26,'GUALUGNA',5,1,NULL,NULL),(2300,'SANTIAGO BENJAMIN','GUTIERREZ',NULL,NULL,NULL,'Asegurado',26,'AÑEZ',5,1,NULL,NULL),(2301,'ANTONELLA KAILANY','CALLAU',NULL,NULL,NULL,'Asegurado',26,'EVIA',5,1,NULL,NULL),(2302,'MAHELET AMERICA','ROJAS',NULL,NULL,NULL,'Asegurado',26,'ALANIS',5,1,NULL,NULL),(2303,'LAIA ','MENACHO',NULL,NULL,NULL,'Asegurado',26,'RIBERT',5,1,NULL,NULL),(2304,'JHON SANTIAGO','CORDOVA',NULL,NULL,NULL,'Asegurado',26,'MENDOZA',5,1,NULL,NULL),(2305,'CESAR AZZAD','ARTEAGA',NULL,NULL,NULL,'Asegurado',26,'PEÑA',5,1,NULL,NULL),(2306,'BRIANA YELENA','VIDAL',NULL,NULL,NULL,'Asegurado',26,'MARCA',5,1,NULL,NULL),(2307,'MARCELO ','ARCE',NULL,NULL,NULL,'Asegurado',26,'MOJICA',5,1,NULL,NULL),(2308,'DARIO EZEQUIEL','FLORES',NULL,NULL,NULL,'Asegurado',26,'JUSTINIANO',5,1,NULL,NULL),(2309,'EDWARDS LOGAN','HINOJOSA',NULL,NULL,NULL,'Asegurado',26,'PEREZ',5,1,NULL,NULL),(2310,'FACUNDO ','VILLALOBOS',NULL,NULL,NULL,'Asegurado',26,'CAMPOS',5,1,NULL,NULL),(2311,'IAN MATEO','TAIDA',NULL,NULL,NULL,'Asegurado',26,'CASTILLO',5,1,NULL,NULL),(2312,'LUCAS ','SANDOVAL',NULL,NULL,NULL,'Asegurado',26,'BALCAZAR',12,1,NULL,NULL),(2313,'VERA ISABELLA','NOTA',NULL,NULL,NULL,'Asegurado',26,'VEIZAGA',5,1,NULL,NULL),(2314,'MARTIN MARCEL','VILLEGAS',NULL,NULL,NULL,'Asegurado',26,'MEJIA',5,1,NULL,NULL),(2315,'BENJAMIN ','RODRIGUEZ',NULL,NULL,NULL,'Asegurado',26,'DOMINGUEZ',5,1,NULL,NULL),(2316,'MIA AHITANA','LOPEZ',NULL,NULL,NULL,'Asegurado',26,'ROJAS',5,1,NULL,NULL),(2317,'ISABELA ','PERDRIEL',NULL,NULL,NULL,'Asegurado',26,'YEVARA',5,1,NULL,NULL),(2318,'SOFIA VICTORIA','LEON',NULL,NULL,NULL,'Asegurado',26,'CATALANO',5,1,NULL,NULL),(2319,'ALEJANDRO ','ORTIZ',NULL,NULL,NULL,'Asegurado',26,'CACERES',5,1,NULL,NULL),(2320,'KENNY ARIEL','OMONTE',NULL,NULL,NULL,'Asegurado',26,'AGREDA',5,1,NULL,NULL),(2321,'MATEO ','ROCHA',NULL,NULL,NULL,'Asegurado',26,'PEREDO',5,1,NULL,NULL),(2322,'PAULO ANDRE','AGUILERA',NULL,NULL,NULL,'Asegurado',26,'MENDOZA',5,1,NULL,NULL),(2323,'VALENTINA ','ZARATE',NULL,NULL,NULL,'Asegurado',26,'CLAROS',5,1,NULL,NULL),(2324,'GARETH DAMIAN','SERRANO',NULL,NULL,NULL,'Asegurado',26,'MELGAR',5,1,NULL,NULL),(2325,'LUKA KRIEGER','ZABALA',NULL,NULL,NULL,'Asegurado',26,'VELA',5,1,NULL,NULL),(2326,'FABIAN ','VILLALOBOS',NULL,NULL,NULL,'Asegurado',26,'CAMPOS',5,1,NULL,NULL),(2327,'GALILEA ','CORTEZ',NULL,NULL,NULL,'Asegurado',26,'VILDOSO',5,1,NULL,NULL),(2328,'OCTAVIO GABRIEL','CONTRERAS',NULL,NULL,NULL,'Asegurado',26,'PECHO',5,1,NULL,NULL),(2329,'SARAH HELEN','FLORES',NULL,NULL,NULL,'Asegurado',26,'FERNANDEZ',5,1,NULL,NULL),(2330,'LUANA ','PERDRIEL',NULL,NULL,NULL,'Asegurado',26,'YEVARA',5,1,NULL,NULL),(2331,'LAURA BELEN','CRUZ',NULL,NULL,NULL,'Asegurado',26,'VACA',5,1,NULL,NULL),(2332,'SANTIAGO ','TOLEDO',NULL,NULL,NULL,'Asegurado',26,'NAVA',5,1,NULL,NULL),(2333,'FACUNDO ANDRES','AMELLER',NULL,NULL,NULL,'Asegurado',26,'ROJAS',5,1,NULL,NULL),(2334,'ISABELLA MEGAN','JIMENEZ',NULL,NULL,NULL,'Asegurado',26,'SANCHEZ',5,1,NULL,NULL),(2335,'MARTINA ','JALDIN',NULL,NULL,NULL,'Asegurado',26,'VACA',5,1,NULL,NULL),(2336,'VALENTINA ','VIDAL',NULL,NULL,NULL,'Asegurado',26,'BONILLA',5,1,NULL,NULL),(2337,'AMY FABIANA','ARUQUIPA',NULL,NULL,NULL,'Asegurado',26,'LOAYZA',5,1,NULL,NULL),(2338,'MIA STEPHANIE','REJAS',NULL,NULL,NULL,'Asegurado',26,'TORREZ',5,1,NULL,NULL),(2339,'JUAN JOSE','OSINAGA',NULL,NULL,NULL,'Asegurado',26,'GALLARDO',5,1,NULL,NULL),(2340,'IAN EDUARDO','MOLINA',NULL,NULL,NULL,'Asegurado',26,'CESPEDES',5,1,NULL,NULL),(2341,'LEONEL ','MOLINA',NULL,NULL,NULL,'Asegurado',26,'CESPEDES',5,1,NULL,NULL),(2342,'MARIA BELEN','CAMPUZANO',NULL,NULL,NULL,'Asegurado',26,'BARRANCOS',5,1,NULL,NULL),(2343,'ARUNA ','RIBERA',NULL,NULL,NULL,'Asegurado',26,'ALBA',5,1,NULL,NULL),(2344,'ADRIAN ','SANTIBAÑEZ',NULL,NULL,NULL,'Asegurado',26,'PACELLO',5,1,NULL,NULL),(2345,'ROMINA ','VILLARROEL',NULL,NULL,NULL,'Asegurado',26,'HURTADO',5,1,NULL,NULL),(2346,'MARIA EMILIA','MORON',NULL,NULL,NULL,'Asegurado',26,'CORREA',5,1,NULL,NULL),(2347,'DIANA LEONOR','ADRIANZEN',NULL,NULL,NULL,'Asegurado',26,'JUSTINIANO',5,1,NULL,NULL),(2348,'JOSE LEONARDO','ADRIANZEN',NULL,NULL,NULL,'Asegurado',26,'JUSTINIANO',5,1,NULL,NULL),(2349,'YUSEFF ','ADAD',NULL,NULL,NULL,'Asegurado',26,'CORTEZ',5,1,NULL,NULL),(2350,'ENZO ','YBAÑEZ',NULL,NULL,NULL,'Asegurado',26,'GONZALES',5,1,NULL,NULL),(2351,'IKER ','YBAÑEZ',NULL,NULL,NULL,'Asegurado',26,'GONZALES',5,1,NULL,NULL),(2352,'LEONARDO ','MEDELLIN',NULL,NULL,NULL,'Asegurado',26,'VELA',5,1,NULL,NULL),(2353,'KAEL ','MUÑOZ',NULL,NULL,NULL,'Asegurado',26,'JUSTINIANO',5,1,NULL,NULL),(2354,'LUANA ','PERDRIEL',NULL,NULL,NULL,'Asegurado',26,'YEVARA',5,1,NULL,NULL),(2355,'ANTONELLA ','ROCA',NULL,NULL,NULL,'Asegurado',26,'AGUILERA',5,1,NULL,NULL),(2356,'THIAGO ','ROCA',NULL,NULL,NULL,'Asegurado',26,'AGUILERA',5,1,NULL,NULL),(2357,'BRUNA ','HERRERA',NULL,NULL,NULL,'Asegurado',26,'LOZADA',5,1,NULL,NULL),(2358,'SANDRA LUCIANA','VEGA',NULL,NULL,NULL,'Asegurado',26,'FERNANDEZ',5,1,NULL,NULL),(2359,'EMILLIANO ','BALCAZAR',NULL,NULL,NULL,'Asegurado',26,'MUGUERTEGUI',5,1,NULL,NULL),(2360,'MARTHA FABIANA','ROJAS',NULL,NULL,NULL,'Asegurado',26,'QUIROGA',5,1,NULL,NULL),(2361,'ENRIQUE ','VACA',NULL,NULL,NULL,'Asegurado',26,'ORELLANA',5,1,NULL,NULL),(2362,'VICTORIA ALEJANDRA','TIRADO',NULL,NULL,NULL,'Asegurado',26,'RADIC',5,1,NULL,NULL),(2363,'GAEL ','FLORES',NULL,NULL,NULL,'Asegurado',26,'PEREZ',5,1,NULL,NULL),(2364,'ADRIANO ','QUEVEDO',NULL,NULL,NULL,'Asegurado',26,'SEMPERTEGUI',5,1,NULL,NULL),(2365,'MARCO ABEL','RUIZ',NULL,NULL,NULL,'Asegurado',26,'MONRROY',16,1,NULL,NULL),(2366,'ANGELA PATRICIA','DELGADILLO',NULL,NULL,NULL,'Asegurado',26,'SHIRIQUI',16,1,NULL,NULL),(2367,'ANA PAULA','BURGOS',NULL,NULL,NULL,'Asegurado',26,'SEVERICHE',5,1,NULL,NULL),(2368,'FERNANDA ','BURGOS',NULL,NULL,NULL,'Asegurado',26,'SEVERICHE',5,1,NULL,NULL),(2369,'RODRIGO ARTURO','BURGOS',NULL,NULL,NULL,'Asegurado',26,'SEVERICHE',5,1,NULL,NULL),(2370,'RENATA ','GARCIA',NULL,NULL,NULL,'Asegurado',26,'ROJAS',5,1,NULL,NULL),(2371,'SILVANA AYELEN','AMPUERO',NULL,NULL,NULL,'Asegurado',26,'CABRERA',16,1,NULL,NULL),(2372,'LUIS ARMANDO','MENDEZ',NULL,NULL,NULL,'Asegurado',26,'RIOS',16,1,NULL,NULL),(2373,'EMMA ROSARIO','ARANCIBIA',NULL,NULL,NULL,'Asegurado',26,'VELASCO',5,1,NULL,NULL),(2374,'CAMILA MARIANA','BUSTILLOS',NULL,NULL,NULL,'Asegurado',26,'QUISBERT',5,1,NULL,NULL),(2375,'GABRIEL NICOLAS','BUSTILLOS',NULL,NULL,NULL,'Asegurado',26,'SUAREZ',5,1,NULL,NULL),(2376,'JOSUE ANDRES','ROBLES',NULL,NULL,NULL,'Asegurado',26,'MEDINA',5,1,NULL,NULL),(2377,'ALEJANDRO ','ROBLES',NULL,NULL,NULL,'Asegurado',26,'MONTAÑO',5,1,NULL,NULL),(2378,'OCTAVIO ','ROBLES',NULL,NULL,NULL,'Asegurado',26,'MONTAÑO',5,1,NULL,NULL),(2379,'FLAVIA ','RIVERO',NULL,NULL,NULL,'Asegurado',26,'ROBLES',5,1,NULL,NULL),(2380,'JULIETH ','ORELLANA',NULL,NULL,NULL,'Asegurado',26,'CHACHAQUI',5,1,NULL,NULL),(2381,'ANGELICA ','PEÑA',NULL,NULL,NULL,'Asegurado',26,'OSINAGA',16,1,NULL,NULL),(2382,'VALENTINA ','LESCANO',NULL,NULL,NULL,'Asegurado',26,'MORA',16,1,NULL,NULL),(2383,'RENATA ','CUELLAR',NULL,NULL,NULL,'Asegurado',26,'ZAMBRANA',5,1,NULL,NULL),(2384,'RENATA ','CUELLAR',NULL,NULL,NULL,'Asegurado',26,'ZAMBRANA',5,1,NULL,NULL),(2385,'YULEIMI RUBI','TERCEROS',NULL,NULL,NULL,'Asegurado',26,'ALMENDRAS',5,1,NULL,NULL),(2386,'YULITZA GEMA','TERCEROS',NULL,NULL,NULL,'Asegurado',26,'ALMENDRAS',5,1,NULL,NULL),(2387,'YULEIMI RUBI','TERCEROS',NULL,NULL,NULL,'Asegurado',26,'ALMENDRAS',5,1,NULL,NULL),(2388,'YULITZA GEMA','TERCEROS',NULL,NULL,NULL,'Asegurado',26,'ALMENDRAS',5,1,NULL,NULL),(2389,'THIANNY ','CASTELLON',NULL,NULL,NULL,'Asegurado',26,'ALCOBA',5,1,NULL,NULL),(2390,'ANA CAMILA','BAIGORRIA',NULL,NULL,NULL,'Asegurado',26,'RIBERA',5,1,NULL,NULL),(2391,'VALENTINA ','GUARISTY',NULL,NULL,NULL,'Asegurado',26,'CESPEDES',5,1,NULL,NULL),(2392,'JORGE ','CHAVEZ',NULL,NULL,NULL,'Asegurado',26,'ALISS',5,1,NULL,NULL),(2393,'LUANA ','CHAVEZ',NULL,NULL,NULL,'Asegurado',26,'ALISS',5,1,NULL,NULL),(2394,'THAIS ','CHAVEZ',NULL,NULL,NULL,'Asegurado',26,'ALISS',5,1,NULL,NULL),(2395,'LUCIANA ','SENSEVE',NULL,NULL,NULL,'Asegurado',26,'BANEGAS',5,1,NULL,NULL),(2396,'ROMINA ','SENSEVE',NULL,NULL,NULL,'Asegurado',26,'BANEGAS',5,1,NULL,NULL),(2397,'AGUSTINA ','GUARISTY',NULL,NULL,NULL,'Asegurado',26,'CESPEDES',5,1,NULL,NULL),(2398,'NABILA ','MENDEZ',NULL,NULL,NULL,'Asegurado',26,'MUSTAFA',5,1,NULL,NULL),(2399,'MARIA VICTORIA','PEÑA',NULL,NULL,NULL,'Asegurado',26,'PEÑA',5,1,NULL,NULL),(2400,'YOHAN PABLO','CRESPO',NULL,NULL,NULL,'Asegurado',26,'CUELLAR',5,1,NULL,NULL),(2401,'DARLYNE ANDREA','PARADA',NULL,NULL,NULL,'Asegurado',26,'TERRAZAS',5,1,NULL,NULL),(2402,'DARLYNE ANDREA','PARADA',NULL,NULL,NULL,'Asegurado',26,'TERRAZAS',5,1,NULL,NULL),(2403,'ALICE ','LARA',NULL,NULL,NULL,'Asegurado',26,'COARITE',16,1,NULL,NULL),(2404,'DIEGO ','BRUNO',NULL,NULL,NULL,'Asegurado',26,'TERCEROS',5,1,NULL,NULL),(2405,'JOSUE ','VERASTEGUI',NULL,NULL,NULL,'Asegurado',26,'VIRUEZ',5,1,NULL,NULL),(2406,'JORGE EDUARDO','SANCHEZ',NULL,NULL,NULL,'Asegurado',26,'PEREZ',5,1,NULL,NULL),(2407,'ISABELLA ','PERDRIEL',NULL,NULL,NULL,'Asegurado',26,'GARZON',5,1,NULL,NULL),(2408,'THIAGO ANDRE','PERDRIEL',NULL,NULL,NULL,'Asegurado',26,'GARZON',5,1,NULL,NULL),(2409,'CAMILA ','PEREYRA',NULL,NULL,NULL,'Asegurado',26,'ZANKY',5,1,NULL,NULL),(2410,'INNA YAROSLAVA','RUIZ',NULL,NULL,NULL,'Asegurado',26,'ROBLES',5,1,NULL,NULL),(2411,'BRUNO BENJAMIN','HURTADO',NULL,NULL,NULL,'Asegurado',26,'WENDE',5,1,NULL,NULL),(2412,'PATRICIA ELENA','GODOY',NULL,NULL,NULL,'Asegurado',26,'VILLA',16,1,NULL,NULL),(2413,'JOAQUIN JOSE','GODOY',NULL,NULL,NULL,'Asegurado',26,'VILLA',16,1,NULL,NULL),(2414,'ARIANE VALERIA','GODOY',NULL,NULL,NULL,'Asegurado',26,'VILLA',16,1,NULL,NULL),(2415,'JORGE NICOLAS','ARTEAGA',NULL,NULL,NULL,'Asegurado',26,'SANCHEZ',16,1,NULL,NULL),(2416,'BENJAMIN ','LOPEZ',NULL,NULL,NULL,'Asegurado',26,'TAPIA',16,1,NULL,NULL),(2417,'JOSE EDUARDO','QUIROZ',NULL,NULL,NULL,'Asegurado',26,'BECERRA',16,1,NULL,NULL),(2418,'SARA ','PADILLA',NULL,NULL,NULL,'Asegurado',26,'TORREZ',5,1,NULL,NULL),(2419,'ARIANNE ','CARDENAS',NULL,NULL,NULL,'Asegurado',26,'CARRIZALES',5,1,NULL,NULL),(2420,'XIOMARA JANETH','GARCIA',NULL,NULL,NULL,'Asegurado',26,'MONTAÑO',5,1,NULL,NULL),(2421,'STEFANY EMILY','MAMANI',NULL,NULL,NULL,'Asegurado',26,'GUTIERREZ',16,1,NULL,NULL),(2422,'LUZ MARIA','GALVIZ',NULL,NULL,NULL,'Asegurado',26,'BRAVO',16,1,NULL,NULL),(2423,'JOSEPH EZEQUIEL','CLEMENTE',NULL,NULL,NULL,'Asegurado',26,'FIGUEROA',16,1,NULL,NULL),(2424,'LUIS SANTIAGO','CLEMENTE',NULL,NULL,NULL,'Asegurado',26,'FIGUEROA',16,1,NULL,NULL),(2425,'ISAAC AARON','CAMPOS',NULL,NULL,NULL,'Asegurado',26,'ASANZA',16,1,NULL,NULL),(2426,'ALANA MARTINA','PORTALES',NULL,NULL,NULL,'Asegurado',26,'PEREYRA',5,1,NULL,NULL),(2427,'ERWIN ','CLAROS',NULL,NULL,NULL,'Asegurado',26,'ZARCILLO',5,1,NULL,NULL),(2428,'CARLOS ANDRES','RIVERO',NULL,NULL,NULL,'Asegurado',26,'LINO',5,1,NULL,NULL),(2429,'THIAGO YUREN','ESCALONA',NULL,NULL,NULL,'Asegurado',26,'AJALLA',16,1,NULL,NULL),(2430,'DANA GALILEA','ESCALONA',NULL,NULL,NULL,'Asegurado',26,'AJALLA',16,1,NULL,NULL),(2431,'NICOLAS ','SUAREZ',NULL,NULL,NULL,'Asegurado',26,'ROSSENDY',16,1,NULL,NULL),(2432,'Mery','Sandoval',9675328,'2000-06-27','S6A','Asegurado',38,'Apaza',2,1,'Dulia',75080000);
/*!40000 ALTER TABLE `cliente` ENABLE KEYS */;
UNLOCK TABLES;

--
-- Table structure for table `colegio`
--

DROP TABLE IF EXISTS `colegio`;
/*!40101 SET @saved_cs_client     = @@character_set_client */;
/*!40101 SET character_set_client = utf8 */;
CREATE TABLE `colegio` (
  `cid` int(11) NOT NULL AUTO_INCREMENT,
  `nombre` varchar(100) DEFAULT NULL,
  `direccion` varchar(200) DEFAULT NULL,
  `telefono` varchar(10) DEFAULT NULL,
  `precio` int(11) DEFAULT NULL,
  `usuarioAsignado` int(11) DEFAULT NULL,
  PRIMARY KEY (`cid`),
  KEY `usuarioAsignado_idx` (`usuarioAsignado`),
  CONSTRAINT `usuarioAsignado` FOREIGN KEY (`usuarioAsignado`) REFERENCES `usuario` (`uid`) ON DELETE NO ACTION ON UPDATE NO ACTION
) ENGINE=InnoDB AUTO_INCREMENT=24 DEFAULT CHARSET=latin1;
/*!40101 SET character_set_client = @saved_cs_client */;

--
-- Dumping data for table `colegio`
--

LOCK TABLES `colegio` WRITE;
/*!40000 ALTER TABLE `colegio` DISABLE KEYS */;
INSERT INTO `colegio` VALUES (1,'Colegio Marista','Calle Saavedra 685','33325254',0,29),(2,'Colegio Uboldi','Av Las Americas 211','33343449',150,36),(3,'Colegio Bertoluso','Calle Saavedra entre Chuquisaca y La Paz','76058688',140,39),(4,'Colegio Bilingue Santa Cruz',NULL,NULL,0,NULL),(5,'Colegio Cristo Rey',NULL,NULL,100,NULL),(6,'Colegio De La Sierra',NULL,NULL,130,NULL),(7,'Colegio Don Bosco',NULL,NULL,80,NULL),(8,'Colegio Emprendedor',NULL,NULL,0,NULL),(9,'Colegio Golden Lion/Kinda',NULL,NULL,0,NULL),(10,'Colegio Interamericano',NULL,NULL,0,NULL),(11,'Colegio Jesús Maestro',NULL,NULL,120,NULL),(12,'Colegio Juan Pablo II',NULL,NULL,100,NULL),(13,'Colegio Maria Goretti',NULL,NULL,0,NULL),(14,'Colegio La Salle Tarde',NULL,NULL,0,NULL),(15,'Colegio Señor Jesus',NULL,NULL,200,NULL),(16,'Colegio Arakuarenda',NULL,NULL,150,NULL),(17,'Colegio Santa Ana',NULL,NULL,0,NULL),(18,'Jardin Materdei',NULL,NULL,80,NULL),(19,'Jardin Gabrielito',NULL,NULL,0,NULL),(20,'Jardin Huellitas',NULL,NULL,0,NULL),(21,'Jardin Pasitos Sur',NULL,NULL,100,NULL),(22,'Jardin Pasitos Norte',NULL,NULL,100,NULL),(23,'Frigorífico BFC',NULL,NULL,0,NULL);
/*!40000 ALTER TABLE `colegio` ENABLE KEYS */;
UNLOCK TABLES;

--
-- Table structure for table `consulta_medica`
--

DROP TABLE IF EXISTS `consulta_medica`;
/*!40101 SET @saved_cs_client     = @@character_set_client */;
/*!40101 SET character_set_client = utf8 */;
CREATE TABLE `consulta_medica` (
  `did` int(11) NOT NULL AUTO_INCREMENT,
  `fechaAtendido` datetime DEFAULT NULL,
  `diagnostico` varchar(300) DEFAULT NULL,
  `tratamiento` varchar(300) DEFAULT NULL,
  `observaciones` varchar(300) DEFAULT NULL,
  `lidFK1` int(11) DEFAULT NULL,
  `uidFK3` int(11) DEFAULT NULL,
  `cidFK2` int(11) DEFAULT NULL,
  `fechaAgregado` datetime DEFAULT NULL,
  PRIMARY KEY (`did`),
  KEY `cid_fk2_idx` (`cidFK2`),
  KEY `uid_fk3_idx` (`uidFK3`),
  KEY `lid_fk1_idx` (`lidFK1`),
  CONSTRAINT `cid_fk2` FOREIGN KEY (`cidFK2`) REFERENCES `cliente` (`cid`) ON DELETE NO ACTION ON UPDATE NO ACTION,
  CONSTRAINT `lid_fk1` FOREIGN KEY (`lidFK1`) REFERENCES `libro_consulta` (`lid`) ON DELETE NO ACTION ON UPDATE NO ACTION,
  CONSTRAINT `uid_fk3` FOREIGN KEY (`uidFK3`) REFERENCES `usuario` (`uid`) ON DELETE NO ACTION ON UPDATE NO ACTION
) ENGINE=InnoDB AUTO_INCREMENT=36 DEFAULT CHARSET=latin1;
/*!40101 SET character_set_client = @saved_cs_client */;

--
-- Dumping data for table `consulta_medica`
--

LOCK TABLES `consulta_medica` WRITE;
/*!40000 ALTER TABLE `consulta_medica` DISABLE KEYS */;
INSERT INTO `consulta_medica` VALUES (15,'2024-01-27 00:00:00','Conjuntivitis','Dexametasona','Guardar reposo y colocar gotas cada 12 horas por 2 dias',3,29,3,NULL),(16,'2024-01-23 00:00:00','Resfrio común','Remedol Duo 150mg 6 comprimidos','Tomar medicamento cada 8 horas por 2 dias',3,29,3,NULL),(18,'2024-01-25 00:00:00','Resfrio común','Remedol Duo 150mg 6 comprimidos','Tomar medicamento cada 8 horas por 2 dias',4,29,4,NULL),(19,'2024-01-17 00:00:00','Anemia','Paracetamol','Tomar medicamento cada 8 horas por 2 dias, regresar a los dos dias.',4,29,4,NULL),(20,'2024-01-03 00:00:00','Cefalea','Ibuprofeno 1g 12 comprimidos','Tomar medicamento cada 8 horas por 4 dias.',5,29,5,NULL),(23,'2024-01-03 00:00:00','test','test','I want to change this.',5,29,5,NULL),(28,'2024-08-14 00:00:00','Conjuntivitis','Dexametasona','Tomar medicamento cada 8 horas',3,26,3,NULL),(29,'2024-08-15 00:00:00','Fiebre','Paracetamol 1comp','Tomar cada 8 horas',4,26,7,NULL),(30,'2024-08-01 00:00:00','Fiebre','Ibuprofeno','Tomar cada 8 horas',4,26,3,NULL),(31,'2024-08-03 00:00:00','Dolor de cabeza','Paracetamol','Tomar cada 8 horas',3,26,3,NULL),(32,'2024-09-16 00:00:00','','','',4,26,4,NULL),(33,'2024-09-17 00:00:00','Remedol','Tomar cada 8 horas','Volver a los 3 días',36,36,3,NULL),(34,'2024-09-17 00:00:00','Cefalea','Paracetamol','Volver a los 2 dias',26,38,2432,NULL),(35,'2024-09-17 00:00:00','Conjuntivitis','Remedol','Tomar cada 8 horas',26,26,2432,NULL);
/*!40000 ALTER TABLE `consulta_medica` ENABLE KEYS */;
UNLOCK TABLES;

--
-- Table structure for table `forma_pago`
--

DROP TABLE IF EXISTS `forma_pago`;
/*!40101 SET @saved_cs_client     = @@character_set_client */;
/*!40101 SET character_set_client = utf8 */;
CREATE TABLE `forma_pago` (
  `fid` int(11) NOT NULL AUTO_INCREMENT,
  `nombrePago` varchar(45) DEFAULT NULL,
  PRIMARY KEY (`fid`)
) ENGINE=InnoDB AUTO_INCREMENT=3 DEFAULT CHARSET=latin1;
/*!40101 SET character_set_client = @saved_cs_client */;

--
-- Dumping data for table `forma_pago`
--

LOCK TABLES `forma_pago` WRITE;
/*!40000 ALTER TABLE `forma_pago` DISABLE KEYS */;
INSERT INTO `forma_pago` VALUES (1,'Efectivo'),(2,'Transferencia');
/*!40000 ALTER TABLE `forma_pago` ENABLE KEYS */;
UNLOCK TABLES;

--
-- Table structure for table `libro_consulta`
--

DROP TABLE IF EXISTS `libro_consulta`;
/*!40101 SET @saved_cs_client     = @@character_set_client */;
/*!40101 SET character_set_client = utf8 */;
CREATE TABLE `libro_consulta` (
  `lid` int(11) NOT NULL AUTO_INCREMENT,
  `gestion` int(4) DEFAULT NULL,
  `mes` varchar(20) DEFAULT NULL,
  `colegioFK2` int(11) DEFAULT NULL,
  PRIMARY KEY (`lid`),
  KEY `colegio2_idx` (`colegioFK2`),
  CONSTRAINT `colegioFK2` FOREIGN KEY (`colegioFK2`) REFERENCES `colegio` (`cid`) ON DELETE NO ACTION ON UPDATE NO ACTION
) ENGINE=InnoDB AUTO_INCREMENT=40 DEFAULT CHARSET=latin1;
/*!40101 SET character_set_client = @saved_cs_client */;

--
-- Dumping data for table `libro_consulta`
--

LOCK TABLES `libro_consulta` WRITE;
/*!40000 ALTER TABLE `libro_consulta` DISABLE KEYS */;
INSERT INTO `libro_consulta` VALUES (3,2024,'enero',1),(4,2024,'enero',2),(5,2024,'enero',3),(6,2024,'febrero',1),(7,2024,'febrero',2),(8,2024,'febrero',3),(9,2024,'marzo',1),(10,2024,'marzo',2),(11,2024,'marzo',3),(12,2024,'abril',3),(13,2024,'mayo',3),(14,2024,'junio',3),(15,2024,'julio',3),(16,2024,'agosto',3),(17,2024,'septiembre',3),(18,2024,'octubre',3),(19,2024,'diciembre',3),(20,2024,'noviembre',3),(21,2024,'abril',2),(22,2024,'mayo',2),(23,2024,'junio',2),(24,2024,'julio',2),(25,2024,'agosto',2),(26,2024,'septiembre',2),(27,2024,'octubre',2),(28,2024,'noviembre',2),(29,2024,'diciembre',2),(30,2024,'abril',1),(31,2024,'abril',1),(32,2024,'junio',1),(33,2024,'junio',1),(34,2024,'julio',1),(35,2024,'agosto',1),(36,2024,'septiembre',1),(37,2024,'octubre',1),(38,2024,'diciembre',1),(39,2024,'noviembre',1);
/*!40000 ALTER TABLE `libro_consulta` ENABLE KEYS */;
UNLOCK TABLES;

--
-- Table structure for table `pago`
--

DROP TABLE IF EXISTS `pago`;
/*!40101 SET @saved_cs_client     = @@character_set_client */;
/*!40101 SET character_set_client = utf8 */;
CREATE TABLE `pago` (
  `pid` int(11) NOT NULL AUTO_INCREMENT,
  `gestion` int(4) DEFAULT NULL,
  `fechaPago` datetime DEFAULT NULL,
  `formaPago` int(11) DEFAULT NULL,
  `monto` int(11) DEFAULT NULL,
  `fechaAgregado` datetime DEFAULT NULL,
  `comprobantePago` varchar(255) DEFAULT NULL,
  `cidFK1` int(11) DEFAULT NULL,
  `uidFK2` int(11) DEFAULT NULL,
  `estado` tinyint(4) DEFAULT NULL,
  PRIMARY KEY (`pid`),
  KEY `cid_fk_idx` (`cidFK1`),
  KEY `uid_fk_idx` (`uidFK2`),
  KEY `formaPago_idx` (`formaPago`),
  CONSTRAINT `cid_fk1` FOREIGN KEY (`cidFK1`) REFERENCES `cliente` (`cid`) ON DELETE NO ACTION ON UPDATE NO ACTION,
  CONSTRAINT `formaPago` FOREIGN KEY (`formaPago`) REFERENCES `forma_pago` (`fid`) ON DELETE NO ACTION ON UPDATE NO ACTION,
  CONSTRAINT `uid_fk2` FOREIGN KEY (`uidFK2`) REFERENCES `usuario` (`uid`) ON DELETE NO ACTION ON UPDATE NO ACTION
) ENGINE=InnoDB AUTO_INCREMENT=2481 DEFAULT CHARSET=latin1;
/*!40101 SET character_set_client = @saved_cs_client */;

--
-- Dumping data for table `pago`
--

LOCK TABLES `pago` WRITE;
/*!40000 ALTER TABLE `pago` DISABLE KEYS */;
INSERT INTO `pago` VALUES (13,2023,'2024-01-01 00:00:00',1,300,'2024-07-31 03:37:42','http://localhost:8081',3,26,1),(14,2023,'2024-01-01 00:00:00',1,300,'2024-07-31 03:38:00','uploads\\1726167805498-Picture1.png',4,26,1),(15,2023,'2024-01-01 00:00:00',1,300,'2024-07-31 03:38:04','http://localhost:8081',5,26,0),(16,2024,'2024-02-10 00:00:00',1,300,'2024-07-31 03:38:23','http://localhost:8081',5,26,1),(56,2023,'2023-02-01 07:47:08',2,100,'2024-09-16 00:00:00',NULL,11,35,1),(57,2023,'2023-02-01 07:57:33',2,100,'2024-09-16 00:00:00',NULL,12,35,1),(58,2023,'2023-02-01 07:58:46',2,100,'2024-09-16 00:00:00',NULL,13,35,1),(59,2023,'2023-02-01 08:01:04',2,100,'2024-09-16 00:00:00',NULL,14,35,1),(60,2023,'2023-02-01 08:10:06',2,100,'2024-09-16 00:00:00',NULL,15,35,1),(61,2023,'2023-02-01 08:13:42',2,100,'2024-09-16 00:00:00',NULL,16,35,1),(62,2023,'2023-02-01 08:14:19',2,100,'2024-09-16 00:00:00',NULL,17,35,1),(63,2023,'2023-02-01 08:19:04',2,100,'2024-09-16 00:00:00',NULL,18,35,1),(64,2023,'2023-02-01 08:20:23',2,100,'2024-09-16 00:00:00',NULL,19,35,1),(65,2023,'2023-02-01 08:23:50',2,100,'2024-09-16 00:00:00',NULL,20,35,1),(66,2023,'2023-02-01 08:27:54',2,100,'2024-09-16 00:00:00',NULL,21,35,1),(67,2023,'2023-02-01 08:29:17',2,100,'2024-09-16 00:00:00',NULL,22,35,1),(68,2023,'2023-02-01 08:29:45',2,100,'2024-09-16 00:00:00',NULL,23,35,1),(69,2023,'2023-02-01 08:44:02',2,100,'2024-09-16 00:00:00',NULL,24,35,1),(70,2023,'2023-02-01 08:50:21',2,120,'2024-09-16 00:00:00',NULL,25,35,1),(71,2023,'2023-02-01 08:50:46',2,120,'2024-09-16 00:00:00',NULL,26,35,1),(72,2023,'2023-02-01 09:22:36',2,200,'2024-09-16 00:00:00',NULL,27,35,1),(73,2023,'2023-02-01 09:25:10',2,150,'2024-09-16 00:00:00',NULL,28,35,1),(74,2023,'2023-02-01 09:30:02',1,100,'2024-09-16 00:00:00',NULL,29,35,1),(75,2023,'2023-02-01 09:38:36',2,130,'2024-09-16 00:00:00',NULL,30,35,1),(76,2023,'2023-02-01 09:38:57',2,130,'2024-09-16 00:00:00',NULL,31,35,1),(77,2023,'2023-02-01 09:44:44',2,100,'2024-09-16 00:00:00',NULL,32,35,1),(78,2023,'2023-02-01 09:46:41',2,100,'2024-09-16 00:00:00',NULL,33,35,1),(79,2023,'2023-02-01 09:52:25',2,150,'2024-09-16 00:00:00',NULL,34,35,1),(80,2023,'2023-02-01 09:57:15',2,100,'2024-09-16 00:00:00',NULL,35,35,1),(81,2023,'2023-02-01 10:01:16',2,100,'2024-09-16 00:00:00',NULL,36,35,1),(82,2023,'2023-02-01 10:10:53',2,130,'2024-09-16 00:00:00',NULL,37,35,1),(83,2023,'2023-02-01 10:11:24',2,130,'2024-09-16 00:00:00',NULL,38,35,1),(84,2023,'2023-02-01 10:15:29',2,120,'2024-09-16 00:00:00',NULL,39,35,1),(85,2023,'2023-02-01 10:16:07',2,120,'2024-09-16 00:00:00',NULL,40,35,1),(86,2023,'2023-02-01 10:16:26',2,120,'2024-09-16 00:00:00',NULL,41,35,1),(87,2023,'2023-02-01 10:20:21',2,100,'2024-09-16 00:00:00',NULL,42,35,1),(88,2023,'2023-02-01 10:23:22',2,150,'2024-09-16 00:00:00',NULL,43,35,1),(89,2023,'2023-02-01 10:26:56',2,100,'2024-09-16 00:00:00',NULL,44,35,1),(90,2023,'2023-02-01 10:27:53',2,150,'2024-09-16 00:00:00',NULL,45,35,1),(91,2023,'2023-02-01 10:28:10',2,150,'2024-09-16 00:00:00',NULL,46,35,1),(92,2023,'2023-02-01 10:28:25',2,150,'2024-09-16 00:00:00',NULL,47,35,1),(93,2023,'2023-02-01 10:29:24',2,150,'2024-09-16 00:00:00',NULL,48,35,1),(94,2023,'2023-02-01 10:40:56',2,130,'2024-09-16 00:00:00',NULL,49,35,1),(95,2023,'2023-02-01 10:47:54',2,130,'2024-09-16 00:00:00',NULL,50,35,1),(96,2023,'2023-02-01 11:04:54',2,100,'2024-09-16 00:00:00',NULL,51,35,1),(97,2023,'2023-02-01 11:07:30',2,100,'2024-09-16 00:00:00',NULL,52,35,1),(98,2023,'2023-02-01 11:12:51',2,130,'2024-09-16 00:00:00',NULL,53,35,1),(99,2023,'2023-02-01 11:16:25',2,130,'2024-09-16 00:00:00',NULL,54,35,1),(100,2023,'2023-02-01 11:18:43',2,150,'2024-09-16 00:00:00',NULL,55,35,1),(101,2023,'2023-02-01 11:22:01',2,130,'2024-09-16 00:00:00',NULL,56,35,1),(102,2023,'2023-02-01 11:24:14',2,100,'2024-09-16 00:00:00',NULL,57,35,1),(103,2023,'2023-02-01 11:34:14',2,130,'2024-09-16 00:00:00',NULL,58,35,1),(104,2023,'2023-02-01 11:37:18',2,130,'2024-09-16 00:00:00',NULL,59,35,1),(105,2023,'2023-02-01 11:37:36',2,130,'2024-09-16 00:00:00',NULL,60,35,1),(106,2023,'2023-02-01 11:39:52',2,200,'2024-09-16 00:00:00',NULL,61,35,1),(107,2023,'2023-02-01 11:57:58',1,150,'2024-09-16 00:00:00',NULL,62,35,1),(108,2023,'2023-02-01 12:17:42',2,100,'2024-09-16 00:00:00',NULL,63,35,1),(109,2023,'2023-02-01 12:25:26',2,100,'2024-09-16 00:00:00',NULL,64,35,1),(110,2023,'2023-02-01 12:34:40',2,150,'2024-09-16 00:00:00',NULL,65,35,1),(111,2023,'2023-02-01 13:19:01',1,100,'2024-09-16 00:00:00',NULL,66,35,1),(112,2023,'2023-02-01 13:19:40',1,100,'2024-09-16 00:00:00',NULL,67,35,1),(113,2023,'2023-02-01 14:25:02',2,130,'2024-09-16 00:00:00',NULL,68,35,1),(114,2023,'2023-02-01 14:31:30',2,100,'2024-09-16 00:00:00',NULL,69,35,1),(115,2023,'2023-02-01 14:51:52',2,150,'2024-09-16 00:00:00',NULL,70,35,1),(116,2023,'2023-02-01 14:56:40',2,100,'2024-09-16 00:00:00',NULL,71,35,1),(117,2023,'2023-02-01 15:02:32',2,130,'2024-09-16 00:00:00',NULL,72,35,1),(118,2023,'2023-02-01 15:06:54',2,130,'2024-09-16 00:00:00',NULL,73,35,1),(119,2023,'2023-02-01 15:07:37',2,130,'2024-09-16 00:00:00',NULL,74,35,1),(120,2023,'2023-02-01 15:14:04',2,100,'2024-09-16 00:00:00',NULL,75,35,1),(121,2023,'2023-02-01 15:15:08',2,100,'2024-09-16 00:00:00',NULL,76,35,1),(122,2023,'2023-02-01 15:18:28',2,130,'2024-09-16 00:00:00',NULL,77,35,1),(123,2023,'2023-02-01 15:21:36',2,100,'2024-09-16 00:00:00',NULL,78,35,1),(124,2023,'2023-02-01 15:20:37',2,100,'2024-09-16 00:00:00',NULL,79,35,1),(125,2023,'2023-02-01 15:23:13',2,100,'2024-09-16 00:00:00',NULL,80,35,1),(126,2023,'2023-02-01 15:23:34',2,100,'2024-09-16 00:00:00',NULL,81,35,1),(127,2023,'2023-02-01 15:32:32',2,150,'2024-09-16 00:00:00',NULL,82,35,1),(128,2023,'2023-02-01 15:36:16',2,100,'2024-09-16 00:00:00',NULL,83,35,1),(129,2023,'2023-02-01 15:37:01',2,100,'2024-09-16 00:00:00',NULL,84,35,1),(130,2023,'2023-02-01 15:39:40',2,150,'2024-09-16 00:00:00',NULL,85,35,1),(131,2023,'2023-02-01 15:40:05',2,150,'2024-09-16 00:00:00',NULL,86,35,1),(132,2023,'2023-02-01 15:43:24',2,100,'2024-09-16 00:00:00',NULL,87,35,1),(133,2023,'2023-02-01 15:47:47',2,100,'2024-09-16 00:00:00',NULL,88,35,1),(134,2023,'2023-02-01 15:52:49',2,100,'2024-09-16 00:00:00',NULL,89,35,1),(135,2023,'2023-02-01 16:33:40',2,100,'2024-09-16 00:00:00',NULL,90,35,1),(136,2023,'2023-02-01 16:34:04',2,100,'2024-09-16 00:00:00',NULL,91,35,1),(137,2023,'2023-02-01 16:36:24',2,150,'2024-09-16 00:00:00',NULL,92,35,1),(138,2023,'2023-02-01 16:39:07',2,150,'2024-09-16 00:00:00',NULL,93,35,1),(139,2023,'2023-02-01 16:39:29',2,150,'2024-09-16 00:00:00',NULL,94,35,1),(140,2023,'2023-02-01 16:47:20',2,100,'2024-09-16 00:00:00',NULL,95,35,1),(141,2023,'2023-02-01 16:48:08',2,100,'2024-09-16 00:00:00',NULL,96,35,1),(142,2023,'2023-02-01 16:48:30',2,100,'2024-09-16 00:00:00',NULL,97,35,1),(143,2023,'2023-02-01 16:52:31',2,150,'2024-09-16 00:00:00',NULL,98,35,1),(144,2023,'2023-02-01 17:07:35',2,100,'2024-09-16 00:00:00',NULL,99,35,1),(145,2023,'2023-02-01 17:10:33',2,100,'2024-09-16 00:00:00',NULL,100,35,1),(146,2023,'2023-02-01 17:10:56',2,100,'2024-09-16 00:00:00',NULL,101,35,1),(147,2023,'2023-02-01 17:11:38',2,100,'2024-09-16 00:00:00',NULL,102,35,1),(148,2023,'2023-02-01 17:14:09',2,100,'2024-09-16 00:00:00',NULL,103,35,1),(149,2023,'2023-02-01 17:20:12',2,100,'2024-09-16 00:00:00',NULL,104,35,1),(150,2023,'2023-02-01 17:22:11',2,100,'2024-09-16 00:00:00',NULL,105,35,1),(151,2023,'2023-02-01 17:24:28',2,100,'2024-09-16 00:00:00',NULL,106,35,1),(152,2023,'2023-02-01 17:32:44',2,100,'2024-09-16 00:00:00',NULL,107,35,1),(153,2023,'2023-02-01 17:33:26',2,100,'2024-09-16 00:00:00',NULL,108,35,1),(154,2023,'2023-02-01 17:34:03',2,100,'2024-09-16 00:00:00',NULL,109,35,1),(155,2023,'2023-02-01 17:37:52',2,100,'2024-09-16 00:00:00',NULL,110,35,1),(156,2023,'2023-02-01 17:38:19',2,100,'2024-09-16 00:00:00',NULL,111,35,1),(157,2023,'2023-02-01 17:38:41',2,100,'2024-09-16 00:00:00',NULL,112,35,1),(158,2023,'2023-02-01 17:41:06',2,100,'2024-09-16 00:00:00',NULL,113,35,1),(159,2023,'2023-02-01 17:51:07',2,100,'2024-09-16 00:00:00',NULL,114,35,1),(160,2023,'2023-02-01 17:53:03',2,100,'2024-09-16 00:00:00',NULL,115,35,1),(161,2023,'2023-02-01 17:55:48',2,100,'2024-09-16 00:00:00',NULL,116,35,1),(162,2023,'2023-02-01 18:16:58',2,100,'2024-09-16 00:00:00',NULL,117,35,1),(163,2023,'2023-02-01 18:17:27',2,100,'2024-09-16 00:00:00',NULL,118,35,1),(164,2023,'2023-02-01 18:19:54',2,100,'2024-09-16 00:00:00',NULL,119,35,1),(165,2023,'2023-02-01 18:23:18',2,130,'2024-09-16 00:00:00',NULL,120,35,1),(166,2023,'2023-02-01 18:25:05',2,130,'2024-09-16 00:00:00',NULL,121,35,1),(167,2023,'2023-02-01 18:25:43',2,130,'2024-09-16 00:00:00',NULL,122,35,1),(168,2023,'2023-02-01 18:27:40',2,100,'2024-09-16 00:00:00',NULL,123,35,1),(169,2023,'2023-02-01 18:29:43',2,100,'2024-09-16 00:00:00',NULL,124,35,1),(170,2023,'2023-02-01 18:40:00',2,100,'2024-09-16 00:00:00',NULL,125,26,1),(171,2023,'2023-02-01 18:40:26',2,100,'2024-09-16 00:00:00',NULL,126,26,1),(172,2023,'2023-02-01 18:41:38',2,100,'2024-09-16 00:00:00',NULL,127,26,1),(173,2023,'2023-02-01 18:45:52',2,100,'2024-09-16 00:00:00',NULL,128,26,1),(174,2023,'2023-02-01 19:55:46',2,100,'2024-09-16 00:00:00',NULL,129,26,1),(175,2023,'2023-02-01 19:57:00',2,100,'2024-09-16 00:00:00',NULL,130,26,1),(176,2023,'2023-02-02 01:33:03',2,100,'2024-09-16 00:00:00',NULL,131,26,1),(177,2023,'2023-02-02 01:36:58',2,130,'2024-09-16 00:00:00',NULL,132,26,1),(178,2023,'2023-02-02 01:40:46',2,130,'2024-09-16 00:00:00',NULL,133,26,1),(179,2023,'2023-02-02 01:42:30',2,200,'2024-09-16 00:00:00',NULL,134,26,1),(180,2023,'2023-02-02 01:42:53',2,200,'2024-09-16 00:00:00',NULL,135,26,1),(181,2023,'2023-02-02 01:45:09',2,100,'2024-09-16 00:00:00',NULL,136,26,1),(182,2023,'2023-02-02 01:45:27',2,100,'2024-09-16 00:00:00',NULL,137,26,1),(183,2023,'2023-02-02 01:46:09',2,100,'2024-09-16 00:00:00',NULL,138,26,1),(184,2023,'2023-02-02 07:49:51',2,100,'2024-09-16 00:00:00',NULL,139,35,1),(185,2023,'2023-02-02 07:55:48',2,200,'2024-09-16 00:00:00',NULL,140,35,1),(186,2023,'2023-02-02 07:58:32',2,100,'2024-09-16 00:00:00',NULL,141,35,1),(187,2023,'2023-02-02 08:02:01',2,100,'2024-09-16 00:00:00',NULL,142,35,1),(188,2023,'2023-02-02 08:15:20',2,100,'2024-09-16 00:00:00',NULL,143,35,1),(189,2023,'2023-02-02 08:20:46',2,100,'2024-09-16 00:00:00',NULL,144,35,1),(190,2023,'2023-02-02 08:21:15',2,100,'2024-09-16 00:00:00',NULL,145,35,1),(191,2023,'2023-02-02 08:22:01',2,100,'2024-09-16 00:00:00',NULL,146,35,1),(192,2023,'2023-02-02 08:24:47',2,100,'2024-09-16 00:00:00',NULL,147,35,1),(193,2023,'2023-02-02 08:38:50',2,100,'2024-09-16 00:00:00',NULL,148,35,1),(194,2023,'2023-02-02 08:55:16',2,100,'2024-09-16 00:00:00',NULL,149,35,1),(195,2023,'2023-02-02 08:55:42',2,100,'2024-09-16 00:00:00',NULL,150,35,1),(196,2023,'2023-02-02 08:59:05',2,100,'2024-09-16 00:00:00',NULL,151,35,1),(197,2023,'2023-02-02 09:10:21',2,150,'2024-09-16 00:00:00',NULL,152,35,1),(198,2023,'2023-02-02 09:16:46',2,100,'2024-09-16 00:00:00',NULL,153,35,1),(199,2023,'2023-02-02 09:17:19',2,100,'2024-09-16 00:00:00',NULL,154,35,1),(200,2023,'2023-02-02 09:23:01',2,100,'2024-09-16 00:00:00',NULL,155,35,1),(201,2023,'2023-02-02 09:27:27',2,100,'2024-09-16 00:00:00',NULL,156,35,1),(202,2023,'2023-02-02 09:35:47',2,100,'2024-09-16 00:00:00',NULL,157,35,1),(203,2023,'2023-02-02 09:39:32',2,100,'2024-09-16 00:00:00',NULL,158,35,1),(204,2023,'2023-02-02 10:05:41',2,100,'2024-09-16 00:00:00',NULL,159,35,1),(205,2023,'2023-02-02 10:10:59',2,100,'2024-09-16 00:00:00',NULL,160,35,1),(206,2023,'2023-02-02 10:26:39',2,100,'2024-09-16 00:00:00',NULL,161,35,1),(207,2023,'2023-02-02 10:39:56',2,100,'2024-09-16 00:00:00',NULL,162,35,1),(208,2023,'2023-02-02 10:40:31',2,100,'2024-09-16 00:00:00',NULL,163,35,1),(209,2023,'2023-02-02 10:52:12',2,150,'2024-09-16 00:00:00',NULL,164,35,1),(210,2023,'2023-02-02 10:52:47',2,150,'2024-09-16 00:00:00',NULL,165,35,1),(211,2023,'2023-02-02 11:03:40',2,130,'2024-09-16 00:00:00',NULL,166,35,1),(212,2023,'2023-02-02 11:04:30',2,130,'2024-09-16 00:00:00',NULL,167,35,1),(213,2023,'2023-02-02 11:07:43',2,100,'2024-09-16 00:00:00',NULL,168,35,1),(214,2023,'2023-02-02 11:20:18',2,130,'2024-09-16 00:00:00',NULL,169,35,1),(215,2023,'2023-02-02 11:20:44',2,130,'2024-09-16 00:00:00',NULL,170,35,1),(216,2023,'2023-02-02 11:21:06',2,130,'2024-09-16 00:00:00',NULL,171,35,1),(217,2023,'2023-02-02 11:43:28',2,150,'2024-09-16 00:00:00',NULL,172,35,1),(218,2023,'2023-02-02 11:50:22',2,100,'2024-09-16 00:00:00',NULL,173,35,1),(219,2023,'2023-02-02 11:54:16',2,130,'2024-09-16 00:00:00',NULL,174,35,1),(220,2023,'2023-02-02 11:57:49',2,100,'2024-09-16 00:00:00',NULL,175,35,1),(221,2023,'2023-02-02 12:00:14',2,100,'2024-09-16 00:00:00',NULL,176,35,1),(222,2023,'2023-02-02 12:00:38',2,100,'2024-09-16 00:00:00',NULL,177,35,1),(223,2023,'2023-02-02 12:22:53',2,150,'2024-09-16 00:00:00',NULL,178,35,1),(224,2023,'2023-02-02 12:29:16',2,100,'2024-09-16 00:00:00',NULL,179,35,1),(225,2023,'2023-02-02 12:49:07',1,100,'2024-09-16 00:00:00',NULL,180,35,1),(226,2023,'2023-02-02 13:15:20',2,100,'2024-09-16 00:00:00',NULL,181,35,1),(227,2023,'2023-02-02 13:15:51',2,100,'2024-09-16 00:00:00',NULL,182,35,1),(228,2023,'2023-02-02 13:20:03',2,200,'2024-09-16 00:00:00',NULL,183,35,1),(229,2023,'2023-02-02 13:29:45',2,100,'2024-09-16 00:00:00',NULL,184,35,1),(230,2023,'2023-02-02 13:30:07',2,100,'2024-09-16 00:00:00',NULL,185,35,1),(231,2023,'2023-02-02 13:33:53',2,100,'2024-09-16 00:00:00',NULL,186,35,1),(232,2023,'2023-02-02 13:35:21',2,100,'2024-09-16 00:00:00',NULL,187,35,1),(233,2023,'2023-02-02 13:35:45',2,100,'2024-09-16 00:00:00',NULL,188,35,1),(234,2023,'2023-02-02 13:38:21',2,130,'2024-09-16 00:00:00',NULL,189,35,1),(235,2023,'2023-02-02 14:07:52',2,130,'2024-09-16 00:00:00',NULL,190,35,1),(236,2023,'2023-02-02 14:10:34',2,200,'2024-09-16 00:00:00',NULL,191,35,1),(237,2023,'2023-02-02 14:31:45',2,100,'2024-09-16 00:00:00',NULL,192,35,1),(238,2023,'2023-02-02 14:32:16',2,100,'2024-09-16 00:00:00',NULL,193,35,1),(239,2023,'2023-02-02 14:36:50',2,130,'2024-09-16 00:00:00',NULL,194,35,1),(240,2023,'2023-02-02 14:39:55',2,100,'2024-09-16 00:00:00',NULL,195,35,1),(241,2023,'2023-02-02 14:43:08',2,100,'2024-09-16 00:00:00',NULL,196,35,1),(242,2023,'2023-02-02 14:49:26',2,100,'2024-09-16 00:00:00',NULL,197,35,1),(243,2023,'2023-02-02 15:24:50',2,130,'2024-09-16 00:00:00',NULL,198,35,1),(244,2023,'2023-02-02 15:28:14',2,100,'2024-09-16 00:00:00',NULL,199,35,1),(245,2023,'2023-02-02 15:29:05',2,100,'2024-09-16 00:00:00',NULL,200,35,1),(246,2023,'2023-02-02 15:51:54',2,100,'2024-09-16 00:00:00',NULL,201,35,1),(247,2023,'2023-02-02 15:52:42',2,100,'2024-09-16 00:00:00',NULL,202,35,1),(248,2023,'2023-02-02 15:59:08',2,130,'2024-09-16 00:00:00',NULL,203,35,1),(249,2023,'2023-02-02 16:22:57',2,150,'2024-09-16 00:00:00',NULL,204,35,1),(250,2023,'2023-02-02 17:06:30',2,100,'2024-09-16 00:00:00',NULL,205,35,1),(251,2023,'2023-02-02 17:10:00',2,100,'2024-09-16 00:00:00',NULL,206,35,1),(252,2023,'2023-02-02 17:14:35',2,130,'2024-09-16 00:00:00',NULL,207,35,1),(253,2023,'2023-02-02 18:01:20',2,150,'2024-09-16 00:00:00',NULL,208,35,1),(254,2023,'2023-02-02 18:06:02',2,100,'2024-09-16 00:00:00',NULL,209,35,1),(255,2023,'2023-02-02 18:06:39',2,100,'2024-09-16 00:00:00',NULL,210,35,1),(256,2023,'2023-02-02 18:37:19',2,100,'2024-09-16 00:00:00',NULL,211,26,1),(257,2023,'2023-02-03 07:48:08',2,100,'2024-09-16 00:00:00',NULL,212,35,1),(258,2023,'2023-02-03 07:48:48',2,100,'2024-09-16 00:00:00',NULL,213,35,1),(259,2023,'2023-02-03 07:53:12',2,150,'2024-09-16 00:00:00',NULL,214,35,1),(260,2023,'2023-02-03 08:00:02',2,100,'2024-09-16 00:00:00',NULL,215,35,1),(261,2023,'2023-02-03 08:00:37',2,100,'2024-09-16 00:00:00',NULL,216,35,1),(262,2023,'2023-02-03 08:01:07',2,100,'2024-09-16 00:00:00',NULL,217,35,1),(263,2023,'2023-02-03 08:15:56',2,100,'2024-09-16 00:00:00',NULL,218,35,1),(264,2023,'2023-02-03 08:21:50',2,100,'2024-09-16 00:00:00',NULL,219,35,1),(265,2023,'2023-02-03 08:27:08',2,100,'2024-09-16 00:00:00',NULL,220,35,1),(266,2023,'2023-02-03 08:27:38',2,100,'2024-09-16 00:00:00',NULL,221,35,1),(267,2023,'2023-02-03 08:28:23',2,100,'2024-09-16 00:00:00',NULL,222,35,1),(268,2023,'2023-02-03 08:43:12',1,150,'2024-09-16 00:00:00',NULL,223,35,1),(269,2023,'2023-02-03 08:59:05',1,100,'2024-09-16 00:00:00',NULL,224,35,1),(270,2023,'2023-02-03 08:59:32',1,100,'2024-09-16 00:00:00',NULL,225,35,1),(271,2023,'2023-02-03 09:32:57',2,150,'2024-09-16 00:00:00',NULL,226,35,1),(272,2023,'2023-02-03 09:36:21',2,200,'2024-09-16 00:00:00',NULL,227,35,1),(273,2023,'2023-02-03 09:36:57',2,200,'2024-09-16 00:00:00',NULL,228,35,1),(274,2023,'2023-02-03 09:40:15',2,100,'2024-09-16 00:00:00',NULL,229,35,1),(275,2023,'2023-02-03 09:45:29',2,130,'2024-09-16 00:00:00',NULL,230,35,1),(276,2023,'2023-02-03 09:52:09',2,100,'2024-09-16 00:00:00',NULL,231,35,1),(277,2023,'2023-02-03 10:03:09',2,100,'2024-09-16 00:00:00',NULL,232,26,1),(278,2023,'2023-02-03 10:19:07',2,130,'2024-09-16 00:00:00',NULL,233,35,1),(279,2023,'2023-02-03 10:23:54',2,100,'2024-09-16 00:00:00',NULL,234,35,1),(280,2023,'2023-02-03 10:29:49',1,200,'2024-09-16 00:00:00',NULL,235,35,1),(281,2023,'2023-02-03 10:30:52',1,200,'2024-09-16 00:00:00',NULL,236,35,1),(282,2023,'2023-02-03 10:32:39',1,200,'2024-09-16 00:00:00',NULL,237,35,1),(283,2023,'2023-02-03 10:35:44',1,200,'2024-09-16 00:00:00',NULL,238,35,1),(284,2023,'2023-02-03 10:39:42',1,200,'2024-09-16 00:00:00',NULL,239,35,1),(285,2023,'2023-02-03 10:43:02',1,200,'2024-09-16 00:00:00',NULL,240,35,1),(286,2023,'2023-02-03 10:52:23',1,200,'2024-09-16 00:00:00',NULL,241,35,1),(287,2023,'2023-02-03 10:52:57',1,200,'2024-09-16 00:00:00',NULL,242,35,1),(288,2023,'2023-02-03 10:54:01',1,200,'2024-09-16 00:00:00',NULL,243,35,1),(289,2023,'2023-02-03 10:54:56',1,200,'2024-09-16 00:00:00',NULL,244,35,1),(290,2023,'2023-02-03 10:56:34',1,200,'2024-09-16 00:00:00',NULL,245,35,1),(291,2023,'2023-02-03 11:01:14',1,200,'2024-09-16 00:00:00',NULL,246,35,1),(292,2023,'2023-02-03 11:05:40',1,200,'2024-09-16 00:00:00',NULL,247,35,1),(293,2023,'2023-02-03 11:07:04',1,200,'2024-09-16 00:00:00',NULL,248,35,1),(294,2023,'2023-02-03 11:07:52',1,200,'2024-09-16 00:00:00',NULL,249,35,1),(295,2023,'2023-02-03 11:08:27',1,200,'2024-09-16 00:00:00',NULL,250,35,1),(296,2023,'2023-02-03 11:16:11',2,100,'2024-09-16 00:00:00',NULL,251,35,1),(297,2023,'2023-02-03 11:20:11',2,100,'2024-09-16 00:00:00',NULL,252,35,1),(298,2023,'2023-02-03 11:30:45',2,100,'2024-09-16 00:00:00',NULL,253,35,1),(299,2023,'2023-02-03 11:36:17',2,100,'2024-09-16 00:00:00',NULL,254,35,1),(300,2023,'2023-02-03 11:36:41',2,100,'2024-09-16 00:00:00',NULL,255,35,1),(301,2023,'2023-02-03 11:56:32',2,130,'2024-09-16 00:00:00',NULL,256,35,1),(302,2023,'2023-02-03 12:11:09',2,100,'2024-09-16 00:00:00',NULL,257,35,1),(303,2023,'2023-02-03 12:15:47',2,100,'2024-09-16 00:00:00',NULL,258,35,1),(304,2023,'2023-02-03 12:21:02',2,130,'2024-09-16 00:00:00',NULL,259,35,1),(305,2023,'2023-02-03 12:21:40',2,130,'2024-09-16 00:00:00',NULL,260,35,1),(306,2023,'2023-02-03 12:25:15',2,100,'2024-09-16 00:00:00',NULL,261,35,1),(307,2023,'2023-02-03 12:25:42',2,100,'2024-09-16 00:00:00',NULL,262,35,1),(308,2023,'2023-02-03 12:26:08',2,100,'2024-09-16 00:00:00',NULL,263,35,1),(309,2023,'2023-02-03 12:54:57',2,100,'2024-09-16 00:00:00',NULL,264,26,1),(310,2023,'2023-02-03 12:57:21',2,130,'2024-09-16 00:00:00',NULL,265,26,1),(311,2023,'2023-02-03 12:57:36',2,130,'2024-09-16 00:00:00',NULL,266,26,1),(312,2023,'2023-02-03 12:58:45',2,130,'2024-09-16 00:00:00',NULL,267,26,1),(313,2023,'2023-02-03 13:04:55',1,200,'2024-09-16 00:00:00',NULL,268,35,1),(314,2023,'2023-02-03 13:28:40',2,100,'2024-09-16 00:00:00',NULL,269,35,1),(315,2023,'2023-02-03 13:36:45',2,130,'2024-09-16 00:00:00',NULL,270,35,1),(316,2023,'2023-02-03 13:51:50',2,100,'2024-09-16 00:00:00',NULL,271,35,1),(317,2023,'2023-02-03 14:32:16',2,130,'2024-09-16 00:00:00',NULL,272,35,1),(318,2023,'2023-02-03 14:32:50',2,130,'2024-09-16 00:00:00',NULL,273,35,1),(319,2023,'2023-02-03 14:33:44',2,130,'2024-09-16 00:00:00',NULL,274,35,1),(320,2023,'2023-02-03 14:56:42',2,100,'2024-09-16 00:00:00',NULL,275,35,1),(321,2023,'2023-02-03 16:12:34',2,130,'2024-09-16 00:00:00',NULL,276,35,1),(322,2023,'2023-02-03 16:16:33',2,100,'2024-09-16 00:00:00',NULL,277,35,1),(323,2023,'2023-02-03 16:17:10',2,100,'2024-09-16 00:00:00',NULL,278,35,1),(324,2023,'2023-02-03 16:22:45',2,100,'2024-09-16 00:00:00',NULL,279,35,1),(325,2023,'2023-02-03 17:13:06',1,130,'2024-09-16 00:00:00',NULL,280,26,1),(326,2023,'2023-02-03 17:13:28',1,130,'2024-09-16 00:00:00',NULL,281,26,1),(327,2023,'2023-02-03 17:15:29',1,130,'2024-09-16 00:00:00',NULL,282,26,1),(328,2023,'2023-02-03 17:15:12',1,130,'2024-09-16 00:00:00',NULL,283,26,1),(329,2023,'2023-02-03 17:16:57',1,130,'2024-09-16 00:00:00',NULL,284,26,1),(330,2023,'2023-02-03 17:18:07',1,130,'2024-09-16 00:00:00',NULL,285,26,1),(331,2023,'2023-02-03 17:18:28',1,130,'2024-09-16 00:00:00',NULL,286,26,1),(332,2023,'2023-02-03 17:27:44',2,100,'2024-09-16 00:00:00',NULL,287,35,1),(333,2023,'2023-02-03 17:39:23',2,100,'2024-09-16 00:00:00',NULL,288,35,1),(334,2023,'2023-02-03 17:44:39',2,130,'2024-09-16 00:00:00',NULL,289,35,1),(335,2023,'2023-02-03 17:45:02',2,130,'2024-09-16 00:00:00',NULL,290,35,1),(336,2023,'2023-02-03 17:45:30',2,130,'2024-09-16 00:00:00',NULL,291,35,1),(337,2023,'2023-02-03 17:51:38',2,150,'2024-09-16 00:00:00',NULL,292,35,1),(338,2023,'2023-02-03 17:55:11',2,100,'2024-09-16 00:00:00',NULL,293,35,1),(339,2023,'2023-02-03 17:55:38',2,100,'2024-09-16 00:00:00',NULL,294,35,1),(340,2023,'2023-02-03 17:57:10',2,130,'2024-09-16 00:00:00',NULL,295,35,1),(341,2023,'2023-02-03 17:57:35',2,130,'2024-09-16 00:00:00',NULL,296,35,1),(342,2023,'2023-02-03 18:04:06',2,130,'2024-09-16 00:00:00',NULL,297,35,1),(343,2023,'2023-02-04 09:20:59',2,130,'2024-09-16 00:00:00',NULL,298,35,1),(344,2023,'2023-02-04 09:21:33',2,130,'2024-09-16 00:00:00',NULL,299,35,1),(345,2023,'2023-02-04 09:22:02',2,130,'2024-09-16 00:00:00',NULL,300,35,1),(346,2023,'2023-02-04 09:27:48',2,100,'2024-09-16 00:00:00',NULL,301,35,1),(347,2023,'2023-02-04 10:24:23',2,130,'2024-09-16 00:00:00',NULL,302,35,1),(348,2023,'2023-02-04 12:10:43',2,100,'2024-09-16 00:00:00',NULL,303,35,1),(349,2023,'2023-02-06 09:18:20',2,100,'2024-09-16 00:00:00',NULL,304,35,1),(350,2023,'2023-02-06 09:22:26',2,150,'2024-09-16 00:00:00',NULL,305,35,1),(351,2023,'2023-02-06 09:26:22',2,130,'2024-09-16 00:00:00',NULL,306,35,1),(352,2023,'2023-02-06 09:31:14',2,130,'2024-09-16 00:00:00',NULL,307,35,1),(353,2023,'2023-02-06 09:54:37',2,100,'2024-09-16 00:00:00',NULL,308,35,1),(354,2023,'2023-02-06 09:58:02',2,100,'2024-09-16 00:00:00',NULL,309,35,1),(355,2023,'2023-02-06 10:05:55',2,100,'2024-09-16 00:00:00',NULL,310,35,1),(356,2023,'2023-02-06 10:06:20',2,100,'2024-09-16 00:00:00',NULL,311,35,1),(357,2023,'2023-02-06 10:10:53',2,130,'2024-09-16 00:00:00',NULL,312,35,1),(358,2023,'2023-02-06 10:15:48',2,130,'2024-09-16 00:00:00',NULL,313,35,1),(359,2023,'2023-02-06 10:19:59',2,100,'2024-09-16 00:00:00',NULL,314,35,1),(360,2023,'2023-02-06 10:20:35',2,100,'2024-09-16 00:00:00',NULL,315,35,1),(361,2023,'2023-02-06 10:24:34',2,130,'2024-09-16 00:00:00',NULL,316,35,1),(362,2023,'2023-02-06 10:34:44',2,130,'2024-09-16 00:00:00',NULL,317,35,1),(363,2023,'2023-02-06 10:40:29',2,100,'2024-09-16 00:00:00',NULL,318,35,1),(364,2023,'2023-02-06 11:23:10',2,130,'2024-09-16 00:00:00',NULL,319,35,1),(365,2023,'2023-02-06 11:28:57',2,150,'2024-09-16 00:00:00',NULL,320,35,1),(366,2023,'2023-02-06 11:51:25',2,130,'2024-09-16 00:00:00',NULL,321,35,1),(367,2023,'2023-02-06 11:51:47',2,130,'2024-09-16 00:00:00',NULL,322,35,1),(368,2023,'2023-02-06 12:05:03',2,150,'2024-09-16 00:00:00',NULL,323,35,1),(369,2023,'2023-02-06 12:10:20',2,100,'2024-09-16 00:00:00',NULL,324,35,1),(370,2023,'2023-02-06 12:18:47',2,130,'2024-09-16 00:00:00',NULL,325,35,1),(371,2023,'2023-02-06 12:27:58',2,150,'2024-09-16 00:00:00',NULL,326,35,1),(372,2023,'2023-02-06 12:28:33',2,150,'2024-09-16 00:00:00',NULL,327,35,1),(373,2023,'2023-02-06 12:32:39',2,130,'2024-09-16 00:00:00',NULL,328,35,1),(374,2023,'2023-02-06 12:37:07',2,200,'2024-09-16 00:00:00',NULL,329,35,1),(375,2023,'2023-02-06 12:38:04',2,200,'2024-09-16 00:00:00',NULL,330,35,1),(376,2023,'2023-02-06 14:06:08',2,100,'2024-09-16 00:00:00',NULL,331,35,1),(377,2023,'2023-02-06 14:10:40',2,100,'2024-09-16 00:00:00',NULL,332,35,1),(378,2023,'2023-02-06 14:32:19',2,100,'2024-09-16 00:00:00',NULL,333,35,1),(379,2023,'2023-02-06 14:37:10',2,130,'2024-09-16 00:00:00',NULL,334,35,1),(380,2023,'2023-02-06 14:37:07',2,130,'2024-09-16 00:00:00',NULL,335,35,1),(381,2023,'2023-02-06 16:04:47',2,100,'2024-09-16 00:00:00',NULL,336,26,1),(382,2023,'2023-02-06 16:08:14',2,100,'2024-09-16 00:00:00',NULL,337,26,1),(383,2023,'2023-02-06 16:08:39',2,100,'2024-09-16 00:00:00',NULL,338,26,1),(384,2023,'2023-02-06 16:14:35',2,100,'2024-09-16 00:00:00',NULL,339,26,1),(385,2023,'2023-02-06 17:46:05',2,120,'2024-09-16 00:00:00',NULL,340,26,1),(386,2023,'2023-02-07 08:03:02',2,100,'2024-09-16 00:00:00',NULL,341,35,1),(387,2023,'2023-02-07 08:03:42',2,100,'2024-09-16 00:00:00',NULL,342,35,1),(388,2023,'2023-02-07 08:14:40',2,100,'2024-09-16 00:00:00',NULL,343,35,1),(389,2023,'2023-02-07 08:52:54',2,100,'2024-09-16 00:00:00',NULL,344,35,1),(390,2023,'2023-02-07 08:53:29',2,100,'2024-09-16 00:00:00',NULL,345,35,1),(391,2023,'2023-02-07 09:07:31',2,100,'2024-09-16 00:00:00',NULL,346,35,1),(392,2023,'2023-02-07 09:54:22',2,100,'2024-09-16 00:00:00',NULL,347,35,1),(393,2023,'2023-02-07 10:04:43',2,200,'2024-09-16 00:00:00',NULL,348,35,1),(394,2023,'2023-02-07 10:10:02',2,100,'2024-09-16 00:00:00',NULL,349,35,1),(395,2023,'2023-02-07 10:10:23',2,100,'2024-09-16 00:00:00',NULL,350,35,1),(396,2023,'2023-02-07 10:22:56',2,120,'2024-09-16 00:00:00',NULL,351,35,1),(397,2023,'2023-02-07 10:26:16',2,150,'2024-09-16 00:00:00',NULL,352,35,1),(398,2023,'2023-02-07 10:26:53',2,150,'2024-09-16 00:00:00',NULL,353,35,1),(399,2023,'2023-02-07 10:30:24',2,100,'2024-09-16 00:00:00',NULL,354,35,1),(400,2023,'2023-02-07 11:06:22',2,150,'2024-09-16 00:00:00',NULL,355,35,1),(401,2023,'2023-02-07 11:11:34',2,130,'2024-09-16 00:00:00',NULL,356,35,1),(402,2023,'2023-02-07 11:12:03',2,130,'2024-09-16 00:00:00',NULL,357,35,1),(403,2023,'2023-02-07 11:12:30',2,130,'2024-09-16 00:00:00',NULL,358,35,1),(404,2023,'2023-02-07 11:15:16',2,100,'2024-09-16 00:00:00',NULL,359,35,1),(405,2023,'2023-02-07 11:33:42',1,150,'2024-09-16 00:00:00',NULL,360,35,1),(406,2023,'2023-02-07 11:48:21',2,120,'2024-09-16 00:00:00',NULL,361,35,1),(407,2023,'2023-02-07 14:20:54',2,100,'2024-09-16 00:00:00',NULL,362,35,1),(408,2023,'2023-02-07 14:36:08',2,100,'2024-09-16 00:00:00',NULL,363,35,1),(409,2023,'2023-02-07 14:39:44',2,130,'2024-09-16 00:00:00',NULL,364,35,1),(410,2023,'2023-02-07 16:21:47',2,200,'2024-09-16 00:00:00',NULL,365,35,1),(411,2023,'2023-02-07 16:22:19',2,200,'2024-09-16 00:00:00',NULL,366,35,1),(412,2023,'2023-02-07 16:23:17',2,200,'2024-09-16 00:00:00',NULL,367,35,1),(413,2023,'2023-02-07 16:28:51',2,100,'2024-09-16 00:00:00',NULL,368,35,1),(414,2023,'2023-02-07 17:09:39',2,100,'2024-09-16 00:00:00',NULL,369,35,1),(415,2023,'2023-02-07 17:10:11',2,100,'2024-09-16 00:00:00',NULL,370,35,1),(416,2023,'2023-02-07 17:52:22',2,100,'2024-09-16 00:00:00',NULL,371,35,1),(417,2023,'2023-02-07 17:59:08',2,100,'2024-09-16 00:00:00',NULL,372,35,1),(418,2023,'2023-02-07 18:05:57',2,150,'2024-09-16 00:00:00',NULL,373,35,1),(419,2023,'2023-02-08 07:49:34',2,100,'2024-09-16 00:00:00',NULL,374,35,1),(420,2023,'2023-02-08 07:51:35',2,100,'2024-09-16 00:00:00',NULL,375,35,1),(421,2023,'2023-02-08 07:57:14',2,100,'2024-09-16 00:00:00',NULL,376,35,1),(422,2023,'2023-02-08 07:57:36',2,100,'2024-09-16 00:00:00',NULL,377,35,1),(423,2023,'2023-02-08 09:17:06',2,120,'2024-09-16 00:00:00',NULL,378,35,1),(424,2023,'2023-02-08 09:23:28',2,120,'2024-09-16 00:00:00',NULL,379,35,1),(425,2023,'2023-02-08 09:41:44',2,100,'2024-09-16 00:00:00',NULL,380,35,1),(426,2023,'2023-02-08 09:45:28',2,100,'2024-09-16 00:00:00',NULL,381,35,1),(427,2023,'2023-02-08 09:45:50',2,100,'2024-09-16 00:00:00',NULL,382,35,1),(428,2023,'2023-02-08 09:55:35',2,100,'2024-09-16 00:00:00',NULL,383,35,1),(429,2023,'2023-02-08 10:10:55',2,200,'2024-09-16 00:00:00',NULL,384,35,1),(430,2023,'2023-02-08 11:26:44',2,100,'2024-09-16 00:00:00',NULL,385,35,1),(431,2023,'2023-02-08 11:27:20',2,100,'2024-09-16 00:00:00',NULL,386,35,1),(432,2023,'2023-02-08 11:44:03',2,200,'2024-09-16 00:00:00',NULL,387,35,1),(433,2023,'2023-02-08 11:52:55',2,100,'2024-09-16 00:00:00',NULL,388,35,1),(434,2023,'2023-02-08 11:57:18',2,100,'2024-09-16 00:00:00',NULL,389,35,1),(435,2023,'2023-02-08 12:00:42',2,100,'2024-09-16 00:00:00',NULL,390,35,1),(436,2023,'2023-02-08 11:59:04',2,100,'2024-09-16 00:00:00',NULL,391,26,1),(437,2023,'2023-02-08 12:05:13',2,100,'2024-09-16 00:00:00',NULL,392,35,1),(438,2023,'2023-02-08 12:05:44',2,100,'2024-09-16 00:00:00',NULL,393,35,1),(439,2023,'2023-02-08 12:09:28',2,100,'2024-09-16 00:00:00',NULL,394,35,1),(440,2023,'2023-02-08 12:09:49',2,100,'2024-09-16 00:00:00',NULL,395,35,1),(441,2023,'2023-02-08 12:11:30',2,100,'2024-09-16 00:00:00',NULL,396,35,1),(442,2023,'2023-02-08 13:14:31',2,100,'2024-09-16 00:00:00',NULL,397,35,1),(443,2023,'2023-02-08 13:17:32',2,100,'2024-09-16 00:00:00',NULL,398,35,1),(444,2023,'2023-02-08 13:17:55',2,100,'2024-09-16 00:00:00',NULL,399,35,1),(445,2023,'2023-02-08 13:18:14',2,100,'2024-09-16 00:00:00',NULL,400,35,1),(446,2023,'2023-02-08 14:06:17',2,100,'2024-09-16 00:00:00',NULL,401,35,1),(447,2023,'2023-02-08 16:04:29',2,100,'2024-09-16 00:00:00',NULL,402,35,1),(448,2023,'2023-02-08 16:08:43',2,100,'2024-09-16 00:00:00',NULL,403,26,1),(449,2023,'2023-02-08 16:10:13',2,100,'2024-09-16 00:00:00',NULL,404,26,1),(450,2023,'2023-02-08 16:13:41',2,100,'2024-09-16 00:00:00',NULL,405,26,1),(451,2023,'2023-02-08 16:14:47',2,100,'2024-09-16 00:00:00',NULL,406,26,1),(452,2023,'2023-02-08 16:16:40',2,100,'2024-09-16 00:00:00',NULL,407,26,1),(453,2023,'2023-02-08 16:18:36',2,100,'2024-09-16 00:00:00',NULL,408,26,1),(454,2023,'2023-02-08 16:19:03',2,100,'2024-09-16 00:00:00',NULL,409,26,1),(455,2023,'2023-02-08 18:20:20',2,100,'2024-09-16 00:00:00',NULL,410,35,1),(456,2023,'2023-02-08 18:22:42',2,100,'2024-09-16 00:00:00',NULL,411,35,1),(457,2023,'2023-02-09 08:12:09',2,100,'2024-09-16 00:00:00',NULL,412,35,1),(458,2023,'2023-02-09 08:17:38',2,150,'2024-09-16 00:00:00',NULL,413,35,1),(459,2023,'2023-02-09 08:21:04',2,100,'2024-09-16 00:00:00',NULL,414,35,1),(460,2023,'2023-02-09 08:35:54',2,100,'2024-09-16 00:00:00',NULL,415,35,1),(461,2023,'2023-02-09 08:43:20',2,100,'2024-09-16 00:00:00',NULL,416,35,1),(462,2023,'2023-02-09 08:43:46',2,100,'2024-09-16 00:00:00',NULL,417,35,1),(463,2023,'2023-02-09 08:44:10',2,100,'2024-09-16 00:00:00',NULL,418,35,1),(464,2023,'2023-02-09 08:47:28',2,100,'2024-09-16 00:00:00',NULL,419,35,1),(465,2023,'2023-02-09 08:56:44',2,100,'2024-09-16 00:00:00',NULL,420,35,1),(466,2023,'2023-02-09 09:28:27',2,100,'2024-09-16 00:00:00',NULL,421,35,1),(467,2023,'2023-02-09 09:29:12',2,100,'2024-09-16 00:00:00',NULL,422,35,1),(468,2023,'2023-02-09 09:48:12',2,100,'2024-09-16 00:00:00',NULL,423,35,1),(469,2023,'2023-02-09 10:53:34',2,100,'2024-09-16 00:00:00',NULL,424,35,1),(470,2023,'2023-02-09 11:05:45',2,100,'2024-09-16 00:00:00',NULL,425,35,1),(471,2023,'2023-02-09 11:13:44',2,100,'2024-09-16 00:00:00',NULL,426,35,1),(472,2023,'2023-02-09 11:14:22',2,100,'2024-09-16 00:00:00',NULL,427,35,1),(473,2023,'2023-02-09 11:19:43',2,100,'2024-09-16 00:00:00',NULL,428,35,1),(474,2023,'2023-02-09 11:43:40',2,100,'2024-09-16 00:00:00',NULL,429,35,1),(475,2023,'2023-02-09 11:47:03',2,100,'2024-09-16 00:00:00',NULL,430,35,1),(476,2023,'2023-02-09 11:52:32',2,100,'2024-09-16 00:00:00',NULL,431,35,1),(477,2023,'2023-02-09 12:02:10',2,100,'2024-09-16 00:00:00',NULL,432,35,1),(478,2023,'2023-02-09 12:02:53',2,100,'2024-09-16 00:00:00',NULL,433,35,1),(479,2023,'2023-02-09 12:06:36',2,100,'2024-09-16 00:00:00',NULL,434,35,1),(480,2023,'2023-02-09 12:10:15',2,100,'2024-09-16 00:00:00',NULL,435,35,1),(481,2023,'2023-02-09 12:13:32',2,100,'2024-09-16 00:00:00',NULL,436,35,1),(482,2023,'2023-02-09 12:19:42',2,200,'2024-09-16 00:00:00',NULL,437,35,1),(483,2023,'2023-02-09 12:20:03',2,200,'2024-09-16 00:00:00',NULL,438,35,1),(484,2023,'2023-02-09 12:20:27',2,200,'2024-09-16 00:00:00',NULL,439,35,1),(485,2023,'2023-02-09 12:21:03',2,200,'2024-09-16 00:00:00',NULL,440,35,1),(486,2023,'2023-02-09 12:32:00',2,100,'2024-09-16 00:00:00',NULL,441,35,1),(487,2023,'2023-02-09 12:36:30',2,100,'2024-09-16 00:00:00',NULL,442,35,1),(488,2023,'2023-02-09 12:37:01',2,100,'2024-09-16 00:00:00',NULL,443,35,1),(489,2023,'2023-02-09 12:42:03',2,100,'2024-09-16 00:00:00',NULL,444,35,1),(490,2023,'2023-02-09 12:42:59',2,100,'2024-09-16 00:00:00',NULL,445,35,1),(491,2023,'2023-02-09 12:43:30',2,100,'2024-09-16 00:00:00',NULL,446,35,1),(492,2023,'2023-02-09 13:21:37',2,100,'2024-09-16 00:00:00',NULL,447,35,1),(493,2023,'2023-02-09 14:17:22',2,100,'2024-09-16 00:00:00',NULL,448,26,1),(494,2023,'2023-02-09 18:33:38',2,100,'2024-09-16 00:00:00',NULL,449,26,1),(495,2023,'2023-02-09 20:31:35',2,100,'2024-09-16 00:00:00',NULL,450,26,1),(496,2023,'2023-02-09 20:35:44',2,100,'2024-09-16 00:00:00',NULL,451,26,1),(497,2023,'2023-02-09 20:36:20',2,100,'2024-09-16 00:00:00',NULL,452,26,1),(498,2023,'2023-02-09 20:36:44',2,100,'2024-09-16 00:00:00',NULL,453,26,1),(499,2023,'2023-02-09 21:26:18',2,100,'2024-09-16 00:00:00',NULL,454,26,1),(500,2023,'2023-02-10 08:22:44',2,150,'2024-09-16 00:00:00',NULL,455,35,1),(501,2023,'2023-02-10 08:51:11',2,100,'2024-09-16 00:00:00',NULL,456,35,1),(502,2023,'2023-02-10 08:51:42',2,100,'2024-09-16 00:00:00',NULL,457,35,1),(503,2023,'2023-02-10 09:02:51',2,120,'2024-09-16 00:00:00',NULL,458,35,1),(504,2023,'2023-02-10 09:46:59',2,150,'2024-09-16 00:00:00',NULL,459,35,1),(505,2023,'2023-02-10 09:56:28',2,100,'2024-09-16 00:00:00',NULL,460,35,1),(506,2023,'2023-02-10 10:43:07',2,100,'2024-09-16 00:00:00',NULL,461,35,1),(507,2023,'2023-02-10 11:22:11',2,100,'2024-09-16 00:00:00',NULL,462,35,1),(508,2023,'2023-02-10 11:38:13',2,100,'2024-09-16 00:00:00',NULL,463,35,1),(509,2023,'2023-02-10 11:48:01',1,150,'2024-09-16 00:00:00',NULL,464,35,1),(510,2023,'2023-02-10 12:25:44',2,100,'2024-09-16 00:00:00',NULL,465,35,1),(511,2023,'2023-02-10 12:29:45',2,100,'2024-09-16 00:00:00',NULL,466,35,1),(512,2023,'2023-02-10 13:04:54',2,100,'2024-09-16 00:00:00',NULL,467,35,1),(513,2023,'2023-02-10 13:47:35',2,100,'2024-09-16 00:00:00',NULL,468,35,1),(514,2023,'2023-02-10 13:49:49',2,100,'2024-09-16 00:00:00',NULL,469,35,1),(515,2023,'2023-02-10 13:50:28',2,100,'2024-09-16 00:00:00',NULL,470,35,1),(516,2023,'2023-02-10 14:09:06',2,150,'2024-09-16 00:00:00',NULL,471,35,1),(517,2023,'2023-02-10 14:17:46',2,100,'2024-09-16 00:00:00',NULL,472,35,1),(518,2023,'2023-02-10 14:32:44',2,100,'2024-09-16 00:00:00',NULL,473,35,1),(519,2023,'2023-02-10 14:33:54',2,100,'2024-09-16 00:00:00',NULL,474,35,1),(520,2023,'2023-02-10 14:34:24',2,100,'2024-09-16 00:00:00',NULL,475,35,1),(521,2023,'2023-02-10 14:38:42',2,100,'2024-09-16 00:00:00',NULL,476,35,1),(522,2023,'2023-02-10 16:22:06',2,200,'2024-09-16 00:00:00',NULL,477,35,1),(523,2023,'2023-02-10 16:24:05',2,200,'2024-09-16 00:00:00',NULL,478,35,1),(524,2023,'2023-02-10 16:28:07',2,200,'2024-09-16 00:00:00',NULL,479,35,1),(525,2023,'2023-02-10 16:28:38',2,200,'2024-09-16 00:00:00',NULL,480,35,1),(526,2023,'2023-02-10 16:29:10',2,200,'2024-09-16 00:00:00',NULL,481,35,1),(527,2023,'2023-02-10 17:00:55',2,100,'2024-09-16 00:00:00',NULL,482,35,1),(528,2023,'2023-02-10 17:01:51',2,100,'2024-09-16 00:00:00',NULL,483,35,1),(529,2023,'2023-02-11 08:20:00',2,100,'2024-09-16 00:00:00',NULL,484,35,1),(530,2023,'2023-02-11 09:12:46',2,200,'2024-09-16 00:00:00',NULL,485,35,1),(531,2023,'2023-02-11 11:33:16',2,200,'2024-09-16 00:00:00',NULL,486,35,1),(532,2023,'2023-02-11 11:33:55',2,200,'2024-09-16 00:00:00',NULL,487,35,1),(533,2023,'2023-02-11 13:53:34',2,100,'2024-09-16 00:00:00',NULL,488,26,1),(534,2023,'2023-02-11 13:56:07',2,150,'2024-09-16 00:00:00',NULL,489,26,1),(535,2023,'2023-02-11 16:30:47',2,150,'2024-09-16 00:00:00',NULL,490,26,1),(536,2023,'2023-02-11 19:21:56',2,150,'2024-09-16 00:00:00',NULL,491,26,1),(537,2023,'2023-02-13 08:37:53',2,100,'2024-09-16 00:00:00',NULL,492,35,1),(538,2023,'2023-02-13 08:41:05',2,100,'2024-09-16 00:00:00',NULL,493,35,1),(539,2023,'2023-02-13 08:43:03',2,100,'2024-09-16 00:00:00',NULL,494,35,1),(540,2023,'2023-02-13 10:25:06',1,100,'2024-09-16 00:00:00',NULL,495,35,1),(541,2023,'2023-02-13 10:25:30',1,100,'2024-09-16 00:00:00',NULL,496,35,1),(542,2023,'2023-02-13 12:29:20',2,100,'2024-09-16 00:00:00',NULL,497,35,1),(543,2023,'2023-02-13 12:30:12',2,100,'2024-09-16 00:00:00',NULL,498,35,1),(544,2023,'2023-02-13 12:37:00',2,100,'2024-09-16 00:00:00',NULL,499,35,1),(545,2023,'2023-02-13 12:40:55',2,100,'2024-09-16 00:00:00',NULL,500,35,1),(546,2023,'2023-02-13 12:46:05',2,100,'2024-09-16 00:00:00',NULL,501,35,1),(547,2023,'2023-02-13 12:48:11',2,100,'2024-09-16 00:00:00',NULL,502,35,1),(548,2023,'2023-02-13 14:37:59',2,200,'2024-09-16 00:00:00',NULL,503,26,1),(549,2023,'2023-02-13 14:38:26',2,200,'2024-09-16 00:00:00',NULL,504,26,1),(550,2023,'2023-02-13 14:46:06',2,200,'2024-09-16 00:00:00',NULL,505,26,1),(551,2023,'2023-02-13 14:47:54',2,200,'2024-09-16 00:00:00',NULL,506,26,1),(552,2023,'2023-02-13 14:48:22',2,200,'2024-09-16 00:00:00',NULL,507,26,1),(553,2023,'2023-02-13 14:50:03',2,200,'2024-09-16 00:00:00',NULL,508,26,1),(554,2023,'2023-02-13 14:52:36',2,200,'2024-09-16 00:00:00',NULL,509,26,1),(555,2023,'2023-02-13 14:59:44',2,200,'2024-09-16 00:00:00',NULL,510,26,1),(556,2023,'2023-02-13 15:05:10',2,200,'2024-09-16 00:00:00',NULL,511,26,1),(557,2023,'2023-02-13 15:05:38',2,200,'2024-09-16 00:00:00',NULL,512,26,1),(558,2023,'2023-02-13 15:07:20',2,200,'2024-09-16 00:00:00',NULL,513,26,1),(559,2023,'2023-02-13 15:10:47',2,200,'2024-09-16 00:00:00',NULL,514,26,1),(560,2023,'2023-02-13 15:13:29',2,200,'2024-09-16 00:00:00',NULL,515,26,1),(561,2023,'2023-02-13 15:22:33',2,200,'2024-09-16 00:00:00',NULL,516,26,1),(562,2023,'2023-02-13 15:22:59',2,200,'2024-09-16 00:00:00',NULL,517,26,1),(563,2023,'2023-02-13 15:29:52',2,100,'2024-09-16 00:00:00',NULL,518,26,1),(564,2023,'2023-02-13 15:30:16',2,100,'2024-09-16 00:00:00',NULL,519,26,1),(565,2023,'2023-02-13 15:30:40',2,100,'2024-09-16 00:00:00',NULL,520,26,1),(566,2023,'2023-02-13 16:49:21',2,200,'2024-09-16 00:00:00',NULL,521,26,1),(567,2023,'2023-02-13 16:49:46',2,200,'2024-09-16 00:00:00',NULL,522,26,1),(568,2023,'2023-02-14 08:47:51',2,100,'2024-09-16 00:00:00',NULL,523,35,1),(569,2023,'2023-02-14 08:50:08',2,100,'2024-09-16 00:00:00',NULL,524,35,1),(570,2023,'2023-02-14 08:57:54',2,120,'2024-09-16 00:00:00',NULL,525,35,1),(571,2023,'2023-02-14 08:58:17',2,120,'2024-09-16 00:00:00',NULL,526,35,1),(572,2023,'2023-02-14 09:03:51',2,130,'2024-09-16 00:00:00',NULL,527,35,1),(573,2023,'2023-02-14 09:04:19',2,130,'2024-09-16 00:00:00',NULL,528,35,1),(574,2023,'2023-02-14 09:06:19',2,100,'2024-09-16 00:00:00',NULL,529,35,1),(575,2023,'2023-02-14 09:08:10',2,100,'2024-09-16 00:00:00',NULL,530,35,1),(576,2023,'2023-02-14 09:10:00',2,100,'2024-09-16 00:00:00',NULL,531,35,1),(577,2023,'2023-02-14 09:15:50',2,200,'2024-09-16 00:00:00',NULL,532,35,1),(578,2023,'2023-02-14 09:20:53',2,100,'2024-09-16 00:00:00',NULL,533,35,1),(579,2023,'2023-02-14 10:54:53',2,100,'2024-09-16 00:00:00',NULL,534,35,1),(580,2023,'2023-02-14 11:00:48',2,100,'2024-09-16 00:00:00',NULL,535,35,1),(581,2023,'2023-02-14 11:01:34',2,100,'2024-09-16 00:00:00',NULL,536,35,1),(582,2023,'2023-02-14 11:02:05',2,100,'2024-09-16 00:00:00',NULL,537,35,1),(583,2023,'2023-02-14 11:04:09',2,100,'2024-09-16 00:00:00',NULL,538,35,1),(584,2023,'2023-02-14 14:53:21',2,200,'2024-09-16 00:00:00',NULL,539,35,1),(585,2023,'2023-02-14 14:55:37',2,200,'2024-09-16 00:00:00',NULL,540,35,1),(586,2023,'2023-02-14 14:58:46',2,100,'2024-09-16 00:00:00',NULL,541,35,1),(587,2023,'2023-02-14 15:16:10',2,200,'2024-09-16 00:00:00',NULL,542,35,1),(588,2023,'2023-02-14 15:18:26',2,200,'2024-09-16 00:00:00',NULL,543,35,1),(589,2023,'2023-02-14 15:41:30',2,100,'2024-09-16 00:00:00',NULL,544,35,1),(590,2023,'2023-02-14 15:47:52',2,100,'2024-09-16 00:00:00',NULL,545,35,1),(591,2023,'2023-02-14 18:25:06',2,100,'2024-09-16 00:00:00',NULL,546,35,1),(592,2023,'2023-02-14 19:17:29',2,100,'2024-09-16 00:00:00',NULL,547,26,1),(593,2023,'2023-02-14 19:17:54',2,100,'2024-09-16 00:00:00',NULL,548,26,1),(594,2023,'2023-02-14 19:18:18',2,100,'2024-09-16 00:00:00',NULL,549,26,1),(595,2023,'2023-02-15 07:50:21',2,100,'2024-09-16 00:00:00',NULL,550,35,1),(596,2023,'2023-02-15 09:14:35',2,120,'2024-09-16 00:00:00',NULL,551,35,1),(597,2023,'2023-02-15 09:15:23',2,120,'2024-09-16 00:00:00',NULL,552,35,1),(598,2023,'2023-02-15 09:26:17',1,100,'2024-09-16 00:00:00',NULL,553,35,1),(599,2023,'2023-02-15 09:52:37',2,130,'2024-09-16 00:00:00',NULL,554,35,1),(600,2023,'2023-02-15 09:56:22',2,100,'2024-09-16 00:00:00',NULL,555,35,1),(601,2023,'2023-02-15 10:41:08',2,200,'2024-09-16 00:00:00',NULL,556,35,1),(602,2023,'2023-02-15 12:43:40',2,100,'2024-09-16 00:00:00',NULL,557,35,1),(603,2023,'2023-02-15 13:56:46',2,200,'2024-09-16 00:00:00',NULL,558,35,1),(604,2023,'2023-02-15 15:21:37',2,100,'2024-09-16 00:00:00',NULL,559,26,1),(605,2023,'2023-02-15 15:22:02',2,100,'2024-09-16 00:00:00',NULL,560,26,1),(606,2023,'2023-02-15 15:25:15',2,100,'2024-09-16 00:00:00',NULL,561,26,1),(607,2023,'2023-02-15 15:27:53',2,200,'2024-09-16 00:00:00',NULL,562,26,1),(608,2023,'2023-02-15 15:59:05',2,100,'2024-09-16 00:00:00',NULL,563,35,1),(609,2023,'2023-02-15 16:09:51',2,100,'2024-09-16 00:00:00',NULL,564,26,1),(610,2023,'2023-02-15 21:29:59',2,100,'2024-09-16 00:00:00',NULL,565,26,1),(611,2023,'2023-02-15 21:32:58',2,150,'2024-09-16 00:00:00',NULL,566,26,1),(612,2023,'2023-02-16 07:51:40',2,100,'2024-09-16 00:00:00',NULL,567,35,1),(613,2023,'2023-02-16 10:05:13',2,100,'2024-09-16 00:00:00',NULL,568,35,1),(614,2023,'2023-02-16 10:43:44',2,150,'2024-09-16 00:00:00',NULL,569,35,1),(615,2023,'2023-02-16 10:44:13',2,150,'2024-09-16 00:00:00',NULL,570,35,1),(616,2023,'2023-02-16 12:47:52',2,100,'2024-09-16 00:00:00',NULL,571,35,1),(617,2023,'2023-02-16 12:48:25',2,100,'2024-09-16 00:00:00',NULL,572,35,1),(618,2023,'2023-02-16 14:19:09',2,120,'2024-09-16 00:00:00',NULL,573,35,1),(619,2023,'2023-02-16 14:19:43',2,120,'2024-09-16 00:00:00',NULL,574,35,1),(620,2023,'2023-02-16 14:20:23',2,120,'2024-09-16 00:00:00',NULL,575,35,1),(621,2023,'2023-02-16 18:12:52',2,100,'2024-09-16 00:00:00',NULL,576,35,1),(622,2023,'2023-02-17 07:54:18',2,100,'2024-09-16 00:00:00',NULL,577,35,1),(623,2023,'2023-02-17 07:54:41',2,100,'2024-09-16 00:00:00',NULL,578,35,1),(624,2023,'2023-02-17 07:59:24',2,100,'2024-09-16 00:00:00',NULL,579,35,1),(625,2023,'2023-02-17 10:56:36',2,100,'2024-09-16 00:00:00',NULL,580,35,1),(626,2023,'2023-02-17 11:00:48',2,100,'2024-09-16 00:00:00',NULL,581,35,1),(627,2023,'2023-02-17 11:03:50',2,100,'2024-09-16 00:00:00',NULL,582,35,1),(628,2023,'2023-02-17 11:17:38',2,100,'2024-09-16 00:00:00',NULL,583,35,1),(629,2023,'2023-02-17 12:56:48',2,100,'2024-09-16 00:00:00',NULL,584,35,1),(630,2023,'2023-02-17 16:24:26',2,100,'2024-09-16 00:00:00',NULL,585,35,1),(631,2023,'2023-02-22 08:53:57',2,100,'2024-09-16 00:00:00',NULL,586,35,1),(632,2023,'2023-02-22 09:41:16',2,200,'2024-09-16 00:00:00',NULL,587,35,1),(633,2023,'2023-02-22 10:34:11',2,100,'2024-09-16 00:00:00',NULL,588,35,1),(634,2023,'2023-02-22 10:34:45',2,100,'2024-09-16 00:00:00',NULL,589,35,1),(635,2023,'2023-02-22 12:30:30',2,130,'2024-09-16 00:00:00',NULL,590,35,1),(636,2023,'2023-02-22 21:11:07',2,100,'2024-09-16 00:00:00',NULL,591,35,1),(637,2023,'2023-02-22 21:13:07',2,100,'2024-09-16 00:00:00',NULL,592,35,1),(638,2023,'2023-02-23 12:50:46',2,100,'2024-09-16 00:00:00',NULL,593,35,1),(639,2023,'2023-02-23 13:28:10',2,100,'2024-09-16 00:00:00',NULL,594,35,1),(640,2023,'2023-02-23 13:28:50',2,100,'2024-09-16 00:00:00',NULL,595,35,1),(641,2023,'2023-02-23 15:27:43',2,100,'2024-09-16 00:00:00',NULL,596,35,1),(642,2023,'2023-02-23 16:09:17',2,100,'2024-09-16 00:00:00',NULL,597,35,1),(643,2023,'2023-02-24 09:29:54',2,130,'2024-09-16 00:00:00',NULL,598,35,1),(644,2023,'2023-02-24 11:49:00',2,130,'2024-09-16 00:00:00',NULL,599,35,1),(645,2023,'2023-02-24 11:49:31',2,130,'2024-09-16 00:00:00',NULL,600,35,1),(646,2023,'2023-02-24 11:56:13',2,100,'2024-09-16 00:00:00',NULL,601,35,1),(647,2023,'2023-02-24 13:10:20',2,150,'2024-09-16 00:00:00',NULL,602,35,1),(648,2023,'2023-02-24 13:19:34',2,100,'2024-09-16 00:00:00',NULL,603,35,1),(649,2023,'2023-02-24 13:49:26',2,150,'2024-09-16 00:00:00',NULL,604,35,1),(650,2023,'2023-02-27 09:27:49',2,100,'2024-09-16 00:00:00',NULL,605,35,1),(651,2023,'2023-02-27 09:53:49',2,100,'2024-09-16 00:00:00',NULL,606,35,1),(652,2023,'2023-02-27 10:01:37',2,120,'2024-09-16 00:00:00',NULL,607,35,1),(653,2023,'2023-02-27 13:05:37',2,100,'2024-09-16 00:00:00',NULL,608,35,1),(654,2023,'2023-02-28 08:04:35',2,100,'2024-09-16 00:00:00',NULL,609,35,1),(655,2023,'2023-02-28 13:38:23',2,130,'2024-09-16 00:00:00',NULL,610,35,1),(656,2023,'2023-03-01 08:36:31',2,100,'2024-09-16 00:00:00',NULL,611,35,1),(657,2023,'2023-03-01 08:38:46',2,100,'2024-09-16 00:00:00',NULL,612,35,1),(658,2023,'2023-03-01 13:46:09',2,100,'2024-09-16 00:00:00',NULL,613,35,1),(659,2023,'2023-03-01 13:49:05',2,100,'2024-09-16 00:00:00',NULL,614,35,1),(660,2023,'2023-03-01 16:05:55',2,100,'2024-09-16 00:00:00',NULL,615,26,1),(661,2023,'2023-03-02 11:13:47',2,100,'2024-09-16 00:00:00',NULL,616,35,1),(662,2023,'2023-03-02 13:46:08',2,100,'2024-09-16 00:00:00',NULL,617,35,1),(663,2023,'2023-03-03 08:39:05',2,100,'2024-09-16 00:00:00',NULL,618,35,1),(664,2023,'2023-03-03 08:40:41',2,100,'2024-09-16 00:00:00',NULL,619,35,1),(665,2023,'2023-03-03 11:01:03',2,120,'2024-09-16 00:00:00',NULL,620,26,1),(666,2023,'2023-03-03 11:01:46',2,120,'2024-09-16 00:00:00',NULL,621,26,1),(667,2023,'2023-03-03 11:44:05',1,100,'2024-09-16 00:00:00',NULL,622,35,1),(668,2023,'2023-03-03 11:44:35',1,100,'2024-09-16 00:00:00',NULL,623,35,1),(669,2023,'2023-03-03 11:44:57',1,100,'2024-09-16 00:00:00',NULL,624,35,1),(670,2023,'2023-03-03 12:21:18',1,120,'2024-09-16 00:00:00',NULL,625,35,1),(671,2023,'2023-03-03 12:22:29',1,120,'2024-09-16 00:00:00',NULL,626,35,1),(672,2023,'2023-03-03 12:23:00',1,120,'2024-09-16 00:00:00',NULL,627,35,1),(673,2023,'2023-03-03 12:23:26',1,120,'2024-09-16 00:00:00',NULL,628,35,1),(674,2023,'2023-03-03 12:25:25',1,120,'2024-09-16 00:00:00',NULL,629,35,1),(675,2023,'2023-03-03 12:25:57',1,120,'2024-09-16 00:00:00',NULL,630,35,1),(676,2023,'2023-03-03 12:26:32',1,120,'2024-09-16 00:00:00',NULL,631,35,1),(677,2023,'2023-03-03 12:27:02',1,120,'2024-09-16 00:00:00',NULL,632,35,1),(678,2023,'2023-03-03 12:27:35',1,120,'2024-09-16 00:00:00',NULL,633,35,1),(679,2023,'2023-03-03 12:28:04',1,120,'2024-09-16 00:00:00',NULL,634,35,1),(680,2023,'2023-03-03 12:36:56',1,120,'2024-09-16 00:00:00',NULL,635,35,1),(681,2023,'2023-03-03 12:37:24',1,120,'2024-09-16 00:00:00',NULL,636,35,1),(682,2023,'2023-03-03 12:48:31',1,120,'2024-09-16 00:00:00',NULL,637,35,1),(683,2023,'2023-03-03 12:49:02',1,120,'2024-09-16 00:00:00',NULL,638,35,1),(684,2023,'2023-03-03 12:49:30',1,120,'2024-09-16 00:00:00',NULL,639,35,1),(685,2023,'2023-03-03 12:58:49',1,120,'2024-09-16 00:00:00',NULL,640,35,1),(686,2023,'2023-03-03 13:00:34',1,120,'2024-09-16 00:00:00',NULL,641,35,1),(687,2023,'2023-03-03 13:02:21',1,120,'2024-09-16 00:00:00',NULL,642,35,1),(688,2023,'2023-03-03 13:03:06',1,120,'2024-09-16 00:00:00',NULL,643,35,1),(689,2023,'2023-03-03 13:03:35',1,120,'2024-09-16 00:00:00',NULL,644,35,1),(690,2023,'2023-03-03 13:04:14',1,120,'2024-09-16 00:00:00',NULL,645,35,1),(691,2023,'2023-03-03 13:04:37',1,120,'2024-09-16 00:00:00',NULL,646,35,1),(692,2023,'2023-03-03 13:05:01',1,120,'2024-09-16 00:00:00',NULL,647,35,1),(693,2023,'2023-03-03 13:05:24',1,120,'2024-09-16 00:00:00',NULL,648,35,1),(694,2023,'2023-03-03 13:05:55',1,120,'2024-09-16 00:00:00',NULL,649,35,1),(695,2023,'2023-03-03 13:17:49',1,120,'2024-09-16 00:00:00',NULL,650,35,1),(696,2023,'2023-03-03 13:18:20',1,120,'2024-09-16 00:00:00',NULL,651,35,1),(697,2023,'2023-03-03 13:18:51',1,120,'2024-09-16 00:00:00',NULL,652,35,1),(698,2023,'2023-03-03 13:19:21',1,120,'2024-09-16 00:00:00',NULL,653,35,1),(699,2023,'2023-03-03 13:19:47',1,120,'2024-09-16 00:00:00',NULL,654,35,1),(700,2023,'2023-03-03 13:20:15',1,120,'2024-09-16 00:00:00',NULL,655,35,1),(701,2023,'2023-03-03 13:20:49',1,120,'2024-09-16 00:00:00',NULL,656,35,1),(702,2023,'2023-03-03 13:28:40',1,120,'2024-09-16 00:00:00',NULL,657,35,1),(703,2023,'2023-03-03 13:29:07',1,120,'2024-09-16 00:00:00',NULL,658,35,1),(704,2023,'2023-03-03 13:30:22',1,120,'2024-09-16 00:00:00',NULL,659,35,1),(705,2023,'2023-03-03 13:32:08',1,120,'2024-09-16 00:00:00',NULL,660,35,1),(706,2023,'2023-03-03 13:32:32',1,120,'2024-09-16 00:00:00',NULL,661,35,1),(707,2023,'2023-03-03 13:33:05',1,120,'2024-09-16 00:00:00',NULL,662,35,1),(708,2023,'2023-03-03 13:34:36',1,120,'2024-09-16 00:00:00',NULL,663,35,1),(709,2023,'2023-03-03 13:34:57',1,120,'2024-09-16 00:00:00',NULL,664,35,1),(710,2023,'2023-03-03 13:35:23',1,120,'2024-09-16 00:00:00',NULL,665,35,1),(711,2023,'2023-03-03 13:35:47',1,120,'2024-09-16 00:00:00',NULL,666,35,1),(712,2023,'2023-03-03 13:37:29',1,120,'2024-09-16 00:00:00',NULL,667,35,1),(713,2023,'2023-03-03 13:38:49',1,120,'2024-09-16 00:00:00',NULL,668,35,1),(714,2023,'2023-03-03 13:39:17',1,120,'2024-09-16 00:00:00',NULL,669,35,1),(715,2023,'2023-03-03 13:39:43',1,120,'2024-09-16 00:00:00',NULL,670,35,1),(716,2023,'2023-03-03 13:40:06',1,120,'2024-09-16 00:00:00',NULL,671,35,1),(717,2023,'2023-03-03 13:40:34',1,120,'2024-09-16 00:00:00',NULL,672,35,1),(718,2023,'2023-03-03 13:41:18',1,120,'2024-09-16 00:00:00',NULL,673,35,1),(719,2023,'2023-03-03 13:41:41',1,120,'2024-09-16 00:00:00',NULL,674,35,1),(720,2023,'2023-03-03 13:42:08',1,120,'2024-09-16 00:00:00',NULL,675,35,1),(721,2023,'2023-03-03 15:05:08',1,120,'2024-09-16 00:00:00',NULL,676,35,1),(722,2023,'2023-03-04 08:30:01',2,100,'2024-09-16 00:00:00',NULL,677,35,1),(723,2023,'2023-03-04 08:31:36',2,100,'2024-09-16 00:00:00',NULL,678,35,1),(724,2023,'2023-03-04 11:04:40',1,120,'2024-09-16 00:00:00',NULL,679,35,1),(725,2023,'2023-03-04 11:06:13',1,120,'2024-09-16 00:00:00',NULL,680,35,1),(726,2023,'2023-03-04 11:20:05',1,120,'2024-09-16 00:00:00',NULL,681,35,1),(727,2023,'2023-03-04 11:22:16',1,120,'2024-09-16 00:00:00',NULL,682,35,1),(728,2023,'2023-03-04 11:32:26',1,120,'2024-09-16 00:00:00',NULL,683,35,1),(729,2023,'2023-03-04 11:34:35',1,120,'2024-09-16 00:00:00',NULL,684,35,1),(730,2023,'2023-03-04 11:35:07',1,120,'2024-09-16 00:00:00',NULL,685,35,1),(731,2023,'2023-03-04 11:35:51',1,120,'2024-09-16 00:00:00',NULL,686,35,1),(732,2023,'2023-03-04 11:36:26',1,120,'2024-09-16 00:00:00',NULL,687,35,1),(733,2023,'2023-03-04 11:38:21',1,120,'2024-09-16 00:00:00',NULL,688,35,1),(734,2023,'2023-03-04 11:39:15',1,120,'2024-09-16 00:00:00',NULL,689,35,1),(735,2023,'2023-03-04 11:40:02',1,120,'2024-09-16 00:00:00',NULL,690,35,1),(736,2023,'2023-03-04 11:40:37',1,120,'2024-09-16 00:00:00',NULL,691,35,1),(737,2023,'2023-03-04 11:41:08',1,120,'2024-09-16 00:00:00',NULL,692,35,1),(738,2023,'2023-03-04 11:42:34',1,120,'2024-09-16 00:00:00',NULL,693,35,1),(739,2023,'2023-03-04 12:10:16',2,120,'2024-09-16 00:00:00',NULL,694,35,1),(740,2023,'2023-03-04 12:10:41',2,120,'2024-09-16 00:00:00',NULL,695,35,1),(741,2023,'2023-03-04 12:11:10',2,120,'2024-09-16 00:00:00',NULL,696,35,1),(742,2023,'2023-03-04 12:11:38',2,120,'2024-09-16 00:00:00',NULL,697,35,1),(743,2023,'2023-03-04 12:12:05',2,120,'2024-09-16 00:00:00',NULL,698,35,1),(744,2023,'2023-03-04 12:12:31',2,120,'2024-09-16 00:00:00',NULL,699,35,1),(745,2023,'2023-03-04 12:13:39',2,120,'2024-09-16 00:00:00',NULL,700,35,1),(746,2023,'2023-03-06 09:53:28',2,130,'2024-09-16 00:00:00',NULL,701,35,1),(747,2023,'2023-03-06 10:04:30',1,120,'2024-09-16 00:00:00',NULL,702,35,1),(748,2023,'2023-03-06 10:05:03',1,120,'2024-09-16 00:00:00',NULL,703,35,1),(749,2023,'2023-03-06 10:05:35',1,120,'2024-09-16 00:00:00',NULL,704,35,1),(750,2023,'2023-03-06 10:06:04',1,120,'2024-09-16 00:00:00',NULL,705,35,1),(751,2023,'2023-03-06 10:08:06',1,120,'2024-09-16 00:00:00',NULL,706,35,1),(752,2023,'2023-03-06 10:08:36',1,120,'2024-09-16 00:00:00',NULL,707,35,1),(753,2023,'2023-03-06 10:09:02',1,120,'2024-09-16 00:00:00',NULL,708,35,1),(754,2023,'2023-03-06 10:09:33',1,120,'2024-09-16 00:00:00',NULL,709,35,1),(755,2023,'2023-03-06 10:09:57',1,120,'2024-09-16 00:00:00',NULL,710,35,1),(756,2023,'2023-03-06 10:10:28',1,120,'2024-09-16 00:00:00',NULL,711,35,1),(757,2023,'2023-03-06 10:10:49',1,120,'2024-09-16 00:00:00',NULL,712,35,1),(758,2023,'2023-03-06 10:11:45',1,120,'2024-09-16 00:00:00',NULL,713,35,1),(759,2023,'2023-03-06 10:38:42',1,120,'2024-09-16 00:00:00',NULL,714,35,1),(760,2023,'2023-03-06 10:39:56',2,100,'2024-09-16 00:00:00',NULL,715,35,1),(761,2023,'2023-03-06 10:43:21',1,120,'2024-09-16 00:00:00',NULL,716,35,1),(762,2023,'2023-03-06 10:43:52',1,120,'2024-09-16 00:00:00',NULL,717,35,1),(763,2023,'2023-03-06 10:44:20',1,120,'2024-09-16 00:00:00',NULL,718,35,1),(764,2023,'2023-03-06 10:44:44',1,120,'2024-09-16 00:00:00',NULL,719,35,1),(765,2023,'2023-03-06 10:45:32',1,120,'2024-09-16 00:00:00',NULL,720,35,1),(766,2023,'2023-03-06 10:46:13',1,120,'2024-09-16 00:00:00',NULL,721,35,1),(767,2023,'2023-03-06 10:50:09',1,120,'2024-09-16 00:00:00',NULL,722,35,1),(768,2023,'2023-03-06 10:50:56',1,120,'2024-09-16 00:00:00',NULL,723,35,1),(769,2023,'2023-03-06 10:51:33',1,120,'2024-09-16 00:00:00',NULL,724,35,1),(770,2023,'2023-03-06 10:52:01',1,120,'2024-09-16 00:00:00',NULL,725,35,1),(771,2023,'2023-03-06 10:52:38',1,120,'2024-09-16 00:00:00',NULL,726,35,1),(772,2023,'2023-03-06 10:53:21',1,120,'2024-09-16 00:00:00',NULL,727,35,1),(773,2023,'2023-03-06 10:54:05',1,120,'2024-09-16 00:00:00',NULL,728,35,1),(774,2023,'2023-03-06 10:56:04',1,120,'2024-09-16 00:00:00',NULL,729,35,1),(775,2023,'2023-03-06 10:56:36',1,120,'2024-09-16 00:00:00',NULL,730,35,1),(776,2023,'2023-03-06 10:57:09',1,120,'2024-09-16 00:00:00',NULL,731,35,1),(777,2023,'2023-03-06 10:59:36',2,100,'2024-09-16 00:00:00',NULL,732,35,1),(778,2023,'2023-03-06 11:01:32',1,120,'2024-09-16 00:00:00',NULL,733,35,1),(779,2023,'2023-03-06 11:02:41',1,120,'2024-09-16 00:00:00',NULL,734,35,1),(780,2023,'2023-03-06 11:03:06',1,120,'2024-09-16 00:00:00',NULL,735,35,1),(781,2023,'2023-03-06 11:03:30',1,120,'2024-09-16 00:00:00',NULL,736,35,1),(782,2023,'2023-03-06 11:03:58',1,120,'2024-09-16 00:00:00',NULL,737,35,1),(783,2023,'2023-03-06 11:22:20',2,200,'2024-09-16 00:00:00',NULL,738,35,1),(784,2023,'2023-03-06 11:23:50',1,120,'2024-09-16 00:00:00',NULL,739,35,1),(785,2023,'2023-03-06 11:24:24',1,120,'2024-09-16 00:00:00',NULL,740,35,1),(786,2023,'2023-03-06 11:24:52',1,120,'2024-09-16 00:00:00',NULL,741,35,1),(787,2023,'2023-03-06 11:25:28',1,120,'2024-09-16 00:00:00',NULL,742,35,1),(788,2023,'2023-03-06 11:25:57',1,120,'2024-09-16 00:00:00',NULL,743,35,1),(789,2023,'2023-03-06 11:27:18',1,120,'2024-09-16 00:00:00',NULL,744,35,1),(790,2023,'2023-03-06 11:27:55',1,120,'2024-09-16 00:00:00',NULL,745,35,1),(791,2023,'2023-03-06 11:28:23',1,120,'2024-09-16 00:00:00',NULL,746,35,1),(792,2023,'2023-03-06 11:28:48',1,120,'2024-09-16 00:00:00',NULL,747,35,1),(793,2023,'2023-03-06 11:29:25',1,120,'2024-09-16 00:00:00',NULL,748,35,1),(794,2023,'2023-03-06 11:34:11',1,120,'2024-09-16 00:00:00',NULL,749,35,1),(795,2023,'2023-03-06 12:05:14',1,120,'2024-09-16 00:00:00',NULL,750,35,1),(796,2023,'2023-03-06 12:05:50',1,120,'2024-09-16 00:00:00',NULL,751,35,1),(797,2023,'2023-03-06 12:06:18',1,120,'2024-09-16 00:00:00',NULL,752,35,1),(798,2023,'2023-03-06 12:06:43',1,120,'2024-09-16 00:00:00',NULL,753,35,1),(799,2023,'2023-03-06 12:07:20',1,120,'2024-09-16 00:00:00',NULL,754,35,1),(800,2023,'2023-03-06 12:07:49',1,120,'2024-09-16 00:00:00',NULL,755,35,1),(801,2023,'2023-03-06 12:08:23',1,120,'2024-09-16 00:00:00',NULL,756,35,1),(802,2023,'2023-03-06 12:08:58',1,120,'2024-09-16 00:00:00',NULL,757,35,1),(803,2023,'2023-03-06 12:33:39',1,120,'2024-09-16 00:00:00',NULL,758,35,1),(804,2023,'2023-03-06 12:36:24',1,120,'2024-09-16 00:00:00',NULL,759,35,1),(805,2023,'2023-03-06 12:37:30',1,120,'2024-09-16 00:00:00',NULL,760,35,1),(806,2023,'2023-03-06 12:38:02',1,120,'2024-09-16 00:00:00',NULL,761,35,1),(807,2023,'2023-03-06 12:41:29',2,100,'2024-09-16 00:00:00',NULL,762,35,1),(808,2023,'2023-03-06 12:43:54',1,120,'2024-09-16 00:00:00',NULL,763,35,1),(809,2023,'2023-03-06 12:44:20',1,120,'2024-09-16 00:00:00',NULL,764,35,1),(810,2023,'2023-03-06 12:44:47',1,120,'2024-09-16 00:00:00',NULL,765,35,1),(811,2023,'2023-03-06 12:45:10',1,120,'2024-09-16 00:00:00',NULL,766,35,1),(812,2023,'2023-03-06 12:45:36',1,120,'2024-09-16 00:00:00',NULL,767,35,1),(813,2023,'2023-03-06 12:46:03',1,120,'2024-09-16 00:00:00',NULL,768,35,1),(814,2023,'2023-03-06 12:46:24',1,120,'2024-09-16 00:00:00',NULL,769,35,1),(815,2023,'2023-03-06 12:47:08',1,120,'2024-09-16 00:00:00',NULL,770,35,1),(816,2023,'2023-03-06 12:47:23',1,120,'2024-09-16 00:00:00',NULL,771,35,1),(817,2023,'2023-03-06 12:47:50',1,120,'2024-09-16 00:00:00',NULL,772,35,1),(818,2023,'2023-03-06 12:48:16',1,120,'2024-09-16 00:00:00',NULL,773,35,1),(819,2023,'2023-03-06 12:48:39',1,120,'2024-09-16 00:00:00',NULL,774,35,1),(820,2023,'2023-03-06 12:49:01',1,120,'2024-09-16 00:00:00',NULL,775,35,1),(821,2023,'2023-03-06 12:49:25',1,120,'2024-09-16 00:00:00',NULL,776,35,1),(822,2023,'2023-03-06 12:49:50',1,120,'2024-09-16 00:00:00',NULL,777,35,1),(823,2023,'2023-03-06 12:50:12',1,120,'2024-09-16 00:00:00',NULL,778,35,1),(824,2023,'2023-03-06 13:12:49',1,120,'2024-09-16 00:00:00',NULL,779,35,1),(825,2023,'2023-03-06 13:13:24',1,120,'2024-09-16 00:00:00',NULL,780,35,1),(826,2023,'2023-03-06 13:14:09',1,120,'2024-09-16 00:00:00',NULL,781,35,1),(827,2023,'2023-03-06 13:14:39',1,120,'2024-09-16 00:00:00',NULL,782,35,1),(828,2023,'2023-03-06 13:15:00',1,120,'2024-09-16 00:00:00',NULL,783,35,1),(829,2023,'2023-03-06 13:15:23',1,120,'2024-09-16 00:00:00',NULL,784,35,1),(830,2023,'2023-03-06 13:15:52',1,120,'2024-09-16 00:00:00',NULL,785,35,1),(831,2023,'2023-03-06 13:16:21',1,120,'2024-09-16 00:00:00',NULL,786,35,1),(832,2023,'2023-03-06 13:16:46',1,120,'2024-09-16 00:00:00',NULL,787,35,1),(833,2023,'2023-03-06 13:17:18',1,120,'2024-09-16 00:00:00',NULL,788,35,1),(834,2023,'2023-03-06 13:18:11',1,120,'2024-09-16 00:00:00',NULL,789,35,1),(835,2023,'2023-03-06 13:18:36',1,120,'2024-09-16 00:00:00',NULL,790,35,1),(836,2023,'2023-03-06 13:19:00',1,120,'2024-09-16 00:00:00',NULL,791,35,1),(837,2023,'2023-03-06 13:19:23',1,120,'2024-09-16 00:00:00',NULL,792,35,1),(838,2023,'2023-03-06 13:20:02',1,120,'2024-09-16 00:00:00',NULL,793,35,1),(839,2023,'2023-03-06 13:20:26',1,120,'2024-09-16 00:00:00',NULL,794,35,1),(840,2023,'2023-03-06 13:20:57',1,120,'2024-09-16 00:00:00',NULL,795,35,1),(841,2023,'2023-03-06 13:21:16',1,120,'2024-09-16 00:00:00',NULL,796,35,1),(842,2023,'2023-03-06 13:21:45',1,120,'2024-09-16 00:00:00',NULL,797,35,1),(843,2023,'2023-03-06 13:22:30',1,120,'2024-09-16 00:00:00',NULL,798,35,1),(844,2023,'2023-03-06 13:23:14',1,120,'2024-09-16 00:00:00',NULL,799,35,1),(845,2023,'2023-03-06 13:23:38',1,120,'2024-09-16 00:00:00',NULL,800,35,1),(846,2023,'2023-03-06 13:24:02',1,120,'2024-09-16 00:00:00',NULL,801,35,1),(847,2023,'2023-03-06 13:24:33',1,120,'2024-09-16 00:00:00',NULL,802,35,1),(848,2023,'2023-03-06 13:24:53',1,120,'2024-09-16 00:00:00',NULL,803,35,1),(849,2023,'2023-03-06 13:25:46',1,120,'2024-09-16 00:00:00',NULL,804,35,1),(850,2023,'2023-03-06 13:26:14',1,120,'2024-09-16 00:00:00',NULL,805,35,1),(851,2023,'2023-03-06 13:26:41',1,120,'2024-09-16 00:00:00',NULL,806,35,1),(852,2023,'2023-03-06 13:27:20',1,120,'2024-09-16 00:00:00',NULL,807,35,1),(853,2023,'2023-03-06 13:27:45',1,120,'2024-09-16 00:00:00',NULL,808,35,1),(854,2023,'2023-03-06 13:59:59',2,100,'2024-09-16 00:00:00',NULL,809,35,1),(855,2023,'2023-03-06 16:06:59',2,100,'2024-09-16 00:00:00',NULL,810,26,1),(856,2023,'2023-03-06 16:07:35',2,100,'2024-09-16 00:00:00',NULL,811,26,1),(857,2023,'2023-03-06 16:09:42',2,100,'2024-09-16 00:00:00',NULL,812,26,1),(858,2023,'2023-03-06 17:24:52',2,100,'2024-09-16 00:00:00',NULL,813,26,1),(859,2023,'2023-03-06 18:24:56',2,100,'2024-09-16 00:00:00',NULL,814,26,1),(860,2023,'2023-03-06 18:25:16',2,100,'2024-09-16 00:00:00',NULL,815,26,1),(861,2023,'2023-03-06 18:25:38',2,100,'2024-09-16 00:00:00',NULL,816,26,1),(862,2023,'2023-03-07 07:56:13',2,100,'2024-09-16 00:00:00',NULL,817,35,1),(863,2023,'2023-03-07 09:52:36',2,100,'2024-09-16 00:00:00',NULL,818,35,1),(864,2023,'2023-03-07 09:58:53',2,100,'2024-09-16 00:00:00',NULL,819,35,1),(865,2023,'2023-03-07 10:32:54',2,100,'2024-09-16 00:00:00',NULL,820,35,1),(866,2023,'2023-03-07 10:38:08',2,100,'2024-09-16 00:00:00',NULL,821,35,1),(867,2023,'2023-03-07 10:50:19',2,100,'2024-09-16 00:00:00',NULL,822,35,1),(868,2023,'2023-03-07 10:50:55',2,100,'2024-09-16 00:00:00',NULL,823,35,1),(869,2023,'2023-03-07 11:00:24',2,100,'2024-09-16 00:00:00',NULL,824,35,1),(870,2023,'2023-03-07 11:05:05',2,100,'2024-09-16 00:00:00',NULL,825,35,1),(871,2023,'2023-03-07 11:39:50',2,100,'2024-09-16 00:00:00',NULL,826,35,1),(872,2023,'2023-03-07 15:08:11',2,100,'2024-09-16 00:00:00',NULL,827,35,1),(873,2023,'2023-03-08 09:25:34',2,100,'2024-09-16 00:00:00',NULL,828,35,1),(874,2023,'2023-03-08 11:08:04',2,100,'2024-09-16 00:00:00',NULL,829,35,1),(875,2023,'2023-03-08 11:08:43',2,100,'2024-09-16 00:00:00',NULL,830,35,1),(876,2023,'2023-03-08 11:15:48',2,100,'2024-09-16 00:00:00',NULL,831,35,1),(877,2023,'2023-03-09 08:05:15',2,100,'2024-09-16 00:00:00',NULL,832,35,1),(878,2023,'2023-03-09 11:03:57',2,100,'2024-09-16 00:00:00',NULL,833,35,1),(879,2023,'2023-03-09 15:43:13',1,100,'2024-09-16 00:00:00',NULL,834,35,1),(880,2023,'2023-03-09 15:43:36',1,100,'2024-09-16 00:00:00',NULL,835,35,1),(881,2023,'2023-03-09 15:44:04',1,100,'2024-09-16 00:00:00',NULL,836,35,1),(882,2023,'2023-03-09 17:48:14',2,100,'2024-09-16 00:00:00',NULL,837,35,1),(883,2023,'2023-03-10 09:31:18',2,100,'2024-09-16 00:00:00',NULL,838,35,1),(884,2023,'2023-03-10 11:16:13',2,150,'2024-09-16 00:00:00',NULL,839,35,1),(885,2023,'2023-03-10 12:41:17',2,100,'2024-09-16 00:00:00',NULL,840,35,1),(886,2023,'2023-03-10 13:34:45',2,100,'2024-09-16 00:00:00',NULL,841,35,1),(887,2023,'2023-03-10 15:58:46',2,100,'2024-09-16 00:00:00',NULL,842,26,1),(888,2023,'2023-03-10 15:59:13',2,100,'2024-09-16 00:00:00',NULL,843,26,1),(889,2023,'2023-03-10 16:00:27',2,100,'2024-09-16 00:00:00',NULL,844,26,1),(890,2023,'2023-03-11 09:16:37',2,100,'2024-09-16 00:00:00',NULL,845,35,1),(891,2023,'2023-03-11 09:26:15',2,100,'2024-09-16 00:00:00',NULL,846,35,1),(892,2023,'2023-03-11 11:15:18',2,100,'2024-09-16 00:00:00',NULL,847,35,1),(893,2023,'2023-03-11 11:15:48',2,100,'2024-09-16 00:00:00',NULL,848,35,1),(894,2023,'2023-03-11 11:16:22',2,100,'2024-09-16 00:00:00',NULL,849,35,1),(895,2023,'2023-03-11 11:22:15',2,100,'2024-09-16 00:00:00',NULL,850,35,1),(896,2023,'2023-03-11 11:22:43',2,100,'2024-09-16 00:00:00',NULL,851,35,1),(897,2023,'2023-03-13 08:58:39',2,100,'2024-09-16 00:00:00',NULL,852,35,1),(898,2023,'2023-03-13 10:16:11',2,100,'2024-09-16 00:00:00',NULL,853,35,1),(899,2023,'2023-03-13 12:14:24',2,100,'2024-09-16 00:00:00',NULL,854,35,1),(900,2023,'2023-03-13 12:35:10',2,100,'2024-09-16 00:00:00',NULL,855,35,1),(901,2023,'2023-03-13 12:35:38',2,100,'2024-09-16 00:00:00',NULL,856,35,1),(902,2023,'2023-03-13 16:41:53',2,100,'2024-09-16 00:00:00',NULL,857,26,1),(903,2023,'2023-03-13 16:59:33',2,100,'2024-09-16 00:00:00',NULL,858,26,1),(904,2023,'2023-03-14 09:35:07',2,100,'2024-09-16 00:00:00',NULL,859,35,1),(905,2023,'2023-03-14 09:38:45',2,100,'2024-09-16 00:00:00',NULL,860,35,1),(906,2023,'2023-03-14 10:10:32',2,100,'2024-09-16 00:00:00',NULL,861,35,1),(907,2023,'2023-03-14 10:11:01',2,100,'2024-09-16 00:00:00',NULL,862,35,1),(908,2023,'2023-03-14 12:58:41',2,100,'2024-09-16 00:00:00',NULL,863,35,1),(909,2023,'2023-03-14 13:18:47',2,100,'2024-09-16 00:00:00',NULL,864,35,1),(910,2023,'2023-03-14 13:23:22',2,100,'2024-09-16 00:00:00',NULL,865,35,1),(911,2023,'2023-03-14 13:26:28',2,100,'2024-09-16 00:00:00',NULL,866,35,1),(912,2023,'2023-03-14 13:28:36',2,100,'2024-09-16 00:00:00',NULL,867,35,1),(913,2023,'2023-03-14 16:34:23',1,130,'2024-09-16 00:00:00',NULL,868,35,1),(914,2023,'2023-03-14 16:34:44',1,130,'2024-09-16 00:00:00',NULL,869,35,1),(915,2023,'2023-03-14 16:35:14',1,130,'2024-09-16 00:00:00',NULL,870,35,1),(916,2023,'2023-03-14 16:35:46',1,130,'2024-09-16 00:00:00',NULL,871,35,1),(917,2023,'2023-03-14 16:36:10',1,130,'2024-09-16 00:00:00',NULL,872,35,1),(918,2023,'2023-03-14 16:36:44',1,130,'2024-09-16 00:00:00',NULL,873,35,1),(919,2023,'2023-03-14 16:37:10',1,130,'2024-09-16 00:00:00',NULL,874,35,1),(920,2023,'2023-03-14 16:40:06',1,130,'2024-09-16 00:00:00',NULL,875,35,1),(921,2023,'2023-03-14 16:40:35',1,130,'2024-09-16 00:00:00',NULL,876,35,1),(922,2023,'2023-03-14 16:41:00',1,130,'2024-09-16 00:00:00',NULL,877,35,1),(923,2023,'2023-03-14 16:41:23',1,130,'2024-09-16 00:00:00',NULL,878,35,1),(924,2023,'2023-03-14 16:42:04',1,130,'2024-09-16 00:00:00',NULL,879,35,1),(925,2023,'2023-03-14 16:43:51',1,130,'2024-09-16 00:00:00',NULL,880,35,1),(926,2023,'2023-03-14 16:44:19',1,130,'2024-09-16 00:00:00',NULL,881,35,1),(927,2023,'2023-03-14 16:44:47',1,130,'2024-09-16 00:00:00',NULL,882,35,1),(928,2023,'2023-03-14 16:45:11',1,130,'2024-09-16 00:00:00',NULL,883,35,1),(929,2023,'2023-03-14 16:45:32',1,130,'2024-09-16 00:00:00',NULL,884,35,1),(930,2023,'2023-03-14 16:45:57',1,130,'2024-09-16 00:00:00',NULL,885,35,1),(931,2023,'2023-03-14 16:46:24',1,130,'2024-09-16 00:00:00',NULL,886,35,1),(932,2023,'2023-03-14 16:46:46',1,130,'2024-09-16 00:00:00',NULL,887,35,1),(933,2023,'2023-03-14 16:47:13',1,130,'2024-09-16 00:00:00',NULL,888,35,1),(934,2023,'2023-03-14 16:47:35',1,130,'2024-09-16 00:00:00',NULL,889,35,1),(935,2023,'2023-03-14 16:48:01',1,130,'2024-09-16 00:00:00',NULL,890,35,1),(936,2023,'2023-03-14 16:48:24',1,130,'2024-09-16 00:00:00',NULL,891,35,1),(937,2023,'2023-03-14 16:48:46',1,130,'2024-09-16 00:00:00',NULL,892,35,1),(938,2023,'2023-03-14 16:49:09',1,130,'2024-09-16 00:00:00',NULL,893,35,1),(939,2023,'2023-03-14 16:49:30',1,130,'2024-09-16 00:00:00',NULL,894,35,1),(940,2023,'2023-03-14 16:49:52',1,130,'2024-09-16 00:00:00',NULL,895,35,1),(941,2023,'2023-03-14 16:50:11',1,130,'2024-09-16 00:00:00',NULL,896,35,1),(942,2023,'2023-03-14 16:50:30',1,130,'2024-09-16 00:00:00',NULL,897,35,1),(943,2023,'2023-03-14 16:50:51',1,130,'2024-09-16 00:00:00',NULL,898,35,1),(944,2023,'2023-03-14 16:51:09',1,130,'2024-09-16 00:00:00',NULL,899,35,1),(945,2023,'2023-03-14 16:52:02',1,130,'2024-09-16 00:00:00',NULL,900,35,1),(946,2023,'2023-03-14 16:52:53',1,130,'2024-09-16 00:00:00',NULL,901,35,1),(947,2023,'2023-03-14 16:53:16',1,130,'2024-09-16 00:00:00',NULL,902,35,1),(948,2023,'2023-03-14 16:53:44',1,130,'2024-09-16 00:00:00',NULL,903,35,1),(949,2023,'2023-03-14 16:54:25',1,130,'2024-09-16 00:00:00',NULL,904,35,1),(950,2023,'2023-03-14 16:54:45',1,130,'2024-09-16 00:00:00',NULL,905,35,1),(951,2023,'2023-03-14 16:55:03',1,130,'2024-09-16 00:00:00',NULL,906,35,1),(952,2023,'2023-03-14 16:55:22',1,130,'2024-09-16 00:00:00',NULL,907,35,1),(953,2023,'2023-03-14 16:55:41',1,130,'2024-09-16 00:00:00',NULL,908,35,1),(954,2023,'2023-03-14 16:56:19',1,130,'2024-09-16 00:00:00',NULL,909,35,1),(955,2023,'2023-03-14 16:57:49',1,130,'2024-09-16 00:00:00',NULL,910,35,1),(956,2023,'2023-03-14 16:58:16',1,130,'2024-09-16 00:00:00',NULL,911,35,1),(957,2023,'2023-03-14 16:58:41',1,130,'2024-09-16 00:00:00',NULL,912,35,1),(958,2023,'2023-03-14 16:59:14',1,130,'2024-09-16 00:00:00',NULL,913,35,1),(959,2023,'2023-03-14 16:59:48',1,130,'2024-09-16 00:00:00',NULL,914,35,1),(960,2023,'2023-03-14 17:00:18',1,130,'2024-09-16 00:00:00',NULL,915,35,1),(961,2023,'2023-03-14 17:00:38',1,130,'2024-09-16 00:00:00',NULL,916,35,1),(962,2023,'2023-03-14 17:30:22',1,130,'2024-09-16 00:00:00',NULL,917,35,1),(963,2023,'2023-03-14 17:30:47',1,130,'2024-09-16 00:00:00',NULL,918,35,1),(964,2023,'2023-03-14 17:31:19',1,130,'2024-09-16 00:00:00',NULL,919,35,1),(965,2023,'2023-03-14 17:31:44',1,130,'2024-09-16 00:00:00',NULL,920,35,1),(966,2023,'2023-03-14 17:32:07',1,130,'2024-09-16 00:00:00',NULL,921,35,1),(967,2023,'2023-03-14 17:32:35',1,130,'2024-09-16 00:00:00',NULL,922,35,1),(968,2023,'2023-03-14 17:33:16',1,130,'2024-09-16 00:00:00',NULL,923,35,1),(969,2023,'2023-03-14 17:33:52',1,130,'2024-09-16 00:00:00',NULL,924,35,1),(970,2023,'2023-03-14 17:34:51',1,130,'2024-09-16 00:00:00',NULL,925,35,1),(971,2023,'2023-03-14 17:35:14',1,130,'2024-09-16 00:00:00',NULL,926,35,1),(972,2023,'2023-03-14 17:36:07',1,130,'2024-09-16 00:00:00',NULL,927,35,1),(973,2023,'2023-03-14 17:36:31',1,130,'2024-09-16 00:00:00',NULL,928,35,1),(974,2023,'2023-03-14 17:36:54',1,130,'2024-09-16 00:00:00',NULL,929,35,1),(975,2023,'2023-03-14 17:37:13',1,130,'2024-09-16 00:00:00',NULL,930,35,1),(976,2023,'2023-03-14 17:37:32',1,130,'2024-09-16 00:00:00',NULL,931,35,1),(977,2023,'2023-03-14 17:37:54',1,130,'2024-09-16 00:00:00',NULL,932,35,1),(978,2023,'2023-03-14 18:29:25',2,200,'2024-09-16 00:00:00',NULL,933,35,1),(979,2023,'2023-03-15 08:50:34',2,100,'2024-09-16 00:00:00',NULL,934,35,1),(980,2023,'2023-03-15 08:52:20',2,100,'2024-09-16 00:00:00',NULL,935,35,1),(981,2023,'2023-03-15 10:28:14',2,150,'2024-09-16 00:00:00',NULL,936,35,1),(982,2023,'2023-03-15 11:19:30',2,100,'2024-09-16 00:00:00',NULL,937,35,1),(983,2023,'2023-03-15 12:08:24',2,100,'2024-09-16 00:00:00',NULL,938,35,1),(984,2023,'2023-03-15 12:09:10',2,100,'2024-09-16 00:00:00',NULL,939,35,1),(985,2023,'2023-03-15 12:09:48',2,100,'2024-09-16 00:00:00',NULL,940,35,1),(986,2023,'2023-03-15 13:38:50',2,100,'2024-09-16 00:00:00',NULL,941,35,1),(987,2023,'2023-03-16 10:28:55',2,100,'2024-09-16 00:00:00',NULL,942,35,1),(988,2023,'2023-03-16 10:33:35',2,100,'2024-09-16 00:00:00',NULL,943,35,1),(989,2023,'2023-03-16 10:34:17',2,100,'2024-09-16 00:00:00',NULL,944,35,1),(990,2023,'2023-03-16 10:35:47',2,100,'2024-09-16 00:00:00',NULL,945,35,1),(991,2023,'2023-03-16 10:36:24',2,100,'2024-09-16 00:00:00',NULL,946,35,1),(992,2023,'2023-03-16 12:08:33',2,100,'2024-09-16 00:00:00',NULL,947,35,1),(993,2023,'2023-03-16 12:25:10',2,100,'2024-09-16 00:00:00',NULL,948,35,1),(994,2023,'2023-03-16 12:25:51',2,100,'2024-09-16 00:00:00',NULL,949,35,1),(995,2023,'2023-03-16 12:26:24',2,100,'2024-09-16 00:00:00',NULL,950,35,1),(996,2023,'2023-03-16 12:34:29',2,100,'2024-09-16 00:00:00',NULL,951,35,1),(997,2023,'2023-03-16 12:37:35',2,200,'2024-09-16 00:00:00',NULL,952,35,1),(998,2023,'2023-03-16 12:43:04',2,100,'2024-09-16 00:00:00',NULL,953,35,1),(999,2023,'2023-03-16 12:44:36',2,100,'2024-09-16 00:00:00',NULL,954,35,1),(1000,2023,'2023-03-16 13:59:52',2,100,'2024-09-16 00:00:00',NULL,955,35,1),(1001,2023,'2023-03-16 14:00:28',2,100,'2024-09-16 00:00:00',NULL,956,35,1),(1002,2023,'2023-03-16 14:25:52',2,100,'2024-09-16 00:00:00',NULL,957,35,1),(1003,2023,'2023-03-16 15:36:49',2,100,'2024-09-16 00:00:00',NULL,958,35,1),(1004,2023,'2023-03-16 15:37:52',2,100,'2024-09-16 00:00:00',NULL,959,35,1),(1005,2023,'2023-03-16 15:45:34',2,100,'2024-09-16 00:00:00',NULL,960,35,1),(1006,2023,'2023-03-16 15:46:40',2,100,'2024-09-16 00:00:00',NULL,961,35,1),(1007,2023,'2023-03-16 15:47:09',2,100,'2024-09-16 00:00:00',NULL,962,35,1),(1008,2023,'2023-03-16 15:47:38',2,100,'2024-09-16 00:00:00',NULL,963,35,1),(1009,2023,'2023-03-16 15:48:16',2,100,'2024-09-16 00:00:00',NULL,964,35,1),(1010,2023,'2023-03-16 15:48:47',2,100,'2024-09-16 00:00:00',NULL,965,35,1),(1011,2023,'2023-03-16 15:49:44',2,100,'2024-09-16 00:00:00',NULL,966,35,1),(1012,2023,'2023-03-16 15:50:15',2,100,'2024-09-16 00:00:00',NULL,967,35,1),(1013,2023,'2023-03-16 15:55:05',2,100,'2024-09-16 00:00:00',NULL,968,35,1),(1014,2023,'2023-03-16 15:58:34',2,100,'2024-09-16 00:00:00',NULL,969,35,1),(1015,2023,'2023-03-16 16:00:45',2,100,'2024-09-16 00:00:00',NULL,970,35,1),(1016,2023,'2023-03-16 16:03:29',2,100,'2024-09-16 00:00:00',NULL,971,35,1),(1017,2023,'2023-03-16 16:04:06',2,100,'2024-09-16 00:00:00',NULL,972,35,1),(1018,2023,'2023-03-16 16:04:46',2,100,'2024-09-16 00:00:00',NULL,973,35,1),(1019,2023,'2023-03-16 16:05:49',2,100,'2024-09-16 00:00:00',NULL,974,35,1),(1020,2023,'2023-03-16 16:06:15',2,100,'2024-09-16 00:00:00',NULL,975,35,1),(1021,2023,'2023-03-16 16:06:50',2,100,'2024-09-16 00:00:00',NULL,976,35,1),(1022,2023,'2023-03-16 16:07:17',2,100,'2024-09-16 00:00:00',NULL,977,35,1),(1023,2023,'2023-03-16 16:07:48',2,100,'2024-09-16 00:00:00',NULL,978,35,1),(1024,2023,'2023-03-16 16:08:24',2,100,'2024-09-16 00:00:00',NULL,979,35,1),(1025,2023,'2023-03-16 17:52:16',2,100,'2024-09-16 00:00:00',NULL,980,35,1),(1026,2023,'2023-03-16 17:53:06',2,100,'2024-09-16 00:00:00',NULL,981,35,1),(1027,2023,'2023-03-16 17:59:33',2,100,'2024-09-16 00:00:00',NULL,982,35,1),(1028,2023,'2023-03-16 18:01:57',2,100,'2024-09-16 00:00:00',NULL,983,35,1),(1029,2023,'2023-03-16 18:04:38',2,100,'2024-09-16 00:00:00',NULL,984,35,1),(1030,2023,'2023-03-17 07:46:21',2,100,'2024-09-16 00:00:00',NULL,985,35,1),(1031,2023,'2023-03-17 07:47:19',2,100,'2024-09-16 00:00:00',NULL,986,35,1),(1032,2023,'2023-03-17 09:15:32',2,100,'2024-09-16 00:00:00',NULL,987,35,1),(1033,2023,'2023-03-17 09:20:00',1,80,'2024-09-16 00:00:00',NULL,988,35,1),(1034,2023,'2023-03-17 09:20:47',1,80,'2024-09-16 00:00:00',NULL,989,35,1),(1035,2023,'2023-03-17 09:21:16',1,80,'2024-09-16 00:00:00',NULL,990,35,1),(1036,2023,'2023-03-17 09:21:42',1,80,'2024-09-16 00:00:00',NULL,991,35,1),(1037,2023,'2023-03-17 09:22:05',1,80,'2024-09-16 00:00:00',NULL,992,35,1),(1038,2023,'2023-03-17 09:22:31',1,80,'2024-09-16 00:00:00',NULL,993,35,1),(1039,2023,'2023-03-17 09:22:55',1,80,'2024-09-16 00:00:00',NULL,994,35,1),(1040,2023,'2023-03-17 09:27:25',1,80,'2024-09-16 00:00:00',NULL,995,35,1),(1041,2023,'2023-03-17 09:32:02',2,100,'2024-09-16 00:00:00',NULL,996,35,1),(1042,2023,'2023-03-17 09:32:34',2,100,'2024-09-16 00:00:00',NULL,997,35,1),(1043,2023,'2023-03-17 09:39:09',1,80,'2024-09-16 00:00:00',NULL,998,35,1),(1044,2023,'2023-03-17 09:41:03',1,80,'2024-09-16 00:00:00',NULL,999,35,1),(1045,2023,'2023-03-17 09:41:24',1,80,'2024-09-16 00:00:00',NULL,1000,35,1),(1046,2023,'2023-03-17 09:51:57',1,80,'2024-09-16 00:00:00',NULL,1001,35,1),(1047,2023,'2023-03-17 09:52:47',1,80,'2024-09-16 00:00:00',NULL,1002,35,1),(1048,2023,'2023-03-17 09:53:09',1,80,'2024-09-16 00:00:00',NULL,1003,35,1),(1049,2023,'2023-03-17 09:54:03',1,80,'2024-09-16 00:00:00',NULL,1004,35,1),(1050,2023,'2023-03-17 09:54:27',1,80,'2024-09-16 00:00:00',NULL,1005,35,1),(1051,2023,'2023-03-17 09:57:29',1,80,'2024-09-16 00:00:00',NULL,1006,35,1),(1052,2023,'2023-03-17 09:57:56',1,80,'2024-09-16 00:00:00',NULL,1007,35,1),(1053,2023,'2023-03-17 09:58:17',1,80,'2024-09-16 00:00:00',NULL,1008,35,1),(1054,2023,'2023-03-17 09:58:52',1,80,'2024-09-16 00:00:00',NULL,1009,35,1),(1055,2023,'2023-03-17 09:59:16',1,80,'2024-09-16 00:00:00',NULL,1010,35,1),(1056,2023,'2023-03-17 09:59:39',1,80,'2024-09-16 00:00:00',NULL,1011,35,1),(1057,2023,'2023-03-17 10:00:11',1,80,'2024-09-16 00:00:00',NULL,1012,35,1),(1058,2023,'2023-03-17 10:00:27',1,80,'2024-09-16 00:00:00',NULL,1013,35,1),(1059,2023,'2023-03-17 10:01:03',1,80,'2024-09-16 00:00:00',NULL,1014,35,1),(1060,2023,'2023-03-17 10:01:28',1,80,'2024-09-16 00:00:00',NULL,1015,35,1),(1061,2023,'2023-03-17 11:24:59',2,100,'2024-09-16 00:00:00',NULL,1016,35,1),(1062,2023,'2023-03-17 11:29:02',2,100,'2024-09-16 00:00:00',NULL,1017,35,1),(1063,2023,'2023-03-17 11:41:22',2,100,'2024-09-16 00:00:00',NULL,1018,35,1),(1064,2023,'2023-03-17 12:21:13',2,100,'2024-09-16 00:00:00',NULL,1019,35,1),(1065,2023,'2023-03-17 19:00:22',2,100,'2024-09-16 00:00:00',NULL,1020,26,1),(1066,2023,'2023-03-18 10:13:39',1,100,'2024-09-16 00:00:00',NULL,1021,35,1),(1067,2023,'2023-03-18 10:14:24',1,100,'2024-09-16 00:00:00',NULL,1022,35,1),(1068,2023,'2023-03-20 10:12:04',2,100,'2024-09-16 00:00:00',NULL,1023,35,1),(1069,2023,'2023-03-20 10:14:28',2,100,'2024-09-16 00:00:00',NULL,1024,35,1),(1070,2023,'2023-03-20 14:04:54',2,100,'2024-09-16 00:00:00',NULL,1025,26,1),(1071,2023,'2023-03-20 14:08:04',2,100,'2024-09-16 00:00:00',NULL,1026,26,1),(1072,2023,'2023-03-20 14:08:45',2,100,'2024-09-16 00:00:00',NULL,1027,26,1),(1073,2023,'2023-03-20 14:09:19',2,100,'2024-09-16 00:00:00',NULL,1028,26,1),(1074,2023,'2023-03-20 15:51:06',2,100,'2024-09-16 00:00:00',NULL,1029,26,1),(1075,2023,'2023-03-20 15:51:44',2,100,'2024-09-16 00:00:00',NULL,1030,26,1),(1076,2023,'2023-03-20 15:54:03',2,100,'2024-09-16 00:00:00',NULL,1031,26,1),(1077,2023,'2023-03-20 18:21:24',2,100,'2024-09-16 00:00:00',NULL,1032,26,1),(1078,2023,'2023-03-20 18:21:47',2,100,'2024-09-16 00:00:00',NULL,1033,26,1),(1079,2023,'2023-03-20 18:22:16',2,100,'2024-09-16 00:00:00',NULL,1034,26,1),(1080,2023,'2023-03-20 18:25:36',2,100,'2024-09-16 00:00:00',NULL,1035,26,1),(1081,2023,'2023-03-20 18:25:56',2,100,'2024-09-16 00:00:00',NULL,1036,26,1),(1082,2023,'2023-03-21 10:05:59',2,100,'2024-09-16 00:00:00',NULL,1037,35,1),(1083,2023,'2023-03-21 10:09:42',2,100,'2024-09-16 00:00:00',NULL,1038,35,1),(1084,2023,'2023-03-21 11:17:56',2,100,'2024-09-16 00:00:00',NULL,1039,35,1),(1085,2023,'2023-03-21 11:33:54',2,100,'2024-09-16 00:00:00',NULL,1040,35,1),(1086,2023,'2023-03-21 11:58:30',2,100,'2024-09-16 00:00:00',NULL,1041,35,1),(1087,2023,'2023-03-21 11:59:00',2,100,'2024-09-16 00:00:00',NULL,1042,35,1),(1088,2023,'2023-03-21 11:59:53',2,100,'2024-09-16 00:00:00',NULL,1043,35,1),(1089,2023,'2023-03-21 12:05:12',2,100,'2024-09-16 00:00:00',NULL,1044,35,1),(1090,2023,'2023-03-21 12:11:16',2,100,'2024-09-16 00:00:00',NULL,1045,35,1),(1091,2023,'2023-03-21 12:11:36',2,100,'2024-09-16 00:00:00',NULL,1046,35,1),(1092,2023,'2023-03-21 12:12:15',2,100,'2024-09-16 00:00:00',NULL,1047,35,1),(1093,2023,'2023-03-21 12:40:38',2,100,'2024-09-16 00:00:00',NULL,1048,35,1),(1094,2023,'2023-03-21 12:40:07',2,100,'2024-09-16 00:00:00',NULL,1049,26,1),(1095,2023,'2023-03-21 12:52:34',2,100,'2024-09-16 00:00:00',NULL,1050,35,1),(1096,2023,'2023-03-21 14:25:22',2,100,'2024-09-16 00:00:00',NULL,1051,35,1),(1097,2023,'2023-03-21 14:40:07',2,100,'2024-09-16 00:00:00',NULL,1052,35,1),(1098,2023,'2023-03-21 14:51:56',2,100,'2024-09-16 00:00:00',NULL,1053,35,1),(1099,2023,'2023-03-21 15:09:24',2,100,'2024-09-16 00:00:00',NULL,1054,35,1),(1100,2023,'2023-03-21 15:40:40',2,100,'2024-09-16 00:00:00',NULL,1055,35,1),(1101,2023,'2023-03-21 17:20:24',2,100,'2024-09-16 00:00:00',NULL,1056,35,1),(1102,2023,'2023-03-21 17:22:22',2,100,'2024-09-16 00:00:00',NULL,1057,35,1),(1103,2023,'2023-03-22 08:42:27',2,100,'2024-09-16 00:00:00',NULL,1058,35,1),(1104,2023,'2023-03-22 08:55:22',2,100,'2024-09-16 00:00:00',NULL,1059,35,1),(1105,2023,'2023-03-22 08:55:57',2,100,'2024-09-16 00:00:00',NULL,1060,35,1),(1106,2023,'2023-03-22 09:06:18',2,100,'2024-09-16 00:00:00',NULL,1061,35,1),(1107,2023,'2023-03-22 09:23:30',2,100,'2024-09-16 00:00:00',NULL,1062,35,1),(1108,2023,'2023-03-22 09:24:02',2,100,'2024-09-16 00:00:00',NULL,1063,35,1),(1109,2023,'2023-03-22 10:15:15',2,100,'2024-09-16 00:00:00',NULL,1064,35,1),(1110,2023,'2023-03-22 10:17:19',2,100,'2024-09-16 00:00:00',NULL,1065,35,1),(1111,2023,'2023-03-22 10:17:46',2,100,'2024-09-16 00:00:00',NULL,1066,35,1),(1112,2023,'2023-03-22 11:55:25',2,100,'2024-09-16 00:00:00',NULL,1067,35,1),(1113,2023,'2023-03-22 11:58:14',2,100,'2024-09-16 00:00:00',NULL,1068,35,1),(1114,2023,'2023-03-22 11:58:44',2,100,'2024-09-16 00:00:00',NULL,1069,35,1),(1115,2023,'2023-03-22 11:59:07',2,100,'2024-09-16 00:00:00',NULL,1070,35,1),(1116,2023,'2023-03-22 12:41:26',2,100,'2024-09-16 00:00:00',NULL,1071,35,1),(1117,2023,'2023-03-22 13:02:43',2,100,'2024-09-16 00:00:00',NULL,1072,35,1),(1118,2023,'2023-03-22 13:04:33',2,100,'2024-09-16 00:00:00',NULL,1073,35,1),(1119,2023,'2023-03-22 13:45:56',2,100,'2024-09-16 00:00:00',NULL,1074,35,1),(1120,2023,'2023-03-22 13:48:02',2,120,'2024-09-16 00:00:00',NULL,1075,35,1),(1121,2023,'2023-03-22 15:20:04',2,100,'2024-09-16 00:00:00',NULL,1076,26,1),(1122,2023,'2023-03-22 15:20:27',2,100,'2024-09-16 00:00:00',NULL,1077,26,1),(1123,2023,'2023-03-22 18:00:03',2,100,'2024-09-16 00:00:00',NULL,1078,26,1),(1124,2023,'2023-03-23 08:05:16',2,100,'2024-09-16 00:00:00',NULL,1079,35,1),(1125,2023,'2023-03-23 08:21:05',2,100,'2024-09-16 00:00:00',NULL,1080,35,1),(1126,2023,'2023-03-23 08:21:31',2,100,'2024-09-16 00:00:00',NULL,1081,35,1),(1127,2023,'2023-03-23 08:28:27',2,100,'2024-09-16 00:00:00',NULL,1082,35,1),(1128,2023,'2023-03-23 08:42:28',2,120,'2024-09-16 00:00:00',NULL,1083,35,1),(1129,2023,'2023-03-23 08:48:54',2,100,'2024-09-16 00:00:00',NULL,1084,35,1),(1130,2023,'2023-03-23 08:55:57',2,100,'2024-09-16 00:00:00',NULL,1085,35,1),(1131,2023,'2023-03-23 11:04:45',2,100,'2024-09-16 00:00:00',NULL,1086,35,1),(1132,2023,'2023-03-23 11:05:17',2,100,'2024-09-16 00:00:00',NULL,1087,35,1),(1133,2023,'2023-03-23 11:58:06',2,100,'2024-09-16 00:00:00',NULL,1088,35,1),(1134,2023,'2023-03-23 11:58:41',2,100,'2024-09-16 00:00:00',NULL,1089,35,1),(1135,2023,'2023-03-23 15:39:39',2,100,'2024-09-16 00:00:00',NULL,1090,35,1),(1136,2023,'2023-03-23 15:40:31',2,100,'2024-09-16 00:00:00',NULL,1091,35,1),(1137,2023,'2023-03-23 15:46:08',2,100,'2024-09-16 00:00:00',NULL,1092,35,1),(1138,2023,'2023-03-23 17:15:05',1,100,'2024-09-16 00:00:00',NULL,1093,35,1),(1139,2023,'2023-03-23 17:15:31',1,100,'2024-09-16 00:00:00',NULL,1094,35,1),(1140,2023,'2023-03-23 17:15:56',1,100,'2024-09-16 00:00:00',NULL,1095,35,1),(1141,2023,'2023-03-23 17:16:17',1,100,'2024-09-16 00:00:00',NULL,1096,35,1),(1142,2023,'2023-03-23 17:16:54',1,100,'2024-09-16 00:00:00',NULL,1097,35,1),(1143,2023,'2023-03-23 17:21:56',1,100,'2024-09-16 00:00:00',NULL,1098,35,1),(1144,2023,'2023-03-23 17:22:26',1,100,'2024-09-16 00:00:00',NULL,1099,35,1),(1145,2023,'2023-03-23 17:22:43',1,100,'2024-09-16 00:00:00',NULL,1100,35,1),(1146,2023,'2023-03-23 17:28:30',1,100,'2024-09-16 00:00:00',NULL,1101,35,1),(1147,2023,'2023-03-23 17:28:47',1,100,'2024-09-16 00:00:00',NULL,1102,35,1),(1148,2023,'2023-03-23 17:41:40',1,100,'2024-09-16 00:00:00',NULL,1103,35,1),(1149,2023,'2023-03-23 17:42:03',1,100,'2024-09-16 00:00:00',NULL,1104,35,1),(1150,2023,'2023-03-23 17:42:20',1,100,'2024-09-16 00:00:00',NULL,1105,35,1),(1151,2023,'2023-03-23 18:12:58',1,100,'2024-09-16 00:00:00',NULL,1106,35,1),(1152,2023,'2023-03-23 18:13:50',1,100,'2024-09-16 00:00:00',NULL,1107,35,1),(1153,2023,'2023-03-23 18:20:14',2,100,'2024-09-16 00:00:00',NULL,1108,35,1),(1154,2023,'2023-03-23 18:37:58',2,100,'2024-09-16 00:00:00',NULL,1109,26,1),(1155,2023,'2023-03-24 07:42:37',2,120,'2024-09-16 00:00:00',NULL,1110,35,1),(1156,2023,'2023-03-24 09:38:54',1,100,'2024-09-16 00:00:00',NULL,1111,35,1),(1157,2023,'2023-03-24 09:39:10',1,100,'2024-09-16 00:00:00',NULL,1112,35,1),(1158,2023,'2023-03-24 09:39:30',1,100,'2024-09-16 00:00:00',NULL,1113,35,1),(1159,2023,'2023-03-24 09:40:09',1,100,'2024-09-16 00:00:00',NULL,1114,35,1),(1160,2023,'2023-03-24 09:42:06',1,100,'2024-09-16 00:00:00',NULL,1115,35,1),(1161,2023,'2023-03-24 09:42:43',1,100,'2024-09-16 00:00:00',NULL,1116,35,1),(1162,2023,'2023-03-24 09:43:04',1,100,'2024-09-16 00:00:00',NULL,1117,35,1),(1163,2023,'2023-03-24 09:43:28',1,100,'2024-09-16 00:00:00',NULL,1118,35,1),(1164,2023,'2023-03-24 09:44:56',1,100,'2024-09-16 00:00:00',NULL,1119,35,1),(1165,2023,'2023-03-24 09:45:28',1,100,'2024-09-16 00:00:00',NULL,1120,35,1),(1166,2023,'2023-03-24 09:46:30',1,100,'2024-09-16 00:00:00',NULL,1121,35,1),(1167,2023,'2023-03-24 09:49:19',1,100,'2024-09-16 00:00:00',NULL,1122,35,1),(1168,2023,'2023-03-24 09:50:02',1,100,'2024-09-16 00:00:00',NULL,1123,35,1),(1169,2023,'2023-03-24 09:51:49',1,100,'2024-09-16 00:00:00',NULL,1124,35,1),(1170,2023,'2023-03-24 09:52:05',1,100,'2024-09-16 00:00:00',NULL,1125,35,1),(1171,2023,'2023-03-24 09:52:21',1,100,'2024-09-16 00:00:00',NULL,1126,35,1),(1172,2023,'2023-03-24 09:53:03',1,100,'2024-09-16 00:00:00',NULL,1127,35,1),(1173,2023,'2023-03-24 09:54:09',1,100,'2024-09-16 00:00:00',NULL,1128,35,1),(1174,2023,'2023-03-24 09:54:39',1,100,'2024-09-16 00:00:00',NULL,1129,35,1),(1175,2023,'2023-03-24 09:55:08',1,100,'2024-09-16 00:00:00',NULL,1130,35,1),(1176,2023,'2023-03-24 10:03:50',1,100,'2024-09-16 00:00:00',NULL,1131,35,1),(1177,2023,'2023-03-24 10:13:32',1,100,'2024-09-16 00:00:00',NULL,1132,35,1),(1178,2023,'2023-03-24 10:14:16',1,100,'2024-09-16 00:00:00',NULL,1133,35,1),(1179,2023,'2023-03-24 10:14:37',1,100,'2024-09-16 00:00:00',NULL,1134,35,1),(1180,2023,'2023-03-24 10:15:06',1,100,'2024-09-16 00:00:00',NULL,1135,35,1),(1181,2023,'2023-03-24 10:15:33',1,100,'2024-09-16 00:00:00',NULL,1136,35,1),(1182,2023,'2023-03-24 10:17:58',1,100,'2024-09-16 00:00:00',NULL,1137,35,1),(1183,2023,'2023-03-24 10:18:42',1,100,'2024-09-16 00:00:00',NULL,1138,35,1),(1184,2023,'2023-03-24 10:19:24',1,100,'2024-09-16 00:00:00',NULL,1139,35,1),(1185,2023,'2023-03-24 10:19:56',1,100,'2024-09-16 00:00:00',NULL,1140,35,1),(1186,2023,'2023-03-24 10:20:43',1,100,'2024-09-16 00:00:00',NULL,1141,35,1),(1187,2023,'2023-03-24 10:21:06',1,100,'2024-09-16 00:00:00',NULL,1142,35,1),(1188,2023,'2023-03-24 10:21:50',1,100,'2024-09-16 00:00:00',NULL,1143,35,1),(1189,2023,'2023-03-24 10:22:11',1,100,'2024-09-16 00:00:00',NULL,1144,35,1),(1190,2023,'2023-03-24 10:27:22',1,100,'2024-09-16 00:00:00',NULL,1145,35,1),(1191,2023,'2023-03-24 10:30:37',1,100,'2024-09-16 00:00:00',NULL,1146,35,1),(1192,2023,'2023-03-24 10:30:59',1,100,'2024-09-16 00:00:00',NULL,1147,35,1),(1193,2023,'2023-03-24 10:31:20',1,100,'2024-09-16 00:00:00',NULL,1148,35,1),(1194,2023,'2023-03-24 10:36:29',1,100,'2024-09-16 00:00:00',NULL,1149,35,1),(1195,2023,'2023-03-24 10:36:53',1,100,'2024-09-16 00:00:00',NULL,1150,35,1),(1196,2023,'2023-03-24 10:37:11',1,100,'2024-09-16 00:00:00',NULL,1151,35,1),(1197,2023,'2023-03-24 10:37:54',1,100,'2024-09-16 00:00:00',NULL,1152,35,1),(1198,2023,'2023-03-24 10:38:14',1,100,'2024-09-16 00:00:00',NULL,1153,35,1),(1199,2023,'2023-03-24 10:38:31',1,100,'2024-09-16 00:00:00',NULL,1154,35,1),(1200,2023,'2023-03-24 10:38:50',1,100,'2024-09-16 00:00:00',NULL,1155,35,1),(1201,2023,'2023-03-24 10:39:35',1,100,'2024-09-16 00:00:00',NULL,1156,35,1),(1202,2023,'2023-03-24 10:39:58',1,100,'2024-09-16 00:00:00',NULL,1157,35,1),(1203,2023,'2023-03-24 10:40:24',1,100,'2024-09-16 00:00:00',NULL,1158,35,1),(1204,2023,'2023-03-24 11:13:23',2,100,'2024-09-16 00:00:00',NULL,1159,35,1),(1205,2023,'2023-03-24 12:58:29',2,100,'2024-09-16 00:00:00',NULL,1160,35,1),(1206,2023,'2023-03-24 13:42:11',2,100,'2024-09-16 00:00:00',NULL,1161,35,1),(1207,2023,'2023-03-24 13:42:45',2,100,'2024-09-16 00:00:00',NULL,1162,35,1),(1208,2023,'2023-03-24 14:04:26',2,100,'2024-09-16 00:00:00',NULL,1163,26,1),(1209,2023,'2023-03-24 15:31:42',2,100,'2024-09-16 00:00:00',NULL,1164,26,1),(1210,2023,'2023-03-24 16:49:39',2,100,'2024-09-16 00:00:00',NULL,1165,26,1),(1211,2023,'2023-03-24 17:57:09',2,100,'2024-09-16 00:00:00',NULL,1166,26,1),(1212,2023,'2023-03-25 09:28:51',2,100,'2024-09-16 00:00:00',NULL,1167,35,1),(1213,2023,'2023-03-27 08:48:24',2,100,'2024-09-16 00:00:00',NULL,1168,35,1),(1214,2023,'2023-03-27 09:00:45',2,120,'2024-09-16 00:00:00',NULL,1169,35,1),(1215,2023,'2023-03-27 09:03:21',2,120,'2024-09-16 00:00:00',NULL,1170,35,1),(1216,2023,'2023-03-27 09:27:07',2,100,'2024-09-16 00:00:00',NULL,1171,35,1),(1217,2023,'2023-03-27 09:35:04',2,120,'2024-09-16 00:00:00',NULL,1172,35,1),(1218,2023,'2023-03-27 10:26:06',2,120,'2024-09-16 00:00:00',NULL,1173,35,1),(1219,2023,'2023-03-27 11:17:00',2,100,'2024-09-16 00:00:00',NULL,1174,35,1),(1220,2023,'2023-03-27 11:58:37',2,120,'2024-09-16 00:00:00',NULL,1175,35,1),(1221,2023,'2023-03-27 12:59:12',2,100,'2024-09-16 00:00:00',NULL,1176,35,1),(1222,2023,'2023-03-27 13:00:00',2,100,'2024-09-16 00:00:00',NULL,1177,35,1),(1223,2023,'2023-03-27 13:00:27',2,100,'2024-09-16 00:00:00',NULL,1178,35,1),(1224,2023,'2023-03-27 13:22:19',2,100,'2024-09-16 00:00:00',NULL,1179,35,1),(1225,2023,'2023-03-27 16:13:12',2,100,'2024-09-16 00:00:00',NULL,1180,35,1),(1226,2023,'2023-03-27 16:15:55',2,100,'2024-09-16 00:00:00',NULL,1181,35,1),(1227,2023,'2023-03-27 16:19:05',2,100,'2024-09-16 00:00:00',NULL,1182,35,1),(1228,2023,'2023-03-27 16:25:51',2,100,'2024-09-16 00:00:00',NULL,1183,35,1),(1229,2023,'2023-03-27 17:12:44',2,100,'2024-09-16 00:00:00',NULL,1184,35,1),(1230,2023,'2023-03-28 09:24:40',2,120,'2024-09-16 00:00:00',NULL,1185,35,1),(1231,2023,'2023-03-28 09:26:12',2,120,'2024-09-16 00:00:00',NULL,1186,35,1),(1232,2023,'2023-03-28 09:27:57',2,120,'2024-09-16 00:00:00',NULL,1187,35,1),(1233,2023,'2023-03-28 10:26:25',2,100,'2024-09-16 00:00:00',NULL,1188,35,1),(1234,2023,'2023-03-28 10:27:03',2,100,'2024-09-16 00:00:00',NULL,1189,35,1),(1235,2023,'2023-03-28 10:35:54',2,100,'2024-09-16 00:00:00',NULL,1190,35,1),(1236,2023,'2023-03-28 10:36:31',2,100,'2024-09-16 00:00:00',NULL,1191,35,1),(1237,2023,'2023-03-28 11:44:42',2,100,'2024-09-16 00:00:00',NULL,1192,35,1),(1238,2023,'2023-03-28 13:54:33',2,100,'2024-09-16 00:00:00',NULL,1193,35,1),(1239,2023,'2023-03-28 17:12:07',2,100,'2024-09-16 00:00:00',NULL,1194,35,1),(1240,2023,'2023-03-28 18:17:01',2,120,'2024-09-16 00:00:00',NULL,1195,35,1),(1241,2023,'2023-03-28 18:19:06',2,120,'2024-09-16 00:00:00',NULL,1196,35,1),(1242,2023,'2023-03-29 08:40:59',2,120,'2024-09-16 00:00:00',NULL,1197,35,1),(1243,2023,'2023-03-29 08:46:41',2,120,'2024-09-16 00:00:00',NULL,1198,35,1),(1244,2023,'2023-03-29 10:49:30',2,100,'2024-09-16 00:00:00',NULL,1199,35,1),(1245,2023,'2023-03-29 11:12:25',2,100,'2024-09-16 00:00:00',NULL,1200,35,1),(1246,2023,'2023-03-29 11:15:13',2,120,'2024-09-16 00:00:00',NULL,1201,35,1),(1247,2023,'2023-03-29 11:19:11',2,120,'2024-09-16 00:00:00',NULL,1202,35,1),(1248,2023,'2023-03-29 12:03:28',2,100,'2024-09-16 00:00:00',NULL,1203,35,1),(1249,2023,'2023-03-29 12:04:01',2,100,'2024-09-16 00:00:00',NULL,1204,35,1),(1250,2023,'2023-03-29 13:24:08',2,120,'2024-09-16 00:00:00',NULL,1205,35,1),(1251,2023,'2023-03-29 13:49:05',2,100,'2024-09-16 00:00:00',NULL,1206,35,1),(1252,2023,'2023-03-29 14:01:48',2,100,'2024-09-16 00:00:00',NULL,1207,35,1),(1253,2023,'2023-03-29 14:50:22',2,100,'2024-09-16 00:00:00',NULL,1208,26,1),(1254,2023,'2023-03-29 14:50:44',2,100,'2024-09-16 00:00:00',NULL,1209,26,1),(1255,2023,'2023-03-29 19:56:42',2,120,'2024-09-16 00:00:00',NULL,1210,35,1),(1256,2023,'2023-03-30 08:47:16',2,100,'2024-09-16 00:00:00',NULL,1211,35,1),(1257,2023,'2023-03-30 08:47:47',2,100,'2024-09-16 00:00:00',NULL,1212,35,1),(1258,2023,'2023-03-30 08:50:24',2,100,'2024-09-16 00:00:00',NULL,1213,35,1),(1259,2023,'2023-03-30 09:10:40',2,100,'2024-09-16 00:00:00',NULL,1214,35,1),(1260,2023,'2023-03-30 11:09:19',2,100,'2024-09-16 00:00:00',NULL,1215,35,1),(1261,2023,'2023-03-30 11:14:43',2,100,'2024-09-16 00:00:00',NULL,1216,35,1),(1262,2023,'2023-03-30 11:19:56',2,100,'2024-09-16 00:00:00',NULL,1217,35,1),(1263,2023,'2023-03-30 11:20:18',2,100,'2024-09-16 00:00:00',NULL,1218,35,1),(1264,2023,'2023-03-30 11:20:49',2,100,'2024-09-16 00:00:00',NULL,1219,35,1),(1265,2023,'2023-03-30 11:32:36',2,120,'2024-09-16 00:00:00',NULL,1220,35,1),(1266,2023,'2023-03-30 12:47:33',2,120,'2024-09-16 00:00:00',NULL,1221,35,1),(1267,2023,'2023-03-30 12:56:53',2,100,'2024-09-16 00:00:00',NULL,1222,35,1),(1268,2023,'2023-03-30 12:57:31',2,100,'2024-09-16 00:00:00',NULL,1223,35,1),(1269,2023,'2023-03-30 14:56:03',2,100,'2024-09-16 00:00:00',NULL,1224,35,1),(1270,2023,'2023-03-30 14:57:01',2,100,'2024-09-16 00:00:00',NULL,1225,35,1),(1271,2023,'2023-03-30 16:49:16',2,100,'2024-09-16 00:00:00',NULL,1226,35,1),(1272,2023,'2023-03-30 16:49:59',2,100,'2024-09-16 00:00:00',NULL,1227,35,1),(1273,2023,'2023-03-30 16:52:28',2,100,'2024-09-16 00:00:00',NULL,1228,35,1),(1274,2023,'2023-03-30 16:53:18',2,100,'2024-09-16 00:00:00',NULL,1229,35,1),(1275,2023,'2023-03-30 18:35:08',2,100,'2024-09-16 00:00:00',NULL,1230,35,1),(1276,2023,'2023-03-31 07:43:43',2,100,'2024-09-16 00:00:00',NULL,1231,35,1),(1277,2023,'2023-03-31 07:44:46',2,100,'2024-09-16 00:00:00',NULL,1232,35,1),(1278,2023,'2023-03-31 08:07:00',2,100,'2024-09-16 00:00:00',NULL,1233,35,1),(1279,2023,'2023-03-31 10:27:43',2,120,'2024-09-16 00:00:00',NULL,1234,35,1),(1280,2023,'2023-03-31 11:37:24',2,120,'2024-09-16 00:00:00',NULL,1235,35,1),(1281,2023,'2023-03-31 11:39:20',2,120,'2024-09-16 00:00:00',NULL,1236,35,1),(1282,2023,'2023-03-31 11:43:03',2,100,'2024-09-16 00:00:00',NULL,1237,35,1),(1283,2023,'2023-03-31 11:54:38',2,100,'2024-09-16 00:00:00',NULL,1238,35,1),(1284,2023,'2023-03-31 12:32:24',2,120,'2024-09-16 00:00:00',NULL,1239,35,1),(1285,2023,'2023-03-31 12:41:01',2,100,'2024-09-16 00:00:00',NULL,1240,35,1),(1286,2023,'2023-03-31 12:41:25',2,100,'2024-09-16 00:00:00',NULL,1241,35,1),(1287,2023,'2023-03-31 17:55:59',2,120,'2024-09-16 00:00:00',NULL,1242,26,1),(1288,2023,'2023-03-31 17:56:23',2,120,'2024-09-16 00:00:00',NULL,1243,26,1),(1289,2023,'2023-03-31 17:56:52',2,120,'2024-09-16 00:00:00',NULL,1244,26,1),(1290,2023,'2023-04-01 12:17:11',2,120,'2024-09-16 00:00:00',NULL,1245,35,1),(1291,2023,'2023-04-03 08:47:00',2,100,'2024-09-16 00:00:00',NULL,1246,35,1),(1292,2023,'2023-04-03 08:58:27',2,100,'2024-09-16 00:00:00',NULL,1247,35,1),(1293,2023,'2023-04-03 10:02:51',2,100,'2024-09-16 00:00:00',NULL,1248,35,1),(1294,2023,'2023-04-03 10:09:33',2,100,'2024-09-16 00:00:00',NULL,1249,35,1),(1295,2023,'2023-04-03 10:10:21',2,100,'2024-09-16 00:00:00',NULL,1250,35,1),(1296,2023,'2023-04-03 10:49:10',2,100,'2024-09-16 00:00:00',NULL,1251,35,1),(1297,2023,'2023-04-03 13:43:31',2,120,'2024-09-16 00:00:00',NULL,1252,35,1),(1298,2023,'2023-04-03 13:47:20',2,100,'2024-09-16 00:00:00',NULL,1253,35,1),(1299,2023,'2023-04-03 15:06:53',2,100,'2024-09-16 00:00:00',NULL,1254,26,1),(1300,2023,'2023-04-03 18:01:07',2,100,'2024-09-16 00:00:00',NULL,1255,26,1),(1301,2023,'2023-04-04 09:52:03',2,100,'2024-09-16 00:00:00',NULL,1256,35,1),(1302,2023,'2023-04-04 09:56:27',2,100,'2024-09-16 00:00:00',NULL,1257,35,1),(1303,2023,'2023-04-04 10:01:30',2,100,'2024-09-16 00:00:00',NULL,1258,35,1),(1304,2023,'2023-04-04 10:02:00',2,100,'2024-09-16 00:00:00',NULL,1259,35,1),(1305,2023,'2023-04-04 10:02:39',2,100,'2024-09-16 00:00:00',NULL,1260,35,1),(1306,2023,'2023-04-04 11:37:18',2,120,'2024-09-16 00:00:00',NULL,1261,35,1),(1307,2023,'2023-04-04 11:37:49',2,120,'2024-09-16 00:00:00',NULL,1262,35,1),(1308,2023,'2023-04-04 11:42:46',2,100,'2024-09-16 00:00:00',NULL,1263,35,1),(1309,2023,'2023-04-04 11:45:47',2,100,'2024-09-16 00:00:00',NULL,1264,35,1),(1310,2023,'2023-04-04 12:31:36',2,100,'2024-09-16 00:00:00',NULL,1265,35,1),(1311,2023,'2023-04-04 16:34:39',2,100,'2024-09-16 00:00:00',NULL,1266,35,1),(1312,2023,'2023-04-04 16:37:48',2,100,'2024-09-16 00:00:00',NULL,1267,35,1),(1313,2023,'2023-04-04 18:14:07',2,100,'2024-09-16 00:00:00',NULL,1268,35,1),(1314,2023,'2023-04-04 18:18:53',2,100,'2024-09-16 00:00:00',NULL,1269,35,1),(1315,2023,'2023-04-04 18:22:11',2,100,'2024-09-16 00:00:00',NULL,1270,35,1),(1316,2023,'2023-04-04 18:22:45',2,100,'2024-09-16 00:00:00',NULL,1271,35,1),(1317,2023,'2023-04-05 10:32:44',2,100,'2024-09-16 00:00:00',NULL,1272,35,1),(1318,2023,'2023-04-05 10:36:09',2,100,'2024-09-16 00:00:00',NULL,1273,35,1),(1319,2023,'2023-04-05 15:37:17',2,100,'2024-09-16 00:00:00',NULL,1274,26,1),(1320,2023,'2023-04-05 16:05:02',2,100,'2024-09-16 00:00:00',NULL,1275,26,1),(1321,2023,'2023-04-05 18:32:05',2,100,'2024-09-16 00:00:00',NULL,1276,26,1),(1322,2023,'2023-04-06 09:22:42',2,120,'2024-09-16 00:00:00',NULL,1277,35,1),(1323,2023,'2023-04-06 11:15:27',2,100,'2024-09-16 00:00:00',NULL,1278,35,1),(1324,2023,'2023-04-06 11:16:01',2,100,'2024-09-16 00:00:00',NULL,1279,35,1),(1325,2023,'2023-04-10 08:54:03',2,150,'2024-09-16 00:00:00',NULL,1280,35,1),(1326,2023,'2023-04-10 11:53:02',2,100,'2024-09-16 00:00:00',NULL,1281,35,1),(1327,2023,'2023-04-10 17:53:02',2,100,'2024-09-16 00:00:00',NULL,1282,26,1),(1328,2023,'2023-04-10 17:53:48',2,100,'2024-09-16 00:00:00',NULL,1283,26,1),(1329,2023,'2023-04-11 08:56:30',2,100,'2024-09-16 00:00:00',NULL,1284,35,1),(1330,2023,'2023-04-11 09:20:27',2,100,'2024-09-16 00:00:00',NULL,1285,35,1),(1331,2023,'2023-04-11 09:20:56',2,100,'2024-09-16 00:00:00',NULL,1286,35,1),(1332,2023,'2023-04-11 11:07:02',2,100,'2024-09-16 00:00:00',NULL,1287,35,1),(1333,2023,'2023-04-11 11:07:31',2,100,'2024-09-16 00:00:00',NULL,1288,35,1),(1334,2023,'2023-04-11 14:55:27',1,200,'2024-09-16 00:00:00',NULL,1289,35,1),(1335,2023,'2023-04-11 14:55:54',1,200,'2024-09-16 00:00:00',NULL,1290,35,1),(1336,2023,'2023-04-11 14:57:53',1,200,'2024-09-16 00:00:00',NULL,1291,35,1),(1337,2023,'2023-04-11 15:55:55',1,200,'2024-09-16 00:00:00',NULL,1292,35,1),(1338,2023,'2023-04-11 15:56:24',1,200,'2024-09-16 00:00:00',NULL,1293,35,1),(1339,2023,'2023-04-11 15:57:50',1,200,'2024-09-16 00:00:00',NULL,1294,35,1),(1340,2023,'2023-04-11 16:07:52',1,200,'2024-09-16 00:00:00',NULL,1295,35,1),(1341,2023,'2023-04-11 17:21:09',2,100,'2024-09-16 00:00:00',NULL,1296,35,1),(1342,2023,'2023-04-12 09:36:29',1,120,'2024-09-16 00:00:00',NULL,1297,35,1),(1343,2023,'2023-04-12 09:41:16',1,120,'2024-09-16 00:00:00',NULL,1298,35,1),(1344,2023,'2023-04-12 09:45:37',1,120,'2024-09-16 00:00:00',NULL,1299,35,1),(1345,2023,'2023-04-12 09:46:11',1,120,'2024-09-16 00:00:00',NULL,1300,35,1),(1346,2023,'2023-04-12 09:48:11',1,120,'2024-09-16 00:00:00',NULL,1301,35,1),(1347,2023,'2023-04-12 09:52:10',1,120,'2024-09-16 00:00:00',NULL,1302,35,1),(1348,2023,'2023-04-12 09:55:02',1,120,'2024-09-16 00:00:00',NULL,1303,35,1),(1349,2023,'2023-04-12 10:30:27',1,120,'2024-09-16 00:00:00',NULL,1304,35,1),(1350,2023,'2023-04-12 10:32:10',1,120,'2024-09-16 00:00:00',NULL,1305,35,1),(1351,2023,'2023-04-12 10:38:37',1,120,'2024-09-16 00:00:00',NULL,1306,35,1),(1352,2023,'2023-04-12 10:39:27',1,120,'2024-09-16 00:00:00',NULL,1307,35,1),(1353,2023,'2023-04-12 10:43:46',1,120,'2024-09-16 00:00:00',NULL,1308,35,1),(1354,2023,'2023-04-12 10:44:44',1,120,'2024-09-16 00:00:00',NULL,1309,35,1),(1355,2023,'2023-04-12 10:48:42',1,120,'2024-09-16 00:00:00',NULL,1310,35,1),(1356,2023,'2023-04-12 10:49:47',1,120,'2024-09-16 00:00:00',NULL,1311,35,1),(1357,2023,'2023-04-12 10:50:36',1,120,'2024-09-16 00:00:00',NULL,1312,35,1),(1358,2023,'2023-04-12 10:54:55',1,120,'2024-09-16 00:00:00',NULL,1313,35,1),(1359,2023,'2023-04-12 10:55:46',1,120,'2024-09-16 00:00:00',NULL,1314,35,1),(1360,2023,'2023-04-12 11:03:02',1,120,'2024-09-16 00:00:00',NULL,1315,35,1),(1361,2023,'2023-04-12 11:03:34',1,120,'2024-09-16 00:00:00',NULL,1316,35,1),(1362,2023,'2023-04-12 11:04:11',1,120,'2024-09-16 00:00:00',NULL,1317,35,1),(1363,2023,'2023-04-12 11:18:18',1,120,'2024-09-16 00:00:00',NULL,1318,35,1),(1364,2023,'2023-04-12 11:23:52',1,120,'2024-09-16 00:00:00',NULL,1319,35,1),(1365,2023,'2023-04-12 11:33:52',1,120,'2024-09-16 00:00:00',NULL,1320,35,1),(1366,2023,'2023-04-12 11:36:51',1,120,'2024-09-16 00:00:00',NULL,1321,35,1),(1367,2023,'2023-04-12 11:37:58',1,120,'2024-09-16 00:00:00',NULL,1322,35,1),(1368,2023,'2023-04-12 11:42:27',1,120,'2024-09-16 00:00:00',NULL,1323,35,1),(1369,2023,'2023-04-12 11:43:44',1,120,'2024-09-16 00:00:00',NULL,1324,35,1),(1370,2023,'2023-04-12 11:45:25',1,120,'2024-09-16 00:00:00',NULL,1325,35,1),(1371,2023,'2023-04-12 11:49:37',1,120,'2024-09-16 00:00:00',NULL,1326,35,1),(1372,2023,'2023-04-12 11:50:57',1,120,'2024-09-16 00:00:00',NULL,1327,35,1),(1373,2023,'2023-04-12 11:52:28',1,120,'2024-09-16 00:00:00',NULL,1328,35,1),(1374,2023,'2023-04-12 11:55:25',1,120,'2024-09-16 00:00:00',NULL,1329,35,1),(1375,2023,'2023-04-12 12:03:26',1,120,'2024-09-16 00:00:00',NULL,1330,35,1),(1376,2023,'2023-04-12 12:04:49',1,120,'2024-09-16 00:00:00',NULL,1331,35,1),(1377,2023,'2023-04-12 12:06:04',1,120,'2024-09-16 00:00:00',NULL,1332,35,1),(1378,2023,'2023-04-12 12:06:41',1,120,'2024-09-16 00:00:00',NULL,1333,35,1),(1379,2023,'2023-04-12 12:08:12',1,120,'2024-09-16 00:00:00',NULL,1334,35,1),(1380,2023,'2023-04-12 12:09:02',1,120,'2024-09-16 00:00:00',NULL,1335,35,1),(1381,2023,'2023-04-12 12:28:43',1,120,'2024-09-16 00:00:00',NULL,1336,35,1),(1382,2023,'2023-04-12 12:32:45',1,120,'2024-09-16 00:00:00',NULL,1337,35,1),(1383,2023,'2023-04-12 12:48:42',1,120,'2024-09-16 00:00:00',NULL,1338,35,1),(1384,2023,'2023-04-12 12:49:47',1,120,'2024-09-16 00:00:00',NULL,1339,35,1),(1385,2023,'2023-04-12 12:50:35',1,120,'2024-09-16 00:00:00',NULL,1340,35,1),(1386,2023,'2023-04-12 12:51:47',1,120,'2024-09-16 00:00:00',NULL,1341,35,1),(1387,2023,'2023-04-12 13:52:14',1,120,'2024-09-16 00:00:00',NULL,1342,35,1),(1388,2023,'2023-04-12 13:53:35',1,120,'2024-09-16 00:00:00',NULL,1343,35,1),(1389,2023,'2023-04-12 13:54:06',1,120,'2024-09-16 00:00:00',NULL,1344,35,1),(1390,2023,'2023-04-12 13:59:00',1,120,'2024-09-16 00:00:00',NULL,1345,35,1),(1391,2023,'2023-04-12 13:59:22',1,120,'2024-09-16 00:00:00',NULL,1346,35,1),(1392,2023,'2023-04-12 14:00:59',1,120,'2024-09-16 00:00:00',NULL,1347,35,1),(1393,2023,'2023-04-12 14:04:56',1,120,'2024-09-16 00:00:00',NULL,1348,35,1),(1394,2023,'2023-04-12 14:53:27',1,120,'2024-09-16 00:00:00',NULL,1349,35,1),(1395,2023,'2023-04-12 14:55:32',1,120,'2024-09-16 00:00:00',NULL,1350,35,1),(1396,2023,'2023-04-12 14:57:22',1,120,'2024-09-16 00:00:00',NULL,1351,35,1),(1397,2023,'2023-04-12 14:59:40',1,120,'2024-09-16 00:00:00',NULL,1352,35,1),(1398,2023,'2023-04-12 15:04:31',1,120,'2024-09-16 00:00:00',NULL,1353,35,1),(1399,2023,'2023-04-12 15:12:49',1,120,'2024-09-16 00:00:00',NULL,1354,35,1),(1400,2023,'2023-04-12 15:15:37',1,120,'2024-09-16 00:00:00',NULL,1355,35,1),(1401,2023,'2023-04-12 15:21:09',1,120,'2024-09-16 00:00:00',NULL,1356,35,1),(1402,2023,'2023-04-12 15:21:43',1,120,'2024-09-16 00:00:00',NULL,1357,35,1),(1403,2023,'2023-04-12 15:22:23',1,120,'2024-09-16 00:00:00',NULL,1358,35,1),(1404,2023,'2023-04-12 15:25:55',1,120,'2024-09-16 00:00:00',NULL,1359,35,1),(1405,2023,'2023-04-12 15:32:33',1,120,'2024-09-16 00:00:00',NULL,1360,35,1),(1406,2023,'2023-04-12 15:34:02',1,120,'2024-09-16 00:00:00',NULL,1361,35,1),(1407,2023,'2023-04-12 15:35:29',1,120,'2024-09-16 00:00:00',NULL,1362,35,1),(1408,2023,'2023-04-12 16:31:01',1,120,'2024-09-16 00:00:00',NULL,1363,35,1),(1409,2023,'2023-04-12 16:34:18',1,120,'2024-09-16 00:00:00',NULL,1364,35,1),(1410,2023,'2023-04-12 16:35:20',1,120,'2024-09-16 00:00:00',NULL,1365,35,1),(1411,2023,'2023-04-12 16:37:24',1,120,'2024-09-16 00:00:00',NULL,1366,35,1),(1412,2023,'2023-04-12 16:46:30',1,120,'2024-09-16 00:00:00',NULL,1367,35,1),(1413,2023,'2023-04-12 17:38:58',1,120,'2024-09-16 00:00:00',NULL,1368,35,1),(1414,2023,'2023-04-12 17:39:32',1,120,'2024-09-16 00:00:00',NULL,1369,35,1),(1415,2023,'2023-04-12 17:40:06',1,120,'2024-09-16 00:00:00',NULL,1370,35,1),(1416,2023,'2023-04-12 17:41:25',1,120,'2024-09-16 00:00:00',NULL,1371,35,1),(1417,2023,'2023-04-12 17:43:29',1,120,'2024-09-16 00:00:00',NULL,1372,35,1),(1418,2023,'2023-04-12 17:44:12',1,120,'2024-09-16 00:00:00',NULL,1373,35,1),(1419,2023,'2023-04-12 17:45:21',1,120,'2024-09-16 00:00:00',NULL,1374,35,1),(1420,2023,'2023-04-12 17:47:55',1,120,'2024-09-16 00:00:00',NULL,1375,35,1),(1421,2023,'2023-04-12 17:48:28',1,120,'2024-09-16 00:00:00',NULL,1376,35,1),(1422,2023,'2023-04-12 17:49:23',1,120,'2024-09-16 00:00:00',NULL,1377,35,1),(1423,2023,'2023-04-12 17:49:55',1,120,'2024-09-16 00:00:00',NULL,1378,35,1),(1424,2023,'2023-04-12 17:50:36',1,120,'2024-09-16 00:00:00',NULL,1379,35,1),(1425,2023,'2023-04-12 17:51:05',1,120,'2024-09-16 00:00:00',NULL,1380,35,1),(1426,2023,'2023-04-12 17:51:43',1,120,'2024-09-16 00:00:00',NULL,1381,35,1),(1427,2023,'2023-04-12 17:52:20',1,120,'2024-09-16 00:00:00',NULL,1382,35,1),(1428,2023,'2023-04-12 17:52:51',1,120,'2024-09-16 00:00:00',NULL,1383,35,1),(1429,2023,'2023-04-12 17:53:19',1,120,'2024-09-16 00:00:00',NULL,1384,35,1),(1430,2023,'2023-04-12 17:56:25',1,120,'2024-09-16 00:00:00',NULL,1385,35,1),(1431,2023,'2023-04-12 17:57:05',1,120,'2024-09-16 00:00:00',NULL,1386,35,1),(1432,2023,'2023-04-12 17:58:01',1,120,'2024-09-16 00:00:00',NULL,1387,35,1),(1433,2023,'2023-04-12 17:58:33',1,120,'2024-09-16 00:00:00',NULL,1388,35,1),(1434,2023,'2023-04-12 17:59:04',1,120,'2024-09-16 00:00:00',NULL,1389,35,1),(1435,2023,'2023-04-12 18:00:02',1,120,'2024-09-16 00:00:00',NULL,1390,35,1),(1436,2023,'2023-04-12 18:00:25',1,120,'2024-09-16 00:00:00',NULL,1391,35,1),(1437,2023,'2023-04-12 18:01:38',1,120,'2024-09-16 00:00:00',NULL,1392,35,1),(1438,2023,'2023-04-12 18:02:08',1,120,'2024-09-16 00:00:00',NULL,1393,35,1),(1439,2023,'2023-04-12 18:04:50',1,120,'2024-09-16 00:00:00',NULL,1394,35,1),(1440,2023,'2023-04-12 18:05:16',1,120,'2024-09-16 00:00:00',NULL,1395,35,1),(1441,2023,'2023-04-12 18:05:57',1,120,'2024-09-16 00:00:00',NULL,1396,35,1),(1442,2023,'2023-04-12 18:08:39',1,120,'2024-09-16 00:00:00',NULL,1397,35,1),(1443,2023,'2023-04-12 18:09:06',1,120,'2024-09-16 00:00:00',NULL,1398,35,1),(1444,2023,'2023-04-12 18:09:39',1,120,'2024-09-16 00:00:00',NULL,1399,35,1),(1445,2023,'2023-04-12 18:12:09',1,120,'2024-09-16 00:00:00',NULL,1400,35,1),(1446,2023,'2023-04-13 08:47:43',2,100,'2024-09-16 00:00:00',NULL,1401,35,1),(1447,2023,'2023-04-13 10:33:12',1,120,'2024-09-16 00:00:00',NULL,1402,35,1),(1448,2023,'2023-04-13 10:35:40',2,100,'2024-09-16 00:00:00',NULL,1403,35,1),(1449,2023,'2023-04-13 10:41:34',1,120,'2024-09-16 00:00:00',NULL,1404,35,1),(1450,2023,'2023-04-13 10:55:02',1,120,'2024-09-16 00:00:00',NULL,1405,35,1),(1451,2023,'2023-04-13 10:55:37',1,120,'2024-09-16 00:00:00',NULL,1406,35,1),(1452,2023,'2023-04-13 10:57:53',1,120,'2024-09-16 00:00:00',NULL,1407,35,1),(1453,2023,'2023-04-13 10:58:38',1,120,'2024-09-16 00:00:00',NULL,1408,35,1),(1454,2023,'2023-04-13 10:59:30',1,120,'2024-09-16 00:00:00',NULL,1409,35,1),(1455,2023,'2023-04-13 11:00:43',1,120,'2024-09-16 00:00:00',NULL,1410,35,1),(1456,2023,'2023-04-13 11:02:23',1,120,'2024-09-16 00:00:00',NULL,1411,35,1),(1457,2023,'2023-04-13 11:02:54',1,120,'2024-09-16 00:00:00',NULL,1412,35,1),(1458,2023,'2023-04-13 11:16:47',1,120,'2024-09-16 00:00:00',NULL,1413,35,1),(1459,2023,'2023-04-13 11:17:30',1,120,'2024-09-16 00:00:00',NULL,1414,35,1),(1460,2023,'2023-04-13 11:18:10',1,120,'2024-09-16 00:00:00',NULL,1415,35,1),(1461,2023,'2023-04-13 11:18:58',1,120,'2024-09-16 00:00:00',NULL,1416,35,1),(1462,2023,'2023-04-13 11:20:06',1,120,'2024-09-16 00:00:00',NULL,1417,35,1),(1463,2023,'2023-04-13 11:20:46',1,120,'2024-09-16 00:00:00',NULL,1418,35,1),(1464,2023,'2023-04-13 11:21:47',1,120,'2024-09-16 00:00:00',NULL,1419,35,1),(1465,2023,'2023-04-13 11:49:18',1,120,'2024-09-16 00:00:00',NULL,1420,35,1),(1466,2023,'2023-04-13 11:50:36',1,120,'2024-09-16 00:00:00',NULL,1421,35,1),(1467,2023,'2023-04-13 11:51:46',1,120,'2024-09-16 00:00:00',NULL,1422,35,1),(1468,2023,'2023-04-13 11:57:06',1,120,'2024-09-16 00:00:00',NULL,1423,35,1),(1469,2023,'2023-04-13 11:57:46',1,120,'2024-09-16 00:00:00',NULL,1424,35,1),(1470,2023,'2023-04-13 11:58:14',1,120,'2024-09-16 00:00:00',NULL,1425,35,1),(1471,2023,'2023-04-13 11:59:01',1,120,'2024-09-16 00:00:00',NULL,1426,35,1),(1472,2023,'2023-04-13 12:00:33',1,120,'2024-09-16 00:00:00',NULL,1427,35,1),(1473,2023,'2023-04-13 12:01:20',1,120,'2024-09-16 00:00:00',NULL,1428,35,1),(1474,2023,'2023-04-13 12:02:10',1,120,'2024-09-16 00:00:00',NULL,1429,35,1),(1475,2023,'2023-04-13 12:03:26',1,120,'2024-09-16 00:00:00',NULL,1430,35,1),(1476,2023,'2023-04-13 12:04:55',1,120,'2024-09-16 00:00:00',NULL,1431,35,1),(1477,2023,'2023-04-13 12:35:46',2,100,'2024-09-16 00:00:00',NULL,1432,35,1),(1478,2023,'2023-04-13 12:36:19',2,100,'2024-09-16 00:00:00',NULL,1433,35,1),(1479,2023,'2023-04-14 07:44:31',2,100,'2024-09-16 00:00:00',NULL,1434,35,1),(1480,2023,'2023-04-14 08:28:41',2,100,'2024-09-16 00:00:00',NULL,1435,35,1),(1481,2023,'2023-04-17 09:08:27',2,120,'2024-09-16 00:00:00',NULL,1436,35,1),(1482,2023,'2023-04-17 09:09:53',2,120,'2024-09-16 00:00:00',NULL,1437,35,1),(1483,2023,'2023-04-17 09:10:55',2,120,'2024-09-16 00:00:00',NULL,1438,35,1),(1484,2023,'2023-04-17 16:17:14',2,100,'2024-09-16 00:00:00',NULL,1439,35,1),(1485,2023,'2023-04-17 16:21:22',2,100,'2024-09-16 00:00:00',NULL,1440,35,1),(1486,2023,'2023-04-18 08:53:47',2,100,'2024-09-16 00:00:00',NULL,1441,35,1),(1487,2023,'2023-04-18 11:36:18',2,120,'2024-09-16 00:00:00',NULL,1442,35,1),(1488,2023,'2023-04-18 11:48:24',2,100,'2024-09-16 00:00:00',NULL,1443,35,1),(1489,2023,'2023-04-18 11:48:51',2,100,'2024-09-16 00:00:00',NULL,1444,35,1),(1490,2023,'2023-04-18 11:51:33',2,100,'2024-09-16 00:00:00',NULL,1445,35,1),(1491,2023,'2023-04-18 12:42:28',2,100,'2024-09-16 00:00:00',NULL,1446,35,1),(1492,2023,'2023-04-18 15:05:36',2,100,'2024-09-16 00:00:00',NULL,1447,35,1),(1493,2023,'2023-04-18 15:06:04',2,100,'2024-09-16 00:00:00',NULL,1448,35,1),(1494,2023,'2023-04-18 15:55:11',1,100,'2024-09-16 00:00:00',NULL,1449,35,1),(1495,2023,'2023-04-19 08:44:20',2,100,'2024-09-16 00:00:00',NULL,1450,35,1),(1496,2023,'2023-04-19 11:49:54',2,100,'2024-09-16 00:00:00',NULL,1451,35,1),(1497,2023,'2023-04-19 11:49:36',2,100,'2024-09-16 00:00:00',NULL,1452,35,1),(1498,2023,'2023-04-19 12:04:08',2,100,'2024-09-16 00:00:00',NULL,1453,35,1),(1499,2023,'2023-04-19 14:01:30',2,100,'2024-09-16 00:00:00',NULL,1454,35,1),(1500,2023,'2023-04-19 14:01:56',2,100,'2024-09-16 00:00:00',NULL,1455,35,1),(1501,2023,'2023-04-20 09:02:41',2,100,'2024-09-16 00:00:00',NULL,1456,35,1),(1502,2023,'2023-04-20 09:08:17',2,100,'2024-09-16 00:00:00',NULL,1457,35,1),(1503,2023,'2023-04-20 09:11:20',2,120,'2024-09-16 00:00:00',NULL,1458,35,1),(1504,2023,'2023-04-20 09:47:14',2,100,'2024-09-16 00:00:00',NULL,1459,35,1),(1505,2023,'2023-04-20 11:07:13',2,100,'2024-09-16 00:00:00',NULL,1460,35,1),(1506,2023,'2023-04-20 12:25:58',2,100,'2024-09-16 00:00:00',NULL,1461,35,1),(1507,2023,'2023-04-20 12:42:54',2,100,'2024-09-16 00:00:00',NULL,1462,35,1),(1508,2023,'2023-04-21 08:18:46',2,100,'2024-09-16 00:00:00',NULL,1463,35,1),(1509,2023,'2023-04-21 08:34:15',2,100,'2024-09-16 00:00:00',NULL,1464,35,1),(1510,2023,'2023-04-21 09:30:19',2,100,'2024-09-16 00:00:00',NULL,1465,35,1),(1511,2023,'2023-04-21 09:30:54',2,100,'2024-09-16 00:00:00',NULL,1466,35,1),(1512,2023,'2023-04-21 13:05:32',2,100,'2024-09-16 00:00:00',NULL,1467,35,1),(1513,2023,'2023-04-22 12:31:08',2,100,'2024-09-16 00:00:00',NULL,1468,26,1),(1514,2023,'2023-04-24 08:20:44',2,100,'2024-09-16 00:00:00',NULL,1469,35,1),(1515,2023,'2023-04-24 11:39:22',2,100,'2024-09-16 00:00:00',NULL,1470,35,1),(1516,2023,'2023-04-24 11:39:55',2,100,'2024-09-16 00:00:00',NULL,1471,35,1),(1517,2023,'2023-04-24 11:43:27',2,100,'2024-09-16 00:00:00',NULL,1472,35,1),(1518,2023,'2023-04-24 12:36:11',2,100,'2024-09-16 00:00:00',NULL,1473,35,1),(1519,2023,'2023-04-24 14:39:44',2,100,'2024-09-16 00:00:00',NULL,1474,35,1),(1520,2023,'2023-04-24 14:40:22',2,100,'2024-09-16 00:00:00',NULL,1475,35,1),(1521,2023,'2023-04-24 15:47:25',2,100,'2024-09-16 00:00:00',NULL,1476,26,1),(1522,2023,'2023-04-24 15:47:55',2,100,'2024-09-16 00:00:00',NULL,1477,26,1),(1523,2023,'2023-04-24 18:15:24',2,130,'2024-09-16 00:00:00',NULL,1478,35,1),(1524,2023,'2023-04-25 12:12:31',2,100,'2024-09-16 00:00:00',NULL,1479,35,1),(1525,2023,'2023-04-25 12:49:35',2,100,'2024-09-16 00:00:00',NULL,1480,35,1),(1526,2023,'2023-04-25 15:08:58',2,200,'2024-09-16 00:00:00',NULL,1481,35,1),(1527,2023,'2023-04-25 15:09:56',2,200,'2024-09-16 00:00:00',NULL,1482,35,1),(1528,2023,'2023-04-25 15:10:34',2,200,'2024-09-16 00:00:00',NULL,1483,35,1),(1529,2023,'2023-04-26 12:52:14',2,100,'2024-09-16 00:00:00',NULL,1484,35,1),(1530,2023,'2023-04-26 12:53:20',2,100,'2024-09-16 00:00:00',NULL,1485,35,1),(1531,2023,'2023-04-27 08:49:15',2,100,'2024-09-16 00:00:00',NULL,1486,35,1),(1532,2023,'2023-04-27 08:58:08',2,100,'2024-09-16 00:00:00',NULL,1487,35,1),(1533,2023,'2023-04-27 08:59:23',2,100,'2024-09-16 00:00:00',NULL,1488,35,1),(1534,2023,'2023-04-27 12:14:08',2,100,'2024-09-16 00:00:00',NULL,1489,35,1),(1535,2023,'2023-04-27 12:19:21',2,100,'2024-09-16 00:00:00',NULL,1490,35,1),(1536,2023,'2023-04-27 12:27:42',2,100,'2024-09-16 00:00:00',NULL,1491,35,1),(1537,2023,'2023-04-27 15:23:02',2,100,'2024-09-16 00:00:00',NULL,1492,35,1),(1538,2023,'2023-04-28 12:59:17',2,120,'2024-09-16 00:00:00',NULL,1493,35,1),(1539,2023,'2023-05-02 08:32:29',2,100,'2024-09-16 00:00:00',NULL,1494,35,1),(1540,2023,'2023-05-02 08:36:19',2,100,'2024-09-16 00:00:00',NULL,1495,35,1),(1541,2023,'2023-05-02 09:39:54',2,100,'2024-09-16 00:00:00',NULL,1496,35,1),(1542,2023,'2023-05-02 09:40:33',2,100,'2024-09-16 00:00:00',NULL,1497,35,1),(1543,2023,'2023-05-02 11:33:00',2,100,'2024-09-16 00:00:00',NULL,1498,35,1),(1544,2023,'2023-05-02 13:38:51',2,100,'2024-09-16 00:00:00',NULL,1499,26,1),(1545,2023,'2023-05-02 17:09:09',2,100,'2024-09-16 00:00:00',NULL,1500,35,1),(1546,2023,'2023-05-02 18:29:57',2,100,'2024-09-16 00:00:00',NULL,1501,26,1),(1547,2023,'2023-05-03 09:01:27',2,100,'2024-09-16 00:00:00',NULL,1502,35,1),(1548,2023,'2023-05-03 09:06:10',2,100,'2024-09-16 00:00:00',NULL,1503,35,1),(1549,2023,'2023-05-03 13:22:39',2,100,'2024-09-16 00:00:00',NULL,1504,35,1),(1550,2023,'2023-05-03 13:32:39',2,200,'2024-09-16 00:00:00',NULL,1505,35,1),(1551,2023,'2023-05-03 15:15:13',2,100,'2024-09-16 00:00:00',NULL,1506,35,1),(1552,2023,'2023-05-03 15:49:40',2,100,'2024-09-16 00:00:00',NULL,1507,26,1),(1553,2023,'2023-05-04 10:42:27',2,100,'2024-09-16 00:00:00',NULL,1508,35,1),(1554,2023,'2023-05-04 12:10:01',2,100,'2024-09-16 00:00:00',NULL,1509,35,1),(1555,2023,'2023-05-04 14:37:47',2,100,'2024-09-16 00:00:00',NULL,1510,35,1),(1556,2023,'2023-05-04 15:53:41',2,100,'2024-09-16 00:00:00',NULL,1511,35,1),(1557,2023,'2023-05-04 17:49:07',2,100,'2024-09-16 00:00:00',NULL,1512,35,1),(1558,2023,'2023-05-04 17:49:48',2,100,'2024-09-16 00:00:00',NULL,1513,35,1),(1559,2023,'2023-05-04 17:53:17',2,100,'2024-09-16 00:00:00',NULL,1514,35,1),(1560,2023,'2023-05-04 18:13:14',2,100,'2024-09-16 00:00:00',NULL,1515,35,1),(1561,2023,'2023-05-05 10:26:47',2,100,'2024-09-16 00:00:00',NULL,1516,35,1),(1562,2023,'2023-05-05 10:28:50',2,100,'2024-09-16 00:00:00',NULL,1517,35,1),(1563,2023,'2023-05-05 10:31:20',2,100,'2024-09-16 00:00:00',NULL,1518,35,1),(1564,2023,'2023-05-05 10:31:43',2,100,'2024-09-16 00:00:00',NULL,1519,35,1),(1565,2023,'2023-05-05 10:34:28',2,100,'2024-09-16 00:00:00',NULL,1520,35,1),(1566,2023,'2023-05-05 12:17:41',2,100,'2024-09-16 00:00:00',NULL,1521,35,1),(1567,2023,'2023-05-05 12:44:13',2,100,'2024-09-16 00:00:00',NULL,1522,35,1),(1568,2023,'2023-05-05 13:43:49',2,100,'2024-09-16 00:00:00',NULL,1523,35,1),(1569,2023,'2023-05-05 13:44:22',2,100,'2024-09-16 00:00:00',NULL,1524,35,1),(1570,2023,'2023-05-05 13:49:15',2,100,'2024-09-16 00:00:00',NULL,1525,35,1),(1571,2023,'2023-05-05 13:50:56',2,100,'2024-09-16 00:00:00',NULL,1526,35,1),(1572,2023,'2023-05-05 16:32:48',2,100,'2024-09-16 00:00:00',NULL,1527,26,1),(1573,2023,'2023-05-05 16:43:16',2,100,'2024-09-16 00:00:00',NULL,1528,35,1),(1574,2023,'2023-05-05 16:48:36',2,100,'2024-09-16 00:00:00',NULL,1529,35,1),(1575,2023,'2023-05-05 16:54:55',2,100,'2024-09-16 00:00:00',NULL,1530,35,1),(1576,2023,'2023-05-05 16:56:36',2,100,'2024-09-16 00:00:00',NULL,1531,35,1),(1577,2023,'2023-05-06 09:05:43',2,100,'2024-09-16 00:00:00',NULL,1532,35,1),(1578,2023,'2023-05-06 09:08:10',2,100,'2024-09-16 00:00:00',NULL,1533,35,1),(1579,2023,'2023-05-06 11:24:34',2,100,'2024-09-16 00:00:00',NULL,1534,35,1),(1580,2023,'2023-05-06 11:25:06',2,100,'2024-09-16 00:00:00',NULL,1535,35,1),(1581,2023,'2023-05-06 11:25:46',2,100,'2024-09-16 00:00:00',NULL,1536,35,1),(1582,2023,'2023-05-08 09:54:15',2,100,'2024-09-16 00:00:00',NULL,1537,35,1),(1583,2023,'2023-05-08 09:57:30',2,100,'2024-09-16 00:00:00',NULL,1538,35,1),(1584,2023,'2023-05-08 15:42:24',2,100,'2024-09-16 00:00:00',NULL,1539,26,1),(1585,2023,'2023-05-08 16:04:19',2,100,'2024-09-16 00:00:00',NULL,1540,26,1),(1586,2023,'2023-05-08 16:38:28',2,100,'2024-09-16 00:00:00',NULL,1541,26,1),(1587,2023,'2023-05-08 17:29:01',2,100,'2024-09-16 00:00:00',NULL,1542,26,1),(1588,2023,'2023-05-08 18:29:15',2,100,'2024-09-16 00:00:00',NULL,1543,26,1),(1589,2023,'2023-05-09 08:28:09',2,100,'2024-09-16 00:00:00',NULL,1544,35,1),(1590,2023,'2023-05-09 08:43:07',2,100,'2024-09-16 00:00:00',NULL,1545,35,1),(1591,2023,'2023-05-09 09:52:53',2,100,'2024-09-16 00:00:00',NULL,1546,35,1),(1592,2023,'2023-05-09 09:54:05',2,100,'2024-09-16 00:00:00',NULL,1547,35,1),(1593,2023,'2023-05-09 11:53:32',2,100,'2024-09-16 00:00:00',NULL,1548,35,1),(1594,2023,'2023-05-09 11:54:02',2,100,'2024-09-16 00:00:00',NULL,1549,35,1),(1595,2023,'2023-05-09 11:54:31',2,100,'2024-09-16 00:00:00',NULL,1550,35,1),(1596,2023,'2023-05-09 14:34:48',2,100,'2024-09-16 00:00:00',NULL,1551,35,1),(1597,2023,'2023-05-09 14:40:27',2,100,'2024-09-16 00:00:00',NULL,1552,35,1),(1598,2023,'2023-05-09 14:41:03',2,100,'2024-09-16 00:00:00',NULL,1553,35,1),(1599,2023,'2023-05-09 14:45:48',2,100,'2024-09-16 00:00:00',NULL,1554,35,1),(1600,2023,'2023-05-09 17:20:43',2,100,'2024-09-16 00:00:00',NULL,1555,35,1),(1601,2023,'2023-05-09 17:23:51',2,100,'2024-09-16 00:00:00',NULL,1556,35,1),(1602,2023,'2023-05-10 08:44:06',2,100,'2024-09-16 00:00:00',NULL,1557,35,1),(1603,2023,'2023-05-10 08:47:46',2,100,'2024-09-16 00:00:00',NULL,1558,35,1),(1604,2023,'2023-05-10 09:05:45',2,100,'2024-09-16 00:00:00',NULL,1559,35,1),(1605,2023,'2023-05-10 16:35:56',2,100,'2024-09-16 00:00:00',NULL,1560,35,1),(1606,2023,'2023-05-11 09:05:55',2,100,'2024-09-16 00:00:00',NULL,1561,35,1),(1607,2023,'2023-05-11 09:08:01',2,100,'2024-09-16 00:00:00',NULL,1562,35,1),(1608,2023,'2023-05-11 10:15:52',2,100,'2024-09-16 00:00:00',NULL,1563,35,1),(1609,2023,'2023-05-11 10:16:22',2,100,'2024-09-16 00:00:00',NULL,1564,35,1),(1610,2023,'2023-05-11 18:20:50',2,100,'2024-09-16 00:00:00',NULL,1565,35,1),(1611,2023,'2023-05-12 08:44:56',2,100,'2024-09-16 00:00:00',NULL,1566,35,1),(1612,2023,'2023-05-12 08:48:18',2,100,'2024-09-16 00:00:00',NULL,1567,35,1),(1613,2023,'2023-05-12 15:21:49',2,100,'2024-09-16 00:00:00',NULL,1568,26,1),(1614,2023,'2023-05-13 10:27:10',2,100,'2024-09-16 00:00:00',NULL,1569,35,1),(1615,2023,'2023-05-13 10:31:02',2,100,'2024-09-16 00:00:00',NULL,1570,35,1),(1616,2023,'2023-05-13 12:00:37',2,100,'2024-09-16 00:00:00',NULL,1571,35,1),(1617,2023,'2023-05-15 13:40:38',2,100,'2024-09-16 00:00:00',NULL,1572,35,1),(1618,2023,'2023-05-15 17:01:42',2,100,'2024-09-16 00:00:00',NULL,1573,35,1),(1619,2023,'2023-05-15 17:02:10',2,100,'2024-09-16 00:00:00',NULL,1574,35,1),(1620,2023,'2023-05-15 17:04:42',2,100,'2024-09-16 00:00:00',NULL,1575,35,1),(1621,2023,'2023-05-15 17:05:11',2,100,'2024-09-16 00:00:00',NULL,1576,35,1),(1622,2023,'2023-05-15 17:23:27',2,100,'2024-09-16 00:00:00',NULL,1577,35,1),(1623,2023,'2023-05-16 11:12:43',2,100,'2024-09-16 00:00:00',NULL,1578,35,1),(1624,2023,'2023-05-16 11:55:34',2,100,'2024-09-16 00:00:00',NULL,1579,35,1),(1625,2023,'2023-05-16 12:56:55',2,100,'2024-09-16 00:00:00',NULL,1580,35,1),(1626,2023,'2023-05-16 13:00:46',2,100,'2024-09-16 00:00:00',NULL,1581,35,1),(1627,2023,'2023-05-16 16:50:00',2,100,'2024-09-16 00:00:00',NULL,1582,35,1),(1628,2023,'2023-05-16 18:15:19',2,100,'2024-09-16 00:00:00',NULL,1583,35,1),(1629,2023,'2023-05-16 18:15:48',2,100,'2024-09-16 00:00:00',NULL,1584,35,1),(1630,2023,'2023-05-17 08:38:49',2,100,'2024-09-16 00:00:00',NULL,1585,35,1),(1631,2023,'2023-05-17 08:39:17',2,100,'2024-09-16 00:00:00',NULL,1586,35,1),(1632,2023,'2023-05-17 08:59:21',2,100,'2024-09-16 00:00:00',NULL,1587,35,1),(1633,2023,'2023-05-17 18:26:09',2,100,'2024-09-16 00:00:00',NULL,1588,26,1),(1634,2023,'2023-05-18 09:56:12',1,100,'2024-09-16 00:00:00',NULL,1589,35,1),(1635,2023,'2023-05-18 11:31:39',2,100,'2024-09-16 00:00:00',NULL,1590,35,1),(1636,2023,'2023-05-18 11:55:30',2,100,'2024-09-16 00:00:00',NULL,1591,35,1),(1637,2023,'2023-05-18 12:53:16',2,100,'2024-09-16 00:00:00',NULL,1592,35,1),(1638,2023,'2023-05-18 15:22:54',2,100,'2024-09-16 00:00:00',NULL,1593,35,1),(1639,2023,'2023-05-18 15:23:24',2,100,'2024-09-16 00:00:00',NULL,1594,35,1),(1640,2023,'2023-05-18 15:54:07',2,100,'2024-09-16 00:00:00',NULL,1595,35,1),(1641,2023,'2023-05-18 15:54:46',2,100,'2024-09-16 00:00:00',NULL,1596,35,1),(1642,2023,'2023-05-18 16:59:01',2,100,'2024-09-16 00:00:00',NULL,1597,35,1),(1643,2023,'2023-05-18 18:51:14',2,100,'2024-09-16 00:00:00',NULL,1598,26,1),(1644,2023,'2023-05-18 18:51:32',2,100,'2024-09-16 00:00:00',NULL,1599,26,1),(1645,2023,'2023-05-19 18:03:43',2,100,'2024-09-16 00:00:00',NULL,1600,26,1),(1646,2023,'2023-05-20 08:34:15',2,100,'2024-09-16 00:00:00',NULL,1601,35,1),(1647,2023,'2023-05-20 08:56:45',2,100,'2024-09-16 00:00:00',NULL,1602,35,1),(1648,2023,'2023-05-20 09:04:25',2,100,'2024-09-16 00:00:00',NULL,1603,35,1),(1649,2023,'2023-05-20 10:49:31',2,100,'2024-09-16 00:00:00',NULL,1604,35,1),(1650,2023,'2023-05-20 11:32:45',2,100,'2024-09-16 00:00:00',NULL,1605,35,1),(1651,2023,'2023-05-20 11:33:13',2,100,'2024-09-16 00:00:00',NULL,1606,35,1),(1652,2023,'2023-05-20 12:13:40',2,100,'2024-09-16 00:00:00',NULL,1607,35,1),(1653,2023,'2023-05-22 08:40:33',2,100,'2024-09-16 00:00:00',NULL,1608,35,1),(1654,2023,'2023-05-22 09:01:24',2,100,'2024-09-16 00:00:00',NULL,1609,35,1),(1655,2023,'2023-05-22 10:18:12',2,100,'2024-09-16 00:00:00',NULL,1610,35,1),(1656,2023,'2023-05-22 10:21:27',2,100,'2024-09-16 00:00:00',NULL,1611,35,1),(1657,2023,'2023-05-23 09:17:52',2,150,'2024-09-16 00:00:00',NULL,1612,35,1),(1658,2023,'2023-05-23 10:24:01',2,100,'2024-09-16 00:00:00',NULL,1613,35,1),(1659,2023,'2023-05-23 12:46:45',2,130,'2024-09-16 00:00:00',NULL,1614,26,1),(1660,2023,'2023-05-23 15:15:59',2,100,'2024-09-16 00:00:00',NULL,1615,35,1),(1661,2023,'2023-05-23 16:18:57',2,100,'2024-09-16 00:00:00',NULL,1616,35,1),(1662,2023,'2023-05-23 16:22:34',2,100,'2024-09-16 00:00:00',NULL,1617,35,1),(1663,2023,'2023-05-23 17:12:47',2,100,'2024-09-16 00:00:00',NULL,1618,35,1),(1664,2023,'2023-05-24 08:02:51',2,100,'2024-09-16 00:00:00',NULL,1619,35,1),(1665,2023,'2023-05-24 10:04:29',2,100,'2024-09-16 00:00:00',NULL,1620,35,1),(1666,2023,'2023-05-25 15:49:04',2,100,'2024-09-16 00:00:00',NULL,1621,35,1),(1667,2023,'2023-05-25 17:56:04',2,100,'2024-09-16 00:00:00',NULL,1622,35,1),(1668,2023,'2023-05-26 08:19:32',2,100,'2024-09-16 00:00:00',NULL,1623,35,1),(1669,2023,'2023-05-26 08:26:21',2,100,'2024-09-16 00:00:00',NULL,1624,35,1),(1670,2023,'2023-05-26 10:13:02',2,100,'2024-09-16 00:00:00',NULL,1625,35,1),(1671,2023,'2023-05-26 14:25:45',2,100,'2024-09-16 00:00:00',NULL,1626,35,1),(1672,2023,'2023-05-26 14:49:34',2,100,'2024-09-16 00:00:00',NULL,1627,35,1),(1673,2023,'2023-05-30 14:31:02',2,100,'2024-09-16 00:00:00',NULL,1628,35,1),(1674,2023,'2023-05-30 17:04:01',1,120,'2024-09-16 00:00:00',NULL,1629,35,1),(1675,2023,'2023-05-30 17:04:31',1,120,'2024-09-16 00:00:00',NULL,1630,35,1),(1676,2023,'2023-05-30 17:04:52',1,120,'2024-09-16 00:00:00',NULL,1631,35,1),(1677,2023,'2023-05-30 17:05:20',1,120,'2024-09-16 00:00:00',NULL,1632,35,1),(1678,2023,'2023-05-30 17:07:07',1,120,'2024-09-16 00:00:00',NULL,1633,35,1),(1679,2023,'2023-05-30 17:07:45',1,120,'2024-09-16 00:00:00',NULL,1634,35,1),(1680,2023,'2023-05-30 17:08:21',1,120,'2024-09-16 00:00:00',NULL,1635,35,1),(1681,2023,'2023-05-30 17:14:21',1,120,'2024-09-16 00:00:00',NULL,1636,35,1),(1682,2023,'2023-05-30 17:14:56',1,120,'2024-09-16 00:00:00',NULL,1637,35,1),(1683,2023,'2023-05-30 17:15:26',1,120,'2024-09-16 00:00:00',NULL,1638,35,1),(1684,2023,'2023-05-30 17:15:53',1,120,'2024-09-16 00:00:00',NULL,1639,35,1),(1685,2023,'2023-05-30 17:21:11',2,100,'2024-09-16 00:00:00',NULL,1640,35,1),(1686,2023,'2023-05-30 17:21:38',2,100,'2024-09-16 00:00:00',NULL,1641,35,1),(1687,2023,'2023-05-31 16:00:44',2,100,'2024-09-16 00:00:00',NULL,1642,35,1),(1688,2023,'2023-05-31 16:01:20',2,100,'2024-09-16 00:00:00',NULL,1643,35,1),(1689,2023,'2023-05-31 17:41:06',2,100,'2024-09-16 00:00:00',NULL,1644,35,1),(1690,2023,'2023-06-01 09:43:49',2,100,'2024-09-16 00:00:00',NULL,1645,35,1),(1691,2023,'2023-06-01 10:20:41',2,100,'2024-09-16 00:00:00',NULL,1646,35,1),(1692,2023,'2023-06-01 15:54:46',2,100,'2024-09-16 00:00:00',NULL,1647,35,1),(1693,2023,'2023-06-01 18:01:41',2,100,'2024-09-16 00:00:00',NULL,1648,26,1),(1694,2023,'2023-06-01 18:18:20',2,100,'2024-09-16 00:00:00',NULL,1649,35,1),(1695,2023,'2023-06-01 18:18:48',2,100,'2024-09-16 00:00:00',NULL,1650,35,1),(1696,2023,'2023-06-01 18:19:24',2,100,'2024-09-16 00:00:00',NULL,1651,35,1),(1697,2023,'2023-06-01 18:19:54',2,100,'2024-09-16 00:00:00',NULL,1652,35,1),(1698,2023,'2023-06-02 11:38:20',2,100,'2024-09-16 00:00:00',NULL,1653,35,1),(1699,2023,'2023-06-02 13:09:03',2,100,'2024-09-16 00:00:00',NULL,1654,35,1),(1700,2023,'2023-06-02 13:10:11',2,100,'2024-09-16 00:00:00',NULL,1655,35,1),(1701,2023,'2023-06-02 13:19:33',2,100,'2024-09-16 00:00:00',NULL,1656,35,1),(1702,2023,'2023-06-03 09:50:54',2,100,'2024-09-16 00:00:00',NULL,1657,35,1),(1703,2023,'2023-06-03 10:37:14',2,100,'2024-09-16 00:00:00',NULL,1658,35,1),(1704,2023,'2023-06-06 09:21:57',2,100,'2024-09-16 00:00:00',NULL,1659,35,1),(1705,2023,'2023-06-06 17:11:38',2,100,'2024-09-16 00:00:00',NULL,1660,35,1),(1706,2023,'2023-06-07 07:31:07',2,100,'2024-09-16 00:00:00',NULL,1661,35,1),(1707,2023,'2023-06-07 09:32:45',2,100,'2024-09-16 00:00:00',NULL,1662,35,1),(1708,2023,'2023-06-09 13:44:52',2,100,'2024-09-16 00:00:00',NULL,1663,35,1),(1709,2023,'2023-06-09 15:18:13',2,130,'2024-09-16 00:00:00',NULL,1664,26,1),(1710,2023,'2023-06-12 09:24:50',2,100,'2024-09-16 00:00:00',NULL,1665,35,1),(1711,2023,'2023-06-12 13:47:20',2,100,'2024-09-16 00:00:00',NULL,1666,35,1),(1712,2023,'2023-06-12 14:54:57',2,100,'2024-09-16 00:00:00',NULL,1667,26,1),(1713,2023,'2023-06-13 09:10:17',2,100,'2024-09-16 00:00:00',NULL,1668,35,1),(1714,2023,'2023-06-13 09:12:35',2,100,'2024-09-16 00:00:00',NULL,1669,35,1),(1715,2023,'2023-06-13 12:09:53',2,100,'2024-09-16 00:00:00',NULL,1670,35,1),(1716,2023,'2023-06-14 09:22:27',2,100,'2024-09-16 00:00:00',NULL,1671,35,1),(1717,2023,'2023-06-14 09:42:46',2,100,'2024-09-16 00:00:00',NULL,1672,35,1),(1718,2023,'2023-06-14 09:43:29',2,100,'2024-09-16 00:00:00',NULL,1673,35,1),(1719,2023,'2023-06-14 09:44:14',2,100,'2024-09-16 00:00:00',NULL,1674,35,1),(1720,2023,'2023-06-15 11:02:07',2,100,'2024-09-16 00:00:00',NULL,1675,35,1),(1721,2023,'2023-06-15 11:07:54',2,100,'2024-09-16 00:00:00',NULL,1676,35,1),(1722,2023,'2023-06-16 08:42:10',2,100,'2024-09-16 00:00:00',NULL,1677,35,1),(1723,2023,'2023-06-16 08:42:58',2,100,'2024-09-16 00:00:00',NULL,1678,35,1),(1724,2023,'2023-06-19 09:19:42',2,130,'2024-09-16 00:00:00',NULL,1679,35,1),(1725,2023,'2023-06-19 13:14:36',2,100,'2024-09-16 00:00:00',NULL,1680,35,1),(1726,2023,'2023-06-19 13:18:38',2,100,'2024-09-16 00:00:00',NULL,1681,35,1),(1727,2023,'2023-06-19 13:21:56',2,100,'2024-09-16 00:00:00',NULL,1682,35,1),(1728,2023,'2023-06-19 13:59:35',2,100,'2024-09-16 00:00:00',NULL,1683,35,1),(1729,2023,'2023-06-19 14:02:31',2,100,'2024-09-16 00:00:00',NULL,1684,35,1),(1730,2023,'2023-06-19 14:04:11',2,100,'2024-09-16 00:00:00',NULL,1685,35,1),(1731,2023,'2023-06-19 14:05:36',2,100,'2024-09-16 00:00:00',NULL,1686,35,1),(1732,2023,'2023-06-19 15:07:22',2,100,'2024-09-16 00:00:00',NULL,1687,26,1),(1733,2023,'2023-06-19 15:08:49',2,100,'2024-09-16 00:00:00',NULL,1688,26,1),(1734,2023,'2023-06-19 15:16:33',2,100,'2024-09-16 00:00:00',NULL,1689,26,1),(1735,2023,'2023-06-19 15:18:48',2,100,'2024-09-16 00:00:00',NULL,1690,26,1),(1736,2023,'2023-06-19 15:21:31',2,100,'2024-09-16 00:00:00',NULL,1691,26,1),(1737,2023,'2023-06-19 15:23:20',2,100,'2024-09-16 00:00:00',NULL,1692,26,1),(1738,2023,'2023-06-19 15:29:08',2,100,'2024-09-16 00:00:00',NULL,1693,26,1),(1739,2023,'2023-06-19 16:13:27',2,100,'2024-09-16 00:00:00',NULL,1694,26,1),(1740,2023,'2023-06-19 16:14:46',2,100,'2024-09-16 00:00:00',NULL,1695,26,1),(1741,2023,'2023-06-20 08:10:12',2,100,'2024-09-16 00:00:00',NULL,1696,35,1),(1742,2023,'2023-06-20 08:20:40',2,100,'2024-09-16 00:00:00',NULL,1697,35,1),(1743,2023,'2023-06-20 08:24:05',2,100,'2024-09-16 00:00:00',NULL,1698,35,1),(1744,2023,'2023-06-20 08:25:32',2,100,'2024-09-16 00:00:00',NULL,1699,35,1),(1745,2023,'2023-06-20 08:26:34',2,100,'2024-09-16 00:00:00',NULL,1700,35,1),(1746,2023,'2023-06-20 10:17:37',2,100,'2024-09-16 00:00:00',NULL,1701,35,1),(1747,2023,'2023-06-20 10:19:05',2,100,'2024-09-16 00:00:00',NULL,1702,35,1),(1748,2023,'2023-06-20 10:22:18',2,100,'2024-09-16 00:00:00',NULL,1703,35,1),(1749,2023,'2023-06-20 10:24:02',2,100,'2024-09-16 00:00:00',NULL,1704,35,1),(1750,2023,'2023-06-20 11:47:58',2,100,'2024-09-16 00:00:00',NULL,1705,35,1),(1751,2023,'2023-06-20 11:53:00',2,100,'2024-09-16 00:00:00',NULL,1706,35,1),(1752,2023,'2023-06-20 11:56:31',2,100,'2024-09-16 00:00:00',NULL,1707,35,1),(1753,2023,'2023-06-20 12:04:56',2,100,'2024-09-16 00:00:00',NULL,1708,35,1),(1754,2023,'2023-06-20 14:01:50',2,100,'2024-09-16 00:00:00',NULL,1709,35,1),(1755,2023,'2023-06-20 14:34:51',2,100,'2024-09-16 00:00:00',NULL,1710,35,1),(1756,2023,'2023-06-20 17:25:25',2,100,'2024-09-16 00:00:00',NULL,1711,35,1),(1757,2023,'2023-06-20 18:13:59',2,100,'2024-09-16 00:00:00',NULL,1712,35,1),(1758,2023,'2023-06-20 18:15:36',2,100,'2024-09-16 00:00:00',NULL,1713,35,1),(1759,2023,'2023-06-22 07:57:47',2,100,'2024-09-16 00:00:00',NULL,1714,35,1),(1760,2023,'2023-06-22 08:00:05',2,100,'2024-09-16 00:00:00',NULL,1715,35,1),(1761,2023,'2023-06-22 08:10:26',2,100,'2024-09-16 00:00:00',NULL,1716,35,1),(1762,2023,'2023-06-22 08:39:19',2,100,'2024-09-16 00:00:00',NULL,1717,35,1),(1763,2023,'2023-06-22 08:43:27',2,100,'2024-09-16 00:00:00',NULL,1718,35,1),(1764,2023,'2023-06-22 10:01:38',2,100,'2024-09-16 00:00:00',NULL,1719,35,1),(1765,2023,'2023-06-22 10:09:55',2,100,'2024-09-16 00:00:00',NULL,1720,35,1),(1766,2023,'2023-06-22 10:14:02',2,100,'2024-09-16 00:00:00',NULL,1721,35,1),(1767,2023,'2023-06-22 10:15:19',2,100,'2024-09-16 00:00:00',NULL,1722,35,1),(1768,2023,'2023-06-22 15:08:53',2,100,'2024-09-16 00:00:00',NULL,1723,35,1),(1769,2023,'2023-06-22 15:10:06',2,100,'2024-09-16 00:00:00',NULL,1724,35,1),(1770,2023,'2023-06-22 16:28:57',2,100,'2024-09-16 00:00:00',NULL,1725,35,1),(1771,2023,'2023-06-22 16:30:55',2,100,'2024-09-16 00:00:00',NULL,1726,35,1),(1772,2023,'2023-06-22 16:34:39',2,100,'2024-09-16 00:00:00',NULL,1727,35,1),(1773,2023,'2023-06-22 16:35:26',2,100,'2024-09-16 00:00:00',NULL,1728,35,1),(1774,2023,'2023-06-23 09:31:11',2,100,'2024-09-16 00:00:00',NULL,1729,35,1),(1775,2023,'2023-06-23 09:31:52',2,100,'2024-09-16 00:00:00',NULL,1730,35,1),(1776,2023,'2023-06-23 09:32:39',2,100,'2024-09-16 00:00:00',NULL,1731,35,1),(1777,2023,'2023-06-26 11:05:45',2,100,'2024-09-16 00:00:00',NULL,1732,35,1),(1778,2023,'2023-06-27 09:15:54',2,100,'2024-09-16 00:00:00',NULL,1733,35,1),(1779,2023,'2023-06-27 09:21:34',2,100,'2024-09-16 00:00:00',NULL,1734,35,1),(1780,2023,'2023-06-27 09:28:16',2,100,'2024-09-16 00:00:00',NULL,1735,35,1),(1781,2023,'2023-06-27 09:29:03',2,100,'2024-09-16 00:00:00',NULL,1736,35,1),(1782,2023,'2023-06-27 09:40:41',2,100,'2024-09-16 00:00:00',NULL,1737,35,1),(1783,2023,'2023-06-27 09:43:55',2,100,'2024-09-16 00:00:00',NULL,1738,35,1),(1784,2023,'2023-06-27 10:13:27',2,100,'2024-09-16 00:00:00',NULL,1739,35,1),(1785,2023,'2023-06-27 10:19:02',2,100,'2024-09-16 00:00:00',NULL,1740,35,1),(1786,2023,'2023-06-27 10:25:17',2,100,'2024-09-16 00:00:00',NULL,1741,35,1),(1787,2023,'2023-06-27 10:35:57',2,100,'2024-09-16 00:00:00',NULL,1742,35,1),(1788,2023,'2023-06-27 10:37:14',2,100,'2024-09-16 00:00:00',NULL,1743,35,1),(1789,2023,'2023-06-27 12:05:53',2,100,'2024-09-16 00:00:00',NULL,1744,35,1),(1790,2023,'2023-06-27 13:43:50',2,100,'2024-09-16 00:00:00',NULL,1745,35,1),(1791,2023,'2023-06-27 14:08:40',2,100,'2024-09-16 00:00:00',NULL,1746,26,1),(1792,2023,'2023-06-27 15:04:47',2,100,'2024-09-16 00:00:00',NULL,1747,35,1),(1793,2023,'2023-06-27 15:10:07',2,100,'2024-09-16 00:00:00',NULL,1748,35,1),(1794,2023,'2023-06-28 11:10:39',2,100,'2024-09-16 00:00:00',NULL,1749,35,1),(1795,2023,'2023-06-28 12:04:35',2,100,'2024-09-16 00:00:00',NULL,1750,35,1),(1796,2023,'2023-06-28 14:36:22',2,100,'2024-09-16 00:00:00',NULL,1751,26,1),(1797,2023,'2023-06-28 15:13:46',2,100,'2024-09-16 00:00:00',NULL,1752,26,1),(1798,2023,'2023-06-28 16:35:41',2,100,'2024-09-16 00:00:00',NULL,1753,26,1),(1799,2023,'2023-06-29 08:25:27',2,100,'2024-09-16 00:00:00',NULL,1754,35,1),(1800,2023,'2023-06-29 08:28:19',2,100,'2024-09-16 00:00:00',NULL,1755,35,1),(1801,2023,'2023-06-29 08:59:31',2,100,'2024-09-16 00:00:00',NULL,1756,35,1),(1802,2023,'2023-06-29 15:14:41',2,100,'2024-09-16 00:00:00',NULL,1757,35,1),(1803,2023,'2023-06-29 15:15:13',2,100,'2024-09-16 00:00:00',NULL,1758,35,1),(1804,2023,'2023-06-29 15:30:13',2,100,'2024-09-16 00:00:00',NULL,1759,35,1),(1805,2023,'2023-07-01 08:32:15',2,100,'2024-09-16 00:00:00',NULL,1760,35,1),(1806,2023,'2023-07-05 09:50:51',1,140,'2024-09-16 00:00:00',NULL,1761,35,1),(1807,2023,'2023-07-05 09:56:28',1,140,'2024-09-16 00:00:00',NULL,1762,35,1),(1808,2023,'2023-07-05 10:10:30',1,140,'2024-09-16 00:00:00',NULL,1763,35,1),(1809,2023,'2023-07-05 11:25:28',1,140,'2024-09-16 00:00:00',NULL,1764,35,1),(1810,2023,'2023-07-05 11:25:54',1,140,'2024-09-16 00:00:00',NULL,1765,35,1),(1811,2023,'2023-07-05 11:26:24',1,140,'2024-09-16 00:00:00',NULL,1766,35,1),(1812,2023,'2023-07-05 11:26:50',1,140,'2024-09-16 00:00:00',NULL,1767,35,1),(1813,2023,'2023-07-05 11:27:16',1,140,'2024-09-16 00:00:00',NULL,1768,35,1),(1814,2023,'2023-07-05 11:27:38',1,140,'2024-09-16 00:00:00',NULL,1769,35,1),(1815,2023,'2023-07-05 11:28:08',1,140,'2024-09-16 00:00:00',NULL,1770,35,1),(1816,2023,'2023-07-05 11:28:32',1,140,'2024-09-16 00:00:00',NULL,1771,35,1),(1817,2023,'2023-07-05 11:28:56',1,140,'2024-09-16 00:00:00',NULL,1772,35,1),(1818,2023,'2023-07-05 11:29:20',1,140,'2024-09-16 00:00:00',NULL,1773,35,1),(1819,2023,'2023-07-05 11:31:36',1,140,'2024-09-16 00:00:00',NULL,1774,35,1),(1820,2023,'2023-07-05 11:32:08',1,140,'2024-09-16 00:00:00',NULL,1775,35,1),(1821,2023,'2023-07-05 11:32:34',1,140,'2024-09-16 00:00:00',NULL,1776,35,1),(1822,2023,'2023-07-05 11:32:55',1,140,'2024-09-16 00:00:00',NULL,1777,35,1),(1823,2023,'2023-07-05 11:33:31',1,140,'2024-09-16 00:00:00',NULL,1778,35,1),(1824,2023,'2023-07-05 11:34:14',1,140,'2024-09-16 00:00:00',NULL,1779,35,1),(1825,2023,'2023-07-05 11:34:38',1,140,'2024-09-16 00:00:00',NULL,1780,35,1),(1826,2023,'2023-07-05 11:35:23',1,140,'2024-09-16 00:00:00',NULL,1781,35,1),(1827,2023,'2023-07-05 11:35:53',1,140,'2024-09-16 00:00:00',NULL,1782,35,1),(1828,2023,'2023-07-05 11:36:19',1,140,'2024-09-16 00:00:00',NULL,1783,35,1),(1829,2023,'2023-07-05 11:36:43',1,140,'2024-09-16 00:00:00',NULL,1784,35,1),(1830,2023,'2023-07-05 11:37:20',1,140,'2024-09-16 00:00:00',NULL,1785,35,1),(1831,2023,'2023-07-05 11:37:44',1,140,'2024-09-16 00:00:00',NULL,1786,35,1),(1832,2023,'2023-07-05 11:38:10',1,140,'2024-09-16 00:00:00',NULL,1787,35,1),(1833,2023,'2023-07-05 11:38:33',1,140,'2024-09-16 00:00:00',NULL,1788,35,1),(1834,2023,'2023-07-05 11:39:03',1,140,'2024-09-16 00:00:00',NULL,1789,35,1),(1835,2023,'2023-07-05 11:39:27',1,140,'2024-09-16 00:00:00',NULL,1790,35,1),(1836,2023,'2023-07-05 11:39:50',1,140,'2024-09-16 00:00:00',NULL,1791,35,1),(1837,2023,'2023-07-05 11:40:10',1,140,'2024-09-16 00:00:00',NULL,1792,35,1),(1838,2023,'2023-07-05 11:40:34',1,140,'2024-09-16 00:00:00',NULL,1793,35,1),(1839,2023,'2023-07-05 11:41:05',1,140,'2024-09-16 00:00:00',NULL,1794,35,1),(1840,2023,'2023-07-05 11:41:37',1,140,'2024-09-16 00:00:00',NULL,1795,35,1),(1841,2023,'2023-07-05 11:42:02',1,140,'2024-09-16 00:00:00',NULL,1796,35,1),(1842,2023,'2023-07-05 11:42:31',1,140,'2024-09-16 00:00:00',NULL,1797,35,1),(1843,2023,'2023-07-05 11:43:07',1,140,'2024-09-16 00:00:00',NULL,1798,35,1),(1844,2023,'2023-07-05 11:43:33',1,140,'2024-09-16 00:00:00',NULL,1799,35,1),(1845,2023,'2023-07-05 11:44:05',1,140,'2024-09-16 00:00:00',NULL,1800,35,1),(1846,2023,'2023-07-05 11:44:27',1,140,'2024-09-16 00:00:00',NULL,1801,35,1),(1847,2023,'2023-07-05 11:44:58',1,140,'2024-09-16 00:00:00',NULL,1802,35,1),(1848,2023,'2023-07-05 11:45:31',1,140,'2024-09-16 00:00:00',NULL,1803,35,1),(1849,2023,'2023-07-05 11:45:56',1,140,'2024-09-16 00:00:00',NULL,1804,35,1),(1850,2023,'2023-07-05 11:46:21',1,140,'2024-09-16 00:00:00',NULL,1805,35,1),(1851,2023,'2023-07-05 11:46:49',1,140,'2024-09-16 00:00:00',NULL,1806,35,1),(1852,2023,'2023-07-05 11:47:15',1,140,'2024-09-16 00:00:00',NULL,1807,35,1),(1853,2023,'2023-07-05 11:47:38',1,140,'2024-09-16 00:00:00',NULL,1808,35,1),(1854,2023,'2023-07-05 12:01:51',1,140,'2024-09-16 00:00:00',NULL,1809,35,1),(1855,2023,'2023-07-05 12:02:25',1,140,'2024-09-16 00:00:00',NULL,1810,35,1),(1856,2023,'2023-07-05 12:02:53',1,140,'2024-09-16 00:00:00',NULL,1811,35,1),(1857,2023,'2023-07-05 12:03:25',1,140,'2024-09-16 00:00:00',NULL,1812,35,1),(1858,2023,'2023-07-05 12:03:50',1,140,'2024-09-16 00:00:00',NULL,1813,35,1),(1859,2023,'2023-07-05 12:04:15',1,140,'2024-09-16 00:00:00',NULL,1814,35,1),(1860,2023,'2023-07-05 12:04:43',1,140,'2024-09-16 00:00:00',NULL,1815,35,1),(1861,2023,'2023-07-05 12:05:04',1,140,'2024-09-16 00:00:00',NULL,1816,35,1),(1862,2023,'2023-07-05 12:06:19',1,140,'2024-09-16 00:00:00',NULL,1817,35,1),(1863,2023,'2023-07-05 12:06:55',1,140,'2024-09-16 00:00:00',NULL,1818,35,1),(1864,2023,'2023-07-05 12:07:21',1,140,'2024-09-16 00:00:00',NULL,1819,35,1),(1865,2023,'2023-07-05 12:07:47',1,140,'2024-09-16 00:00:00',NULL,1820,35,1),(1866,2023,'2023-07-11 10:50:50',1,140,'2024-09-16 00:00:00',NULL,1821,35,1),(1867,2023,'2023-07-11 10:52:40',1,140,'2024-09-16 00:00:00',NULL,1822,35,1),(1868,2023,'2023-07-11 10:53:13',1,140,'2024-09-16 00:00:00',NULL,1823,35,1),(1869,2023,'2023-07-11 10:54:48',1,140,'2024-09-16 00:00:00',NULL,1824,35,1),(1870,2023,'2023-07-11 10:55:53',1,140,'2024-09-16 00:00:00',NULL,1825,35,1),(1871,2023,'2023-07-11 10:56:56',1,140,'2024-09-16 00:00:00',NULL,1826,35,1),(1872,2023,'2023-07-11 10:57:29',1,140,'2024-09-16 00:00:00',NULL,1827,35,1),(1873,2023,'2023-07-11 10:58:58',1,140,'2024-09-16 00:00:00',NULL,1828,35,1),(1874,2023,'2023-07-11 10:59:23',1,140,'2024-09-16 00:00:00',NULL,1829,35,1),(1875,2023,'2023-07-11 10:59:55',1,140,'2024-09-16 00:00:00',NULL,1830,35,1),(1876,2023,'2023-07-11 11:10:06',1,140,'2024-09-16 00:00:00',NULL,1831,35,1),(1877,2023,'2023-07-11 11:10:32',1,140,'2024-09-16 00:00:00',NULL,1832,35,1),(1878,2023,'2023-07-11 11:13:34',1,140,'2024-09-16 00:00:00',NULL,1833,35,1),(1879,2023,'2023-07-11 11:18:18',1,140,'2024-09-16 00:00:00',NULL,1834,35,1),(1880,2023,'2023-07-11 11:22:31',1,140,'2024-09-16 00:00:00',NULL,1835,35,1),(1881,2023,'2023-07-11 11:24:06',1,140,'2024-09-16 00:00:00',NULL,1836,35,1),(1882,2023,'2023-07-11 11:25:33',1,140,'2024-09-16 00:00:00',NULL,1837,35,1),(1883,2023,'2023-07-11 12:47:06',1,140,'2024-09-16 00:00:00',NULL,1838,35,1),(1884,2023,'2023-07-11 12:58:01',1,140,'2024-09-16 00:00:00',NULL,1839,35,1),(1885,2023,'2023-07-11 16:44:03',1,140,'2024-09-16 00:00:00',NULL,1840,35,1),(1886,2023,'2023-07-11 16:44:31',1,140,'2024-09-16 00:00:00',NULL,1841,35,1),(1887,2023,'2023-07-11 16:45:03',1,140,'2024-09-16 00:00:00',NULL,1842,35,1),(1888,2023,'2023-07-11 16:45:39',1,140,'2024-09-16 00:00:00',NULL,1843,35,1),(1889,2023,'2023-07-11 16:57:26',1,140,'2024-09-16 00:00:00',NULL,1844,35,1),(1890,2023,'2023-07-11 16:57:55',1,140,'2024-09-16 00:00:00',NULL,1845,35,1),(1891,2023,'2023-07-11 17:15:26',1,140,'2024-09-16 00:00:00',NULL,1846,35,1),(1892,2023,'2023-07-11 17:19:39',1,140,'2024-09-16 00:00:00',NULL,1847,35,1),(1893,2023,'2023-07-11 17:21:13',1,140,'2024-09-16 00:00:00',NULL,1848,35,1),(1894,2023,'2023-07-11 17:23:31',1,140,'2024-09-16 00:00:00',NULL,1849,35,1),(1895,2023,'2023-07-12 10:24:20',1,140,'2024-09-16 00:00:00',NULL,1850,35,1),(1896,2023,'2023-07-12 10:24:58',1,140,'2024-09-16 00:00:00',NULL,1851,35,1),(1897,2023,'2023-07-12 10:25:35',1,140,'2024-09-16 00:00:00',NULL,1852,35,1),(1898,2023,'2023-07-12 10:26:02',1,140,'2024-09-16 00:00:00',NULL,1853,35,1),(1899,2023,'2023-07-12 10:26:52',1,140,'2024-09-16 00:00:00',NULL,1854,35,1),(1900,2023,'2023-07-12 10:30:00',1,140,'2024-09-16 00:00:00',NULL,1855,35,1),(1901,2023,'2023-07-12 10:30:26',1,140,'2024-09-16 00:00:00',NULL,1856,35,1),(1902,2023,'2023-07-12 10:30:47',1,140,'2024-09-16 00:00:00',NULL,1857,35,1),(1903,2023,'2023-07-12 10:31:12',1,140,'2024-09-16 00:00:00',NULL,1858,35,1),(1904,2023,'2023-07-12 10:31:36',1,140,'2024-09-16 00:00:00',NULL,1859,35,1),(1905,2023,'2023-07-12 10:31:57',1,140,'2024-09-16 00:00:00',NULL,1860,35,1),(1906,2023,'2023-07-12 10:39:22',1,140,'2024-09-16 00:00:00',NULL,1861,35,1),(1907,2023,'2023-07-12 10:40:02',1,140,'2024-09-16 00:00:00',NULL,1862,35,1),(1908,2023,'2023-07-12 10:40:50',1,140,'2024-09-16 00:00:00',NULL,1863,35,1),(1909,2023,'2023-07-12 10:42:16',1,140,'2024-09-16 00:00:00',NULL,1864,35,1),(1910,2023,'2023-07-12 10:50:12',1,140,'2024-09-16 00:00:00',NULL,1865,35,1),(1911,2023,'2023-07-12 10:50:41',1,140,'2024-09-16 00:00:00',NULL,1866,35,1),(1912,2023,'2023-07-12 10:51:18',1,140,'2024-09-16 00:00:00',NULL,1867,35,1),(1913,2023,'2023-07-12 10:51:45',1,140,'2024-09-16 00:00:00',NULL,1868,35,1),(1914,2023,'2023-07-12 11:18:36',1,140,'2024-09-16 00:00:00',NULL,1869,35,1),(1915,2023,'2023-07-12 11:19:45',1,140,'2024-09-16 00:00:00',NULL,1870,35,1),(1916,2023,'2023-07-12 11:23:50',1,140,'2024-09-16 00:00:00',NULL,1871,35,1),(1917,2023,'2023-07-12 11:26:00',1,140,'2024-09-16 00:00:00',NULL,1872,35,1),(1918,2023,'2023-07-12 11:26:28',1,140,'2024-09-16 00:00:00',NULL,1873,35,1),(1919,2023,'2023-07-12 11:26:58',1,140,'2024-09-16 00:00:00',NULL,1874,35,1),(1920,2023,'2023-07-12 11:28:24',1,140,'2024-09-16 00:00:00',NULL,1875,35,1),(1921,2023,'2023-07-12 11:28:51',1,140,'2024-09-16 00:00:00',NULL,1876,35,1),(1922,2023,'2023-07-12 11:39:53',1,140,'2024-09-16 00:00:00',NULL,1877,35,1),(1923,2023,'2023-07-12 11:40:18',1,140,'2024-09-16 00:00:00',NULL,1878,35,1),(1924,2023,'2023-07-12 11:40:38',1,140,'2024-09-16 00:00:00',NULL,1879,35,1),(1925,2023,'2023-07-12 11:41:12',1,140,'2024-09-16 00:00:00',NULL,1880,35,1),(1926,2023,'2023-07-12 11:41:36',1,140,'2024-09-16 00:00:00',NULL,1881,35,1),(1927,2023,'2023-07-12 11:42:02',1,140,'2024-09-16 00:00:00',NULL,1882,35,1),(1928,2023,'2023-07-12 11:42:26',1,140,'2024-09-16 00:00:00',NULL,1883,35,1),(1929,2023,'2023-07-12 11:42:54',1,140,'2024-09-16 00:00:00',NULL,1884,35,1),(1930,2023,'2023-07-12 11:44:03',1,140,'2024-09-16 00:00:00',NULL,1885,35,1),(1931,2023,'2023-07-12 11:44:30',1,140,'2024-09-16 00:00:00',NULL,1886,35,1),(1932,2023,'2023-07-12 12:00:13',1,140,'2024-09-16 00:00:00',NULL,1887,35,1),(1933,2023,'2023-07-12 12:00:45',1,140,'2024-09-16 00:00:00',NULL,1888,35,1),(1934,2023,'2023-07-12 12:01:12',1,140,'2024-09-16 00:00:00',NULL,1889,35,1),(1935,2023,'2023-07-12 12:01:49',1,140,'2024-09-16 00:00:00',NULL,1890,35,1),(1936,2023,'2023-07-12 13:15:01',1,140,'2024-09-16 00:00:00',NULL,1891,35,1),(1937,2023,'2023-07-12 13:15:35',1,140,'2024-09-16 00:00:00',NULL,1892,35,1),(1938,2023,'2023-07-12 13:16:02',1,140,'2024-09-16 00:00:00',NULL,1893,35,1),(1939,2023,'2023-07-12 13:16:29',1,140,'2024-09-16 00:00:00',NULL,1894,35,1),(1940,2023,'2023-07-12 13:17:02',1,140,'2024-09-16 00:00:00',NULL,1895,35,1),(1941,2023,'2023-07-12 13:17:33',1,140,'2024-09-16 00:00:00',NULL,1896,35,1),(1942,2023,'2023-07-12 13:21:10',1,140,'2024-09-16 00:00:00',NULL,1897,35,1),(1943,2023,'2023-07-12 13:21:42',1,140,'2024-09-16 00:00:00',NULL,1898,35,1),(1944,2023,'2023-07-12 13:23:40',1,140,'2024-09-16 00:00:00',NULL,1899,35,1),(1945,2023,'2023-07-12 13:25:11',1,140,'2024-09-16 00:00:00',NULL,1900,35,1),(1946,2023,'2023-07-12 13:25:37',1,140,'2024-09-16 00:00:00',NULL,1901,35,1),(1947,2023,'2023-07-12 13:25:59',1,140,'2024-09-16 00:00:00',NULL,1902,35,1),(1948,2023,'2023-07-12 13:27:30',1,140,'2024-09-16 00:00:00',NULL,1903,35,1),(1949,2023,'2023-07-12 13:28:20',1,140,'2024-09-16 00:00:00',NULL,1904,35,1),(1950,2023,'2023-07-12 13:28:45',1,140,'2024-09-16 00:00:00',NULL,1905,35,1),(1951,2023,'2023-07-13 11:29:35',1,140,'2024-09-16 00:00:00',NULL,1906,35,1),(1952,2023,'2023-07-13 11:31:02',1,140,'2024-09-16 00:00:00',NULL,1907,35,1),(1953,2023,'2023-07-13 11:31:33',1,140,'2024-09-16 00:00:00',NULL,1908,35,1),(1954,2023,'2023-07-13 11:43:30',1,140,'2024-09-16 00:00:00',NULL,1909,35,1),(1955,2023,'2023-07-13 11:44:05',1,140,'2024-09-16 00:00:00',NULL,1910,35,1),(1956,2023,'2023-07-13 11:45:45',1,140,'2024-09-16 00:00:00',NULL,1911,35,1),(1957,2023,'2023-07-13 11:46:27',1,140,'2024-09-16 00:00:00',NULL,1912,35,1),(1958,2023,'2023-07-13 11:47:56',1,140,'2024-09-16 00:00:00',NULL,1913,35,1),(1959,2023,'2023-07-13 11:48:56',1,140,'2024-09-16 00:00:00',NULL,1914,35,1),(1960,2023,'2023-07-13 11:49:34',1,140,'2024-09-16 00:00:00',NULL,1915,35,1),(1961,2023,'2023-07-13 11:50:25',1,140,'2024-09-16 00:00:00',NULL,1916,35,1),(1962,2023,'2023-07-13 11:50:51',1,140,'2024-09-16 00:00:00',NULL,1917,35,1),(1963,2023,'2023-07-13 11:56:18',1,140,'2024-09-16 00:00:00',NULL,1918,35,1),(1964,2023,'2023-07-13 11:56:45',1,140,'2024-09-16 00:00:00',NULL,1919,35,1),(1965,2023,'2023-07-13 11:57:13',1,140,'2024-09-16 00:00:00',NULL,1920,35,1),(1966,2023,'2023-07-13 12:52:29',1,140,'2024-09-16 00:00:00',NULL,1921,35,1),(1967,2023,'2023-07-13 12:54:25',1,140,'2024-09-16 00:00:00',NULL,1922,35,1),(1968,2023,'2023-07-13 12:54:50',1,140,'2024-09-16 00:00:00',NULL,1923,35,1),(1969,2023,'2023-07-13 12:55:19',1,140,'2024-09-16 00:00:00',NULL,1924,35,1),(1970,2023,'2023-07-13 12:55:44',1,140,'2024-09-16 00:00:00',NULL,1925,35,1),(1971,2023,'2023-07-13 12:56:09',1,140,'2024-09-16 00:00:00',NULL,1926,35,1),(1972,2023,'2023-07-13 12:56:45',1,140,'2024-09-16 00:00:00',NULL,1927,35,1),(1973,2023,'2023-07-13 12:57:09',1,140,'2024-09-16 00:00:00',NULL,1928,35,1),(1974,2023,'2023-07-13 12:57:41',1,140,'2024-09-16 00:00:00',NULL,1929,35,1),(1975,2023,'2023-07-13 12:58:08',1,140,'2024-09-16 00:00:00',NULL,1930,35,1),(1976,2023,'2023-07-13 12:58:30',1,140,'2024-09-16 00:00:00',NULL,1931,35,1),(1977,2023,'2023-07-13 12:58:53',1,140,'2024-09-16 00:00:00',NULL,1932,35,1),(1978,2023,'2023-07-13 12:59:49',1,140,'2024-09-16 00:00:00',NULL,1933,35,1),(1979,2023,'2023-07-13 13:00:52',1,140,'2024-09-16 00:00:00',NULL,1934,35,1),(1980,2023,'2023-07-13 13:01:15',1,140,'2024-09-16 00:00:00',NULL,1935,35,1),(1981,2023,'2023-07-13 13:02:20',1,140,'2024-09-16 00:00:00',NULL,1936,35,1),(1982,2023,'2023-07-13 13:02:55',1,140,'2024-09-16 00:00:00',NULL,1937,35,1),(1983,2023,'2023-07-13 13:03:19',1,140,'2024-09-16 00:00:00',NULL,1938,35,1),(1984,2023,'2023-07-13 13:07:46',1,140,'2024-09-16 00:00:00',NULL,1939,35,1),(1985,2023,'2023-07-13 13:08:50',1,140,'2024-09-16 00:00:00',NULL,1940,35,1),(1986,2023,'2023-07-13 13:10:56',1,140,'2024-09-16 00:00:00',NULL,1941,35,1),(1987,2023,'2023-07-13 13:11:44',1,140,'2024-09-16 00:00:00',NULL,1942,35,1),(1988,2023,'2023-07-13 15:43:15',1,140,'2024-09-16 00:00:00',NULL,1943,35,1),(1989,2023,'2023-07-13 16:03:41',1,140,'2024-09-16 00:00:00',NULL,1944,35,1),(1990,2023,'2023-07-13 16:04:08',1,140,'2024-09-16 00:00:00',NULL,1945,35,1),(1991,2023,'2023-07-13 16:05:23',1,140,'2024-09-16 00:00:00',NULL,1946,35,1),(1992,2023,'2023-07-13 16:06:11',1,140,'2024-09-16 00:00:00',NULL,1947,35,1),(1993,2023,'2023-07-13 16:10:28',1,140,'2024-09-16 00:00:00',NULL,1948,35,1),(1994,2023,'2023-07-13 16:11:04',1,140,'2024-09-16 00:00:00',NULL,1949,35,1),(1995,2023,'2023-07-13 16:11:38',1,140,'2024-09-16 00:00:00',NULL,1950,35,1),(1996,2023,'2023-07-13 16:13:46',1,140,'2024-09-16 00:00:00',NULL,1951,35,1),(1997,2023,'2023-07-13 16:21:35',1,140,'2024-09-16 00:00:00',NULL,1952,35,1),(1998,2023,'2023-07-13 16:22:13',1,140,'2024-09-16 00:00:00',NULL,1953,35,1),(1999,2023,'2023-07-13 16:22:38',1,140,'2024-09-16 00:00:00',NULL,1954,35,1),(2000,2023,'2023-07-13 16:25:28',1,140,'2024-09-16 00:00:00',NULL,1955,35,1),(2001,2023,'2023-07-13 16:26:15',1,140,'2024-09-16 00:00:00',NULL,1956,35,1),(2002,2023,'2023-07-13 16:48:14',1,140,'2024-09-16 00:00:00',NULL,1957,35,1),(2003,2023,'2023-07-13 16:48:49',1,140,'2024-09-16 00:00:00',NULL,1958,35,1),(2004,2023,'2023-07-13 16:49:17',1,140,'2024-09-16 00:00:00',NULL,1959,35,1),(2005,2023,'2023-07-13 16:50:08',1,140,'2024-09-16 00:00:00',NULL,1960,35,1),(2006,2023,'2023-07-13 16:55:35',1,140,'2024-09-16 00:00:00',NULL,1961,35,1),(2007,2023,'2023-07-13 16:59:58',1,140,'2024-09-16 00:00:00',NULL,1962,35,1),(2008,2023,'2023-07-13 17:00:41',1,140,'2024-09-16 00:00:00',NULL,1963,35,1),(2009,2023,'2023-07-13 17:01:13',1,140,'2024-09-16 00:00:00',NULL,1964,35,1),(2010,2023,'2023-07-13 17:01:37',1,140,'2024-09-16 00:00:00',NULL,1965,35,1),(2011,2023,'2023-07-13 17:02:03',1,140,'2024-09-16 00:00:00',NULL,1966,35,1),(2012,2023,'2023-07-13 17:02:31',1,140,'2024-09-16 00:00:00',NULL,1967,35,1),(2013,2023,'2023-07-13 17:02:58',1,140,'2024-09-16 00:00:00',NULL,1968,35,1),(2014,2023,'2023-07-13 17:03:19',1,140,'2024-09-16 00:00:00',NULL,1969,35,1),(2015,2023,'2023-07-13 17:03:45',1,140,'2024-09-16 00:00:00',NULL,1970,35,1),(2016,2023,'2023-07-13 17:09:08',1,140,'2024-09-16 00:00:00',NULL,1971,35,1),(2017,2023,'2023-07-13 17:09:56',1,140,'2024-09-16 00:00:00',NULL,1972,35,1),(2018,2023,'2023-07-13 17:10:26',1,140,'2024-09-16 00:00:00',NULL,1973,35,1),(2019,2023,'2023-07-13 17:10:53',1,140,'2024-09-16 00:00:00',NULL,1974,35,1),(2020,2023,'2023-07-13 17:20:28',1,140,'2024-09-16 00:00:00',NULL,1975,35,1),(2021,2023,'2023-07-13 17:46:27',1,140,'2024-09-16 00:00:00',NULL,1976,35,1),(2022,2023,'2023-07-13 17:47:32',1,140,'2024-09-16 00:00:00',NULL,1977,35,1),(2023,2023,'2023-07-13 17:48:06',1,140,'2024-09-16 00:00:00',NULL,1978,35,1),(2024,2023,'2023-07-13 17:50:01',1,140,'2024-09-16 00:00:00',NULL,1979,35,1),(2025,2023,'2023-07-13 17:51:07',1,140,'2024-09-16 00:00:00',NULL,1980,35,1),(2026,2023,'2023-07-13 17:51:39',1,140,'2024-09-16 00:00:00',NULL,1981,35,1),(2027,2023,'2023-07-13 17:52:19',1,140,'2024-09-16 00:00:00',NULL,1982,35,1),(2028,2023,'2023-07-13 17:53:07',1,140,'2024-09-16 00:00:00',NULL,1983,35,1),(2029,2023,'2023-07-14 09:26:28',1,140,'2024-09-16 00:00:00',NULL,1984,35,1),(2030,2023,'2023-07-14 09:27:00',1,140,'2024-09-16 00:00:00',NULL,1985,35,1),(2031,2023,'2023-07-14 09:27:26',1,140,'2024-09-16 00:00:00',NULL,1986,35,1),(2032,2023,'2023-07-14 09:28:13',1,140,'2024-09-16 00:00:00',NULL,1987,35,1),(2033,2023,'2023-07-14 09:28:47',1,140,'2024-09-16 00:00:00',NULL,1988,35,1),(2034,2023,'2023-07-14 09:29:22',1,140,'2024-09-16 00:00:00',NULL,1989,35,1),(2035,2023,'2023-07-14 09:29:52',1,140,'2024-09-16 00:00:00',NULL,1990,35,1),(2036,2023,'2023-07-14 09:30:30',1,140,'2024-09-16 00:00:00',NULL,1991,35,1),(2037,2023,'2023-07-14 09:31:11',1,140,'2024-09-16 00:00:00',NULL,1992,35,1),(2038,2023,'2023-07-14 09:31:44',1,140,'2024-09-16 00:00:00',NULL,1993,35,1),(2039,2023,'2023-07-14 09:32:14',1,140,'2024-09-16 00:00:00',NULL,1994,35,1),(2040,2023,'2023-07-14 09:32:45',1,140,'2024-09-16 00:00:00',NULL,1995,35,1),(2041,2023,'2023-07-14 09:33:16',1,140,'2024-09-16 00:00:00',NULL,1996,35,1),(2042,2023,'2023-07-14 09:33:51',1,140,'2024-09-16 00:00:00',NULL,1997,35,1),(2043,2023,'2023-07-14 09:46:22',1,140,'2024-09-16 00:00:00',NULL,1998,35,1),(2044,2023,'2023-07-14 09:47:13',1,140,'2024-09-16 00:00:00',NULL,1999,35,1),(2045,2023,'2023-07-14 09:47:42',1,140,'2024-09-16 00:00:00',NULL,2000,35,1),(2046,2023,'2023-07-14 09:48:24',1,140,'2024-09-16 00:00:00',NULL,2001,35,1),(2047,2023,'2023-07-14 11:41:13',1,140,'2024-09-16 00:00:00',NULL,2002,35,1),(2048,2023,'2023-07-14 11:42:16',1,140,'2024-09-16 00:00:00',NULL,2003,35,1),(2049,2023,'2023-07-14 11:42:43',1,140,'2024-09-16 00:00:00',NULL,2004,35,1),(2050,2023,'2023-07-14 11:45:29',1,140,'2024-09-16 00:00:00',NULL,2005,35,1),(2051,2023,'2023-07-14 11:46:05',1,140,'2024-09-16 00:00:00',NULL,2006,35,1),(2052,2023,'2023-07-14 11:46:29',1,140,'2024-09-16 00:00:00',NULL,2007,35,1),(2053,2023,'2023-07-14 11:46:56',1,140,'2024-09-16 00:00:00',NULL,2008,35,1),(2054,2023,'2023-07-14 11:47:23',1,140,'2024-09-16 00:00:00',NULL,2009,35,1),(2055,2023,'2023-07-14 12:33:40',1,140,'2024-09-16 00:00:00',NULL,2010,35,1),(2056,2023,'2023-07-14 12:34:08',1,140,'2024-09-16 00:00:00',NULL,2011,35,1),(2057,2023,'2023-07-14 12:34:41',1,140,'2024-09-16 00:00:00',NULL,2012,35,1),(2058,2023,'2023-07-14 12:35:17',1,140,'2024-09-16 00:00:00',NULL,2013,35,1),(2059,2023,'2023-07-14 12:35:57',1,140,'2024-09-16 00:00:00',NULL,2014,35,1),(2060,2023,'2023-07-14 12:36:24',1,140,'2024-09-16 00:00:00',NULL,2015,35,1),(2061,2023,'2023-07-14 12:37:17',1,140,'2024-09-16 00:00:00',NULL,2016,35,1),(2062,2023,'2023-07-14 12:37:43',1,140,'2024-09-16 00:00:00',NULL,2017,35,1),(2063,2023,'2023-07-14 12:38:15',1,140,'2024-09-16 00:00:00',NULL,2018,35,1),(2064,2023,'2023-07-14 12:38:44',1,140,'2024-09-16 00:00:00',NULL,2019,35,1),(2065,2023,'2023-07-14 12:39:10',1,140,'2024-09-16 00:00:00',NULL,2020,35,1),(2066,2023,'2023-07-14 12:39:34',1,140,'2024-09-16 00:00:00',NULL,2021,35,1),(2067,2023,'2023-07-14 12:40:02',1,140,'2024-09-16 00:00:00',NULL,2022,35,1),(2068,2023,'2023-07-14 12:40:24',1,140,'2024-09-16 00:00:00',NULL,2023,35,1),(2069,2023,'2023-07-14 13:10:23',1,140,'2024-09-16 00:00:00',NULL,2024,35,1),(2070,2023,'2023-07-14 13:11:10',1,140,'2024-09-16 00:00:00',NULL,2025,35,1),(2071,2023,'2023-07-15 10:33:25',1,140,'2024-09-16 00:00:00',NULL,2026,35,1),(2072,2023,'2023-07-15 10:34:56',1,140,'2024-09-16 00:00:00',NULL,2027,35,1),(2073,2023,'2023-07-15 10:35:31',1,140,'2024-09-16 00:00:00',NULL,2028,35,1),(2074,2023,'2023-07-15 10:37:13',1,140,'2024-09-16 00:00:00',NULL,2029,35,1),(2075,2023,'2023-07-15 10:37:45',1,140,'2024-09-16 00:00:00',NULL,2030,35,1),(2076,2023,'2023-07-15 10:38:27',1,140,'2024-09-16 00:00:00',NULL,2031,35,1),(2077,2023,'2023-07-15 10:39:01',1,140,'2024-09-16 00:00:00',NULL,2032,35,1),(2078,2023,'2023-07-15 10:41:08',1,140,'2024-09-16 00:00:00',NULL,2033,35,1),(2079,2023,'2023-07-15 10:41:41',1,140,'2024-09-16 00:00:00',NULL,2034,35,1),(2080,2023,'2023-07-15 10:42:08',1,140,'2024-09-16 00:00:00',NULL,2035,35,1),(2081,2023,'2023-07-15 10:42:35',1,140,'2024-09-16 00:00:00',NULL,2036,35,1),(2082,2023,'2023-07-15 10:43:24',1,140,'2024-09-16 00:00:00',NULL,2037,35,1),(2083,2023,'2023-07-15 10:44:03',1,140,'2024-09-16 00:00:00',NULL,2038,35,1),(2084,2023,'2023-07-15 10:44:40',1,140,'2024-09-16 00:00:00',NULL,2039,35,1),(2085,2023,'2023-07-15 10:45:15',1,140,'2024-09-16 00:00:00',NULL,2040,35,1),(2086,2023,'2023-07-15 10:45:43',1,140,'2024-09-16 00:00:00',NULL,2041,35,1),(2087,2023,'2023-07-15 10:46:14',1,140,'2024-09-16 00:00:00',NULL,2042,35,1),(2088,2023,'2023-07-15 10:46:47',1,140,'2024-09-16 00:00:00',NULL,2043,35,1),(2089,2023,'2023-07-15 10:47:22',1,140,'2024-09-16 00:00:00',NULL,2044,35,1),(2090,2023,'2023-07-15 10:47:59',1,140,'2024-09-16 00:00:00',NULL,2045,35,1),(2091,2023,'2023-07-15 10:48:34',1,140,'2024-09-16 00:00:00',NULL,2046,35,1),(2092,2023,'2023-07-15 10:50:41',1,140,'2024-09-16 00:00:00',NULL,2047,35,1),(2093,2023,'2023-07-15 10:51:17',1,140,'2024-09-16 00:00:00',NULL,2048,35,1),(2094,2023,'2023-07-15 10:52:02',1,140,'2024-09-16 00:00:00',NULL,2049,35,1),(2095,2023,'2023-07-15 10:54:50',1,140,'2024-09-16 00:00:00',NULL,2050,35,1),(2096,2023,'2023-07-15 10:57:08',1,140,'2024-09-16 00:00:00',NULL,2051,35,1),(2097,2023,'2023-07-15 10:58:24',1,140,'2024-09-16 00:00:00',NULL,2052,35,1),(2098,2023,'2023-07-15 11:00:06',1,140,'2024-09-16 00:00:00',NULL,2053,35,1),(2099,2023,'2023-07-15 11:00:57',1,140,'2024-09-16 00:00:00',NULL,2054,35,1),(2100,2023,'2023-07-15 11:02:59',1,140,'2024-09-16 00:00:00',NULL,2055,35,1),(2101,2023,'2023-07-15 11:04:01',1,140,'2024-09-16 00:00:00',NULL,2056,35,1),(2102,2023,'2023-07-15 11:07:26',1,140,'2024-09-16 00:00:00',NULL,2057,35,1),(2103,2023,'2023-07-15 11:09:15',1,140,'2024-09-16 00:00:00',NULL,2058,35,1),(2104,2023,'2023-07-15 11:09:41',1,140,'2024-09-16 00:00:00',NULL,2059,35,1),(2105,2023,'2023-07-15 11:10:10',1,140,'2024-09-16 00:00:00',NULL,2060,35,1),(2106,2023,'2023-07-15 11:10:53',1,140,'2024-09-16 00:00:00',NULL,2061,35,1),(2107,2023,'2023-07-15 11:13:48',1,140,'2024-09-16 00:00:00',NULL,2062,35,1),(2108,2023,'2023-07-15 11:16:53',1,140,'2024-09-16 00:00:00',NULL,2063,35,1),(2109,2023,'2023-07-15 11:18:31',1,140,'2024-09-16 00:00:00',NULL,2064,35,1),(2110,2023,'2023-07-15 11:19:22',1,140,'2024-09-16 00:00:00',NULL,2065,35,1),(2111,2023,'2023-07-15 11:21:38',1,140,'2024-09-16 00:00:00',NULL,2066,35,1),(2112,2023,'2023-07-15 11:22:48',1,140,'2024-09-16 00:00:00',NULL,2067,35,1),(2113,2023,'2023-07-15 11:27:00',1,140,'2024-09-16 00:00:00',NULL,2068,35,1),(2114,2023,'2023-07-15 11:27:46',1,140,'2024-09-16 00:00:00',NULL,2069,35,1),(2115,2023,'2023-07-15 11:28:22',1,140,'2024-09-16 00:00:00',NULL,2070,35,1),(2116,2023,'2023-07-15 11:29:13',1,140,'2024-09-16 00:00:00',NULL,2071,35,1),(2117,2023,'2023-07-15 11:29:51',1,140,'2024-09-16 00:00:00',NULL,2072,35,1),(2118,2023,'2023-07-15 11:31:29',1,140,'2024-09-16 00:00:00',NULL,2073,35,1),(2119,2023,'2023-07-15 11:32:38',1,140,'2024-09-16 00:00:00',NULL,2074,35,1),(2120,2023,'2023-07-15 11:34:28',1,140,'2024-09-16 00:00:00',NULL,2075,35,1),(2121,2023,'2023-07-15 11:34:52',1,140,'2024-09-16 00:00:00',NULL,2076,35,1),(2122,2023,'2023-07-15 11:35:39',1,140,'2024-09-16 00:00:00',NULL,2077,35,1),(2123,2023,'2023-07-15 11:36:20',1,140,'2024-09-16 00:00:00',NULL,2078,35,1),(2124,2023,'2023-07-15 11:36:58',1,140,'2024-09-16 00:00:00',NULL,2079,35,1),(2125,2023,'2023-07-15 11:37:18',1,140,'2024-09-16 00:00:00',NULL,2080,35,1),(2126,2023,'2023-07-15 11:38:37',1,140,'2024-09-16 00:00:00',NULL,2081,35,1),(2127,2023,'2023-07-15 11:39:03',1,140,'2024-09-16 00:00:00',NULL,2082,35,1),(2128,2023,'2023-07-15 11:39:28',1,140,'2024-09-16 00:00:00',NULL,2083,35,1),(2129,2023,'2023-07-18 10:21:09',2,130,'2024-09-16 00:00:00',NULL,2084,35,1),(2130,2023,'2023-07-22 11:02:39',2,130,'2024-09-16 00:00:00',NULL,2085,35,1),(2131,2023,'2023-07-24 14:06:33',2,100,'2024-09-16 00:00:00',NULL,2086,35,1),(2132,2023,'2023-07-25 15:13:53',2,100,'2024-09-16 00:00:00',NULL,2087,35,1),(2133,2023,'2023-07-26 12:28:56',2,100,'2024-09-16 00:00:00',NULL,2088,35,1),(2134,2023,'2023-07-26 12:33:19',2,100,'2024-09-16 00:00:00',NULL,2089,35,1),(2135,2023,'2023-07-27 11:49:57',2,200,'2024-09-16 00:00:00',NULL,2090,35,1),(2136,2023,'2023-07-27 14:58:20',2,100,'2024-09-16 00:00:00',NULL,2091,35,1),(2137,2023,'2023-07-27 14:58:48',2,100,'2024-09-16 00:00:00',NULL,2092,35,1),(2138,2023,'2023-07-29 09:44:09',2,100,'2024-09-16 00:00:00',NULL,2093,35,1),(2139,2023,'2023-08-01 11:02:19',2,100,'2024-09-16 00:00:00',NULL,2094,35,1),(2140,2023,'2023-08-01 11:04:26',2,100,'2024-09-16 00:00:00',NULL,2095,35,1),(2141,2023,'2023-08-01 16:58:52',2,100,'2024-09-16 00:00:00',NULL,2096,35,1),(2142,2023,'2023-08-03 10:25:15',2,100,'2024-09-16 00:00:00',NULL,2097,35,1),(2143,2023,'2023-08-03 13:43:39',2,200,'2024-09-16 00:00:00',NULL,2098,35,1),(2144,2023,'2023-08-09 11:41:12',2,100,'2024-09-16 00:00:00',NULL,2099,35,1),(2145,2023,'2023-08-11 08:28:18',2,100,'2024-09-16 00:00:00',NULL,2100,35,1),(2146,2023,'2023-08-14 09:57:39',2,100,'2024-09-16 00:00:00',NULL,2101,35,1),(2147,2023,'2023-08-14 11:43:00',2,100,'2024-09-16 00:00:00',NULL,2102,35,1),(2148,2023,'2023-08-15 11:50:53',2,100,'2024-09-16 00:00:00',NULL,2103,35,1),(2149,2023,'2023-08-15 12:56:24',2,100,'2024-09-16 00:00:00',NULL,2104,35,1),(2150,2023,'2023-08-15 12:56:52',2,100,'2024-09-16 00:00:00',NULL,2105,35,1),(2151,2023,'2023-08-15 18:22:12',2,100,'2024-09-16 00:00:00',NULL,2106,35,1),(2152,2023,'2023-08-16 11:29:21',2,100,'2024-09-16 00:00:00',NULL,2107,35,1),(2153,2023,'2023-08-17 12:24:47',2,100,'2024-09-16 00:00:00',NULL,2108,35,1),(2154,2023,'2023-08-18 12:50:08',1,200,'2024-09-16 00:00:00',NULL,2109,35,1),(2155,2023,'2023-08-18 12:51:58',1,200,'2024-09-16 00:00:00',NULL,2110,35,1),(2156,2023,'2023-08-18 15:25:53',2,100,'2024-09-16 00:00:00',NULL,2111,26,1),(2157,2023,'2023-08-24 10:39:17',2,150,'2024-09-16 00:00:00',NULL,2112,35,1),(2158,2023,'2023-08-28 09:43:47',2,100,'2024-09-16 00:00:00',NULL,2113,35,1),(2159,2023,'2023-08-28 09:50:32',2,100,'2024-09-16 00:00:00',NULL,2114,35,1),(2160,2023,'2023-08-29 17:10:46',2,100,'2024-09-16 00:00:00',NULL,2115,35,1),(2161,2023,'2023-08-31 11:23:23',2,100,'2024-09-16 00:00:00',NULL,2116,35,1),(2162,2023,'2023-09-06 09:19:22',2,100,'2024-09-16 00:00:00',NULL,2117,35,1),(2163,2023,'2023-09-06 12:16:25',2,100,'2024-09-16 00:00:00',NULL,2118,35,1),(2164,2023,'2023-09-14 15:13:02',2,100,'2024-09-16 00:00:00',NULL,2119,35,1),(2165,2023,'2023-09-21 14:09:42',2,100,'2024-09-16 00:00:00',NULL,2120,35,1),(2166,2023,'2023-09-21 20:17:33',2,100,'2024-09-16 00:00:00',NULL,2121,26,1),(2167,2023,'2023-10-10 10:15:28',2,100,'2024-09-16 00:00:00',NULL,2122,35,1),(2168,2023,'2023-10-10 14:44:42',2,150,'2024-09-16 00:00:00',NULL,2123,35,1),(2169,2023,'2023-10-11 08:51:22',2,100,'2024-09-16 00:00:00',NULL,2124,35,1),(2170,2023,'2023-10-11 08:52:34',2,100,'2024-09-16 00:00:00',NULL,2125,35,1),(2171,2023,'2023-10-11 10:52:21',2,100,'2024-09-16 00:00:00',NULL,2126,35,1),(2172,2023,'2023-10-11 12:17:46',2,100,'2024-09-16 00:00:00',NULL,2127,35,1),(2173,2023,'2023-10-11 12:18:57',2,100,'2024-09-16 00:00:00',NULL,2128,35,1),(2174,2023,'2023-10-16 11:10:22',2,100,'2024-09-16 00:00:00',NULL,2129,35,1),(2175,2023,'2023-10-17 12:09:54',2,100,'2024-09-16 00:00:00',NULL,2130,35,1),(2176,2023,'2023-10-18 13:50:55',2,100,'2024-09-16 00:00:00',NULL,2131,35,1),(2177,2023,'2023-10-18 18:24:31',2,100,'2024-09-16 00:00:00',NULL,2132,26,1),(2178,2023,'2023-10-19 16:31:16',2,100,'2024-09-16 00:00:00',NULL,2133,35,1),(2179,2023,'2023-10-20 10:43:43',2,100,'2024-09-16 00:00:00',NULL,2134,35,1),(2180,2023,'2023-10-20 10:44:38',2,100,'2024-09-16 00:00:00',NULL,2135,35,1),(2181,2023,'2023-10-23 09:26:18',2,100,'2024-09-16 00:00:00',NULL,2136,35,1),(2182,2023,'2023-10-23 14:22:37',2,100,'2024-09-16 00:00:00',NULL,2137,35,1),(2183,2023,'2023-10-23 14:24:32',2,100,'2024-09-16 00:00:00',NULL,2138,35,1),(2184,2023,'2023-10-24 07:51:25',2,100,'2024-09-16 00:00:00',NULL,2139,35,1),(2185,2023,'2023-10-24 07:54:18',2,100,'2024-09-16 00:00:00',NULL,2140,35,1),(2186,2023,'2023-10-24 07:57:31',2,100,'2024-09-16 00:00:00',NULL,2141,35,1),(2187,2024,'2023-10-24 08:18:25',2,100,'2024-09-16 00:00:00',NULL,2142,35,1),(2188,2024,'2023-10-24 08:19:17',2,100,'2024-09-16 00:00:00',NULL,2143,35,1),(2189,2024,'2023-10-24 08:22:03',2,100,'2024-09-16 00:00:00',NULL,2144,35,1),(2190,2024,'2023-10-24 08:25:31',2,100,'2024-09-16 00:00:00',NULL,2145,35,1),(2191,2024,'2023-10-24 09:28:55',2,100,'2024-09-16 00:00:00',NULL,2146,35,1),(2192,2024,'2023-10-24 09:29:28',2,100,'2024-09-16 00:00:00',NULL,2147,35,1),(2193,2024,'2023-10-24 10:26:15',2,100,'2024-09-16 00:00:00',NULL,2148,35,1),(2194,2024,'2023-10-24 10:26:51',2,100,'2024-09-16 00:00:00',NULL,2149,35,1),(2195,2024,'2023-10-24 10:40:15',2,100,'2024-09-16 00:00:00',NULL,2150,35,1),(2196,2024,'2023-10-24 10:46:42',2,100,'2024-09-16 00:00:00',NULL,2151,35,1),(2197,2024,'2023-10-24 11:44:03',2,100,'2024-09-16 00:00:00',NULL,2152,35,1),(2198,2024,'2023-10-24 12:54:54',2,100,'2024-09-16 00:00:00',NULL,2153,35,1),(2199,2024,'2023-10-24 19:58:12',2,100,'2024-09-16 00:00:00',NULL,2154,26,1),(2200,2024,'2023-10-25 09:09:15',2,100,'2024-09-16 00:00:00',NULL,2155,35,1),(2201,2024,'2023-10-25 09:18:19',2,100,'2024-09-16 00:00:00',NULL,2156,35,1),(2202,2024,'2023-10-26 08:01:36',2,100,'2024-09-16 00:00:00',NULL,2157,35,1),(2203,2024,'2023-10-26 08:04:38',2,100,'2024-09-16 00:00:00',NULL,2158,35,1),(2204,2024,'2023-10-26 11:06:39',2,100,'2024-09-16 00:00:00',NULL,2159,35,1),(2205,2024,'2023-10-26 11:10:03',2,100,'2024-09-16 00:00:00',NULL,2160,35,1),(2206,2024,'2023-10-26 11:48:48',2,100,'2024-09-16 00:00:00',NULL,2161,35,1),(2207,2024,'2023-10-26 11:51:07',2,100,'2024-09-16 00:00:00',NULL,2162,35,1),(2208,2024,'2023-10-26 12:48:23',2,100,'2024-09-16 00:00:00',NULL,2163,35,1),(2209,2024,'2023-10-26 15:12:24',2,100,'2024-09-16 00:00:00',NULL,2164,35,1),(2210,2024,'2023-10-26 17:24:52',2,100,'2024-09-16 00:00:00',NULL,2165,35,1),(2211,2024,'2023-10-26 18:04:42',2,100,'2024-09-16 00:00:00',NULL,2166,35,1),(2212,2024,'2023-10-26 18:05:30',2,100,'2024-09-16 00:00:00',NULL,2167,35,1),(2213,2024,'2023-10-27 08:56:01',2,100,'2024-09-16 00:00:00',NULL,2168,35,1),(2214,2024,'2023-10-27 09:00:03',2,100,'2024-09-16 00:00:00',NULL,2169,35,1),(2215,2024,'2023-10-27 11:55:57',2,100,'2024-09-16 00:00:00',NULL,2170,35,1),(2216,2024,'2023-10-27 15:26:07',2,100,'2024-09-16 00:00:00',NULL,2171,26,1),(2217,2024,'2023-10-27 17:52:58',2,100,'2024-09-16 00:00:00',NULL,2172,26,1),(2218,2024,'2023-10-27 18:38:17',2,100,'2024-09-16 00:00:00',NULL,2173,26,1),(2219,2024,'2023-10-30 11:10:14',2,100,'2024-09-16 00:00:00',NULL,2174,35,1),(2220,2024,'2023-10-30 15:33:49',2,100,'2024-09-16 00:00:00',NULL,2175,26,1),(2221,2024,'2023-10-30 16:47:33',2,100,'2024-09-16 00:00:00',NULL,2176,26,1),(2222,2024,'2023-10-31 11:10:54',2,100,'2024-09-16 00:00:00',NULL,2177,35,1),(2223,2024,'2023-10-31 11:16:34',2,100,'2024-09-16 00:00:00',NULL,2178,35,1),(2224,2024,'2023-10-31 11:18:20',2,100,'2024-09-16 00:00:00',NULL,2179,35,1),(2225,2024,'2023-10-31 12:07:35',2,100,'2024-09-16 00:00:00',NULL,2180,35,1),(2226,2024,'2023-10-31 12:09:03',2,100,'2024-09-16 00:00:00',NULL,2181,35,1),(2227,2024,'2023-10-31 13:05:03',2,100,'2024-09-16 00:00:00',NULL,2182,35,1),(2228,2024,'2023-10-31 14:04:30',2,100,'2024-09-16 00:00:00',NULL,2183,35,1),(2229,2024,'2023-10-31 14:15:16',2,100,'2024-09-16 00:00:00',NULL,2184,35,1),(2230,2024,'2023-11-01 11:10:48',2,100,'2024-09-16 00:00:00',NULL,2185,35,1),(2231,2024,'2023-11-01 12:22:47',2,100,'2024-09-16 00:00:00',NULL,2186,35,1),(2232,2024,'2023-11-01 16:51:14',2,100,'2024-09-16 00:00:00',NULL,2187,26,1),(2233,2024,'2023-11-01 16:54:25',2,100,'2024-09-16 00:00:00',NULL,2188,26,1),(2234,2024,'2023-11-02 07:56:56',2,100,'2024-09-16 00:00:00',NULL,2189,26,1),(2235,2024,'2023-11-02 07:59:46',2,100,'2024-09-16 00:00:00',NULL,2190,26,1),(2236,2024,'2023-11-03 11:41:15',2,100,'2024-09-16 00:00:00',NULL,2191,35,1),(2237,2024,'2023-11-03 18:05:46',2,100,'2024-09-16 00:00:00',NULL,2192,26,1),(2238,2024,'2023-11-03 18:09:49',2,100,'2024-09-16 00:00:00',NULL,2193,26,1),(2239,2024,'2023-11-03 18:10:29',2,100,'2024-09-16 00:00:00',NULL,2194,26,1),(2240,2024,'2023-11-03 18:11:23',2,100,'2024-09-16 00:00:00',NULL,2195,26,1),(2241,2024,'2023-11-03 18:13:50',2,100,'2024-09-16 00:00:00',NULL,2196,26,1),(2242,2024,'2023-11-03 18:14:32',2,100,'2024-09-16 00:00:00',NULL,2197,26,1),(2243,2024,'2023-11-03 20:58:16',2,100,'2024-09-16 00:00:00',NULL,2198,26,1),(2244,2024,'2023-11-04 12:05:32',2,100,'2024-09-16 00:00:00',NULL,2199,35,1),(2245,2024,'2023-11-06 14:47:15',2,100,'2024-09-16 00:00:00',NULL,2200,35,1),(2246,2024,'2023-11-06 16:59:20',2,100,'2024-09-16 00:00:00',NULL,2201,35,1),(2247,2024,'2023-11-06 17:50:22',2,100,'2024-09-16 00:00:00',NULL,2202,35,1),(2248,2024,'2023-11-07 08:47:39',2,100,'2024-09-16 00:00:00',NULL,2203,35,1),(2249,2024,'2023-11-07 18:58:12',2,100,'2024-09-16 00:00:00',NULL,2204,26,1),(2250,2024,'2023-11-08 12:40:08',2,100,'2024-09-16 00:00:00',NULL,2205,35,1),(2251,2024,'2023-11-08 12:50:28',2,100,'2024-09-16 00:00:00',NULL,2206,35,1),(2252,2024,'2023-11-08 12:51:16',2,100,'2024-09-16 00:00:00',NULL,2207,35,1),(2253,2024,'2023-11-08 17:32:47',2,100,'2024-09-16 00:00:00',NULL,2208,26,1),(2254,2024,'2023-11-08 17:38:13',2,100,'2024-09-16 00:00:00',NULL,2209,26,1),(2255,2024,'2023-11-08 17:42:03',2,100,'2024-09-16 00:00:00',NULL,2210,26,1),(2256,2024,'2023-11-08 17:43:41',2,100,'2024-09-16 00:00:00',NULL,2211,26,1),(2257,2024,'2023-11-09 10:00:45',2,100,'2024-09-16 00:00:00',NULL,2212,35,1),(2258,2024,'2023-11-09 14:27:36',2,100,'2024-09-16 00:00:00',NULL,2213,35,1),(2259,2024,'2023-11-09 14:28:25',2,100,'2024-09-16 00:00:00',NULL,2214,35,1),(2260,2024,'2023-11-09 14:29:34',2,100,'2024-09-16 00:00:00',NULL,2215,35,1),(2261,2024,'2023-11-09 14:45:01',2,100,'2024-09-16 00:00:00',NULL,2216,35,1),(2262,2024,'2023-11-09 14:45:51',2,100,'2024-09-16 00:00:00',NULL,2217,35,1),(2263,2024,'2023-11-09 18:16:11',2,100,'2024-09-16 00:00:00',NULL,2218,35,1),(2264,2024,'2023-11-13 13:40:41',2,100,'2024-09-16 00:00:00',NULL,2219,35,1),(2265,2024,'2023-11-14 07:58:32',2,100,'2024-09-16 00:00:00',NULL,2220,35,1),(2266,2024,'2023-11-14 08:01:30',2,100,'2024-09-16 00:00:00',NULL,2221,35,1),(2267,2024,'2023-11-14 08:02:06',2,100,'2024-09-16 00:00:00',NULL,2222,35,1),(2268,2024,'2023-11-14 08:03:20',2,100,'2024-09-16 00:00:00',NULL,2223,35,1),(2269,2024,'2023-11-14 11:11:36',2,100,'2024-09-16 00:00:00',NULL,2224,35,1),(2270,2024,'2023-11-14 11:12:03',2,100,'2024-09-16 00:00:00',NULL,2225,35,1),(2271,2024,'2023-11-14 11:24:52',2,100,'2024-09-16 00:00:00',NULL,2226,35,1),(2272,2024,'2023-11-14 11:42:24',2,100,'2024-09-16 00:00:00',NULL,2227,35,1),(2273,2024,'2023-11-14 14:05:24',2,100,'2024-09-16 00:00:00',NULL,2228,35,1),(2274,2024,'2023-11-14 14:09:24',2,100,'2024-09-16 00:00:00',NULL,2229,35,1),(2275,2024,'2023-11-14 14:10:18',2,100,'2024-09-16 00:00:00',NULL,2230,35,1),(2276,2024,'2023-11-14 14:28:56',2,100,'2024-09-16 00:00:00',NULL,2231,35,1),(2277,2024,'2023-11-14 16:38:44',2,100,'2024-09-16 00:00:00',NULL,2232,35,1),(2278,2024,'2023-11-14 18:25:34',2,100,'2024-09-16 00:00:00',NULL,2233,35,1),(2279,2024,'2023-11-14 18:43:37',2,100,'2024-09-16 00:00:00',NULL,2234,26,1),(2280,2024,'2023-11-14 19:14:36',2,100,'2024-09-16 00:00:00',NULL,2235,26,1),(2281,2024,'2023-11-14 19:20:05',2,100,'2024-09-16 00:00:00',NULL,2236,26,1),(2282,2024,'2023-11-14 19:23:05',2,100,'2024-09-16 00:00:00',NULL,2237,26,1),(2283,2024,'2023-11-14 19:23:41',2,100,'2024-09-16 00:00:00',NULL,2238,26,1),(2284,2024,'2023-11-14 19:26:14',2,100,'2024-09-16 00:00:00',NULL,2239,26,1),(2285,2024,'2023-11-14 19:52:06',2,100,'2024-09-16 00:00:00',NULL,2240,26,1),(2286,2024,'2023-11-14 21:40:37',2,100,'2024-09-16 00:00:00',NULL,2241,26,1),(2287,2024,'2023-11-14 21:46:53',2,100,'2024-09-16 00:00:00',NULL,2242,26,1),(2288,2024,'2023-11-15 08:48:51',2,100,'2024-09-16 00:00:00',NULL,2243,35,1),(2289,2024,'2023-11-15 09:52:45',2,100,'2024-09-16 00:00:00',NULL,2244,35,1),(2290,2024,'2023-11-15 10:22:09',2,100,'2024-09-16 00:00:00',NULL,2245,35,1),(2291,2024,'2023-11-15 10:58:43',2,100,'2024-09-16 00:00:00',NULL,2246,35,1),(2292,2024,'2023-11-15 11:21:17',2,100,'2024-09-16 00:00:00',NULL,2247,35,1),(2293,2024,'2023-11-15 12:19:53',2,100,'2024-09-16 00:00:00',NULL,2248,35,1),(2294,2024,'2023-11-15 14:13:43',2,100,'2024-09-16 00:00:00',NULL,2249,35,1),(2295,2024,'2023-11-15 15:59:45',2,100,'2024-09-16 00:00:00',NULL,2250,26,1),(2296,2024,'2023-11-15 16:00:30',2,100,'2024-09-16 00:00:00',NULL,2251,26,1),(2297,2024,'2023-11-15 16:12:33',2,100,'2024-09-16 00:00:00',NULL,2252,26,1),(2298,2024,'2023-11-15 17:06:46',2,100,'2024-09-16 00:00:00',NULL,2253,26,1),(2299,2024,'2023-11-16 09:55:11',2,100,'2024-09-16 00:00:00',NULL,2254,35,1),(2300,2024,'2023-11-16 10:01:30',2,100,'2024-09-16 00:00:00',NULL,2255,35,1),(2301,2024,'2023-11-16 11:20:32',2,100,'2024-09-16 00:00:00',NULL,2256,35,1),(2302,2024,'2023-11-16 13:28:58',2,100,'2024-09-16 00:00:00',NULL,2257,35,1),(2303,2024,'2023-11-16 13:33:43',2,100,'2024-09-16 00:00:00',NULL,2258,35,1),(2304,2024,'2023-11-16 16:47:46',2,100,'2024-09-16 00:00:00',NULL,2259,35,1),(2305,2024,'2023-11-16 16:55:03',2,100,'2024-09-16 00:00:00',NULL,2260,35,1),(2306,2024,'2023-11-16 16:55:37',2,100,'2024-09-16 00:00:00',NULL,2261,35,1),(2307,2024,'2023-11-16 16:56:17',2,100,'2024-09-16 00:00:00',NULL,2262,35,1),(2308,2024,'2023-11-16 18:51:23',2,100,'2024-09-16 00:00:00',NULL,2263,26,1),(2309,2024,'2023-11-16 18:51:58',2,100,'2024-09-16 00:00:00',NULL,2264,26,1),(2310,2024,'2023-11-16 19:00:47',2,100,'2024-09-16 00:00:00',NULL,2265,26,1),(2311,2024,'2023-11-17 12:25:05',2,100,'2024-09-16 00:00:00',NULL,2266,35,1),(2312,2024,'2023-11-17 12:25:49',2,100,'2024-09-16 00:00:00',NULL,2267,35,1),(2313,2024,'2023-11-17 12:28:38',2,100,'2024-09-16 00:00:00',NULL,2268,35,1),(2314,2024,'2023-11-18 00:07:13',2,100,'2024-09-16 00:00:00',NULL,2269,26,1),(2315,2024,'2023-11-20 10:34:54',2,100,'2024-09-16 00:00:00',NULL,2270,35,1),(2316,2024,'2023-11-20 10:42:13',2,100,'2024-09-16 00:00:00',NULL,2271,35,1),(2317,2024,'2023-11-20 14:17:10',2,100,'2024-09-16 00:00:00',NULL,2272,35,1),(2318,2023,'2023-11-20 23:11:16',2,100,'2024-09-16 00:00:00',NULL,2273,26,1),(2319,2023,'2023-11-20 23:25:47',2,100,'2024-09-16 00:00:00',NULL,2274,26,1),(2320,2023,'2023-11-20 23:29:36',2,100,'2024-09-16 00:00:00',NULL,2275,26,1),(2321,2023,'2023-11-20 23:35:52',2,100,'2024-09-16 00:00:00',NULL,2276,26,1),(2322,2023,'2023-11-20 23:46:48',2,100,'2024-09-16 00:00:00',NULL,2277,26,1),(2323,2023,'2023-11-21 08:33:58',2,100,'2024-09-16 00:00:00',NULL,2278,35,1),(2324,2023,'2023-11-21 08:41:05',2,100,'2024-09-16 00:00:00',NULL,2279,35,1),(2325,2023,'2023-11-21 09:38:50',2,100,'2024-09-16 00:00:00',NULL,2280,35,1),(2326,2023,'2023-11-21 10:43:28',2,100,'2024-09-16 00:00:00',NULL,2281,35,1),(2327,2023,'2023-11-21 10:46:55',2,100,'2024-09-16 00:00:00',NULL,2282,35,1),(2328,2024,'2023-11-21 11:33:21',2,100,'2024-09-16 00:00:00',NULL,2283,35,1),(2329,2024,'2023-11-21 11:53:25',2,100,'2024-09-16 00:00:00',NULL,2284,35,1),(2330,2024,'2023-11-21 11:57:08',2,100,'2024-09-16 00:00:00',NULL,2285,35,1),(2331,2024,'2023-11-21 12:04:16',2,100,'2024-09-16 00:00:00',NULL,2286,35,1),(2332,2024,'2023-11-21 12:07:16',2,100,'2024-09-16 00:00:00',NULL,2287,35,1),(2333,2024,'2023-11-21 12:31:35',2,100,'2024-09-16 00:00:00',NULL,2288,35,1),(2334,2024,'2023-11-21 12:36:40',2,100,'2024-09-16 00:00:00',NULL,2289,35,1),(2335,2024,'2023-11-21 12:39:34',2,100,'2024-09-16 00:00:00',NULL,2290,35,1),(2336,2024,'2023-11-21 12:43:25',2,100,'2024-09-16 00:00:00',NULL,2291,35,1),(2337,2024,'2023-11-21 14:33:35',2,100,'2024-09-16 00:00:00',NULL,2292,35,1),(2338,2024,'2023-11-21 14:38:11',2,100,'2024-09-16 00:00:00',NULL,2293,35,1),(2339,2024,'2023-11-21 14:50:31',2,100,'2024-09-16 00:00:00',NULL,2294,35,1),(2340,2024,'2023-11-21 14:51:51',2,100,'2024-09-16 00:00:00',NULL,2295,35,1),(2341,2024,'2023-11-21 15:00:11',2,100,'2024-09-16 00:00:00',NULL,2296,35,1),(2342,2024,'2023-11-22 08:07:11',2,100,'2024-09-16 00:00:00',NULL,2297,35,1),(2343,2024,'2023-11-22 08:07:45',2,100,'2024-09-16 00:00:00',NULL,2298,35,1),(2344,2024,'2023-11-22 08:15:48',2,100,'2024-09-16 00:00:00',NULL,2299,35,1),(2345,2024,'2023-11-22 10:31:28',2,100,'2024-09-16 00:00:00',NULL,2300,35,1),(2346,2024,'2023-11-22 10:34:17',2,100,'2024-09-16 00:00:00',NULL,2301,35,1),(2347,2024,'2023-11-22 10:37:09',2,100,'2024-09-16 00:00:00',NULL,2302,35,1),(2348,2024,'2023-11-22 10:41:40',2,100,'2024-09-16 00:00:00',NULL,2303,35,1),(2349,2024,'2023-11-22 10:55:04',2,100,'2024-09-16 00:00:00',NULL,2304,35,1),(2350,2024,'2023-11-22 13:09:27',2,100,'2024-09-16 00:00:00',NULL,2305,35,1),(2351,2024,'2023-11-22 13:12:21',2,100,'2024-09-16 00:00:00',NULL,2306,35,1),(2352,2024,'2023-11-22 13:16:43',2,100,'2024-09-16 00:00:00',NULL,2307,35,1),(2353,2024,'2023-11-22 13:26:04',2,100,'2024-09-16 00:00:00',NULL,2308,35,1),(2354,2024,'2023-11-22 13:28:30',2,100,'2024-09-16 00:00:00',NULL,2309,35,1),(2355,2024,'2023-11-22 13:43:08',2,100,'2024-09-16 00:00:00',NULL,2310,35,1),(2356,2024,'2023-11-22 18:28:17',2,100,'2024-09-16 00:00:00',NULL,2311,26,1),(2357,2023,'2023-11-22 20:30:54',2,100,'2024-09-16 00:00:00',NULL,2312,26,1),(2358,2024,'2023-11-22 22:21:57',2,100,'2024-09-16 00:00:00',NULL,2313,26,1),(2359,2024,'2023-11-22 22:24:05',2,100,'2024-09-16 00:00:00',NULL,2314,26,1),(2360,2024,'2023-11-22 22:25:35',2,100,'2024-09-16 00:00:00',NULL,2315,26,1),(2361,2024,'2023-11-22 22:32:21',2,100,'2024-09-16 00:00:00',NULL,2316,26,1),(2362,2024,'2023-11-23 08:48:01',2,100,'2024-09-16 00:00:00',NULL,2317,35,1),(2363,2024,'2023-11-23 08:56:13',2,100,'2024-09-16 00:00:00',NULL,2318,35,1),(2364,2024,'2023-11-23 09:06:24',2,100,'2024-09-16 00:00:00',NULL,2319,35,1),(2365,2024,'2023-11-23 09:12:54',2,100,'2024-09-16 00:00:00',NULL,2320,35,1),(2366,2024,'2023-11-23 10:06:21',2,100,'2024-09-16 00:00:00',NULL,2321,35,1),(2367,2023,'2023-11-23 11:18:39',2,100,'2024-09-16 00:00:00',NULL,2322,35,1),(2368,2024,'2023-11-23 12:50:13',2,100,'2024-09-16 00:00:00',NULL,2323,35,1),(2369,2024,'2023-11-23 13:05:58',2,100,'2024-09-16 00:00:00',NULL,2324,35,1),(2370,2024,'2023-11-23 13:09:37',2,100,'2024-09-16 00:00:00',NULL,2325,35,1),(2371,2024,'2023-11-23 13:28:04',2,100,'2024-09-16 00:00:00',NULL,2326,35,1),(2372,2024,'2023-11-24 09:33:07',2,100,'2024-09-16 00:00:00',NULL,2327,35,1),(2373,2024,'2023-11-24 09:44:29',2,100,'2024-09-16 00:00:00',NULL,2328,35,1),(2374,2024,'2023-11-24 12:34:13',2,100,'2024-09-16 00:00:00',NULL,2329,35,1),(2375,2023,'2023-11-24 15:51:57',2,100,'2024-09-16 00:00:00',NULL,2330,26,1),(2376,2024,'2023-11-24 16:04:18',2,100,'2024-09-16 00:00:00',NULL,2331,26,1),(2377,2023,'2023-11-24 16:07:49',2,100,'2024-09-16 00:00:00',NULL,2332,26,1),(2378,2024,'2023-11-27 08:19:28',2,100,'2024-09-16 00:00:00',NULL,2333,35,1),(2379,2024,'2023-11-28 09:13:06',2,100,'2024-09-16 00:00:00',NULL,2334,35,1),(2380,2024,'2023-11-28 09:26:39',2,100,'2024-09-16 00:00:00',NULL,2335,35,1),(2381,2024,'2023-11-28 09:32:54',2,100,'2024-09-16 00:00:00',NULL,2336,35,1),(2382,2024,'2023-11-28 10:00:40',2,100,'2024-09-16 00:00:00',NULL,2337,35,1),(2383,2024,'2023-11-28 10:09:03',2,100,'2024-09-16 00:00:00',NULL,2338,35,1),(2384,2023,'2023-11-28 10:36:06',2,100,'2024-09-16 00:00:00',NULL,2339,35,1),(2385,2024,'2023-11-28 12:38:01',2,100,'2024-09-16 00:00:00',NULL,2340,35,1),(2386,2024,'2023-11-28 12:38:29',2,100,'2024-09-16 00:00:00',NULL,2341,35,1),(2387,2024,'2023-11-28 12:42:27',2,100,'2024-09-16 00:00:00',NULL,2342,35,1),(2388,2024,'2023-11-28 12:59:16',2,100,'2024-09-16 00:00:00',NULL,2343,35,1),(2389,2024,'2023-11-28 13:04:31',2,100,'2024-09-16 00:00:00',NULL,2344,35,1),(2390,2024,'2023-11-28 13:17:51',2,100,'2024-09-16 00:00:00',NULL,2345,35,1),(2391,2024,'2023-11-28 13:21:58',2,100,'2024-09-16 00:00:00',NULL,2346,35,1),(2392,2024,'2023-11-28 15:10:10',2,100,'2024-09-16 00:00:00',NULL,2347,35,1),(2393,2024,'2023-11-28 15:11:32',2,100,'2024-09-16 00:00:00',NULL,2348,35,1),(2394,2024,'2023-11-29 09:55:21',2,100,'2024-09-16 00:00:00',NULL,2349,35,1),(2395,2024,'2023-11-29 16:09:29',2,100,'2024-09-16 00:00:00',NULL,2350,26,1),(2396,2024,'2023-11-29 16:10:17',2,100,'2024-09-16 00:00:00',NULL,2351,26,1),(2397,2024,'2023-11-30 08:51:25',2,100,'2024-09-16 00:00:00',NULL,2352,35,1),(2398,2024,'2023-11-30 09:49:17',2,100,'2024-09-16 00:00:00',NULL,2353,35,1),(2399,2024,'2023-11-30 10:17:47',2,100,'2024-09-16 00:00:00',NULL,2354,35,1),(2400,2024,'2023-11-30 17:01:55',2,100,'2024-09-16 00:00:00',NULL,2355,35,1),(2401,2024,'2023-11-30 17:02:33',2,100,'2024-09-16 00:00:00',NULL,2356,35,1),(2402,2024,'2023-12-01 08:21:18',2,100,'2024-09-16 00:00:00',NULL,2357,35,1),(2403,2023,'2023-12-01 10:33:28',2,100,'2024-09-16 00:00:00',NULL,2358,35,1),(2404,2023,'2023-12-04 11:07:05',2,100,'2024-09-16 00:00:00',NULL,2359,35,1),(2405,2024,'2023-12-04 15:55:30',2,100,'2024-09-16 00:00:00',NULL,2360,26,1),(2406,2024,'2023-12-05 13:06:59',2,100,'2024-09-16 00:00:00',NULL,2361,35,1),(2407,2023,'2023-12-05 18:56:33',2,100,'2024-09-16 00:00:00',NULL,2362,26,1),(2408,2023,'2023-12-06 08:20:20',2,100,'2024-09-16 00:00:00',NULL,2363,35,1),(2409,2024,'2023-12-06 10:25:56',1,100,'2024-09-16 00:00:00',NULL,2364,35,1),(2410,2024,'2023-12-06 12:09:03',2,150,'2024-09-16 00:00:00',NULL,2365,35,1),(2411,2024,'2023-12-06 12:10:38',2,150,'2024-09-16 00:00:00',NULL,2366,35,1),(2412,2024,'2023-12-07 08:32:27',2,100,'2024-09-16 00:00:00',NULL,2367,35,1),(2413,2024,'2023-12-07 08:33:18',2,100,'2024-09-16 00:00:00',NULL,2368,35,1),(2414,2024,'2023-12-07 08:34:03',2,100,'2024-09-16 00:00:00',NULL,2369,35,1),(2415,2024,'2023-12-09 09:42:49',2,100,'2024-09-16 00:00:00',NULL,2370,35,1),(2416,2024,'2023-12-09 10:50:11',2,150,'2024-09-16 00:00:00',NULL,2371,35,1),(2417,2024,'2023-12-11 10:10:27',2,150,'2024-09-16 00:00:00',NULL,2372,35,1),(2418,2024,'2023-12-11 10:25:39',2,100,'2024-09-16 00:00:00',NULL,2373,35,1),(2419,2024,'2023-12-13 11:35:46',2,100,'2024-09-16 00:00:00',NULL,2374,35,1),(2420,2024,'2023-12-13 12:16:53',2,100,'2024-09-16 00:00:00',NULL,2375,35,1),(2421,2024,'2023-12-14 10:28:30',2,100,'2024-09-16 00:00:00',NULL,2376,35,1),(2422,2024,'2023-12-14 10:30:32',2,100,'2024-09-16 00:00:00',NULL,2377,35,1),(2423,2024,'2023-12-14 10:31:07',2,100,'2024-09-16 00:00:00',NULL,2378,35,1),(2424,2024,'2023-12-14 12:51:52',2,100,'2024-09-16 00:00:00',NULL,2379,35,1),(2425,2024,'2023-12-15 10:34:17',2,100,'2024-09-16 00:00:00',NULL,2380,35,1),(2426,2024,'2023-12-15 11:39:20',2,150,'2024-09-16 00:00:00',NULL,2381,35,1),(2427,2024,'2023-12-15 12:39:02',2,150,'2024-09-16 00:00:00',NULL,2382,35,1),(2428,2023,'2023-12-15 15:48:04',2,100,'2024-09-16 00:00:00',NULL,2383,26,1),(2429,2024,'2023-12-15 15:48:47',2,100,'2024-09-16 00:00:00',NULL,2384,26,1),(2430,2023,'2023-12-15 16:15:02',2,100,'2024-09-16 00:00:00',NULL,2385,26,1),(2431,2023,'2023-12-15 16:15:51',2,100,'2024-09-16 00:00:00',NULL,2386,26,1),(2432,2024,'2023-12-15 16:33:14',2,100,'2024-09-16 00:00:00',NULL,2387,26,1),(2433,2024,'2023-12-15 16:34:30',2,100,'2024-09-16 00:00:00',NULL,2388,26,1),(2434,2023,'2023-12-15 16:40:27',2,100,'2024-09-16 00:00:00',NULL,2389,26,1),(2435,2023,'2023-12-15 16:55:05',2,100,'2024-09-16 00:00:00',NULL,2390,26,1),(2436,2023,'2023-12-15 17:01:40',2,100,'2024-09-16 00:00:00',NULL,2391,26,1),(2437,2023,'2023-12-15 17:09:38',2,100,'2024-09-16 00:00:00',NULL,2392,26,1),(2438,2023,'2023-12-15 17:10:19',2,100,'2024-09-16 00:00:00',NULL,2393,26,1),(2439,2023,'2023-12-15 17:10:56',2,100,'2024-09-16 00:00:00',NULL,2394,26,1),(2440,2023,'2023-12-15 17:18:35',2,100,'2024-09-16 00:00:00',NULL,2395,26,1),(2441,2023,'2023-12-15 17:19:20',2,100,'2024-09-16 00:00:00',NULL,2396,26,1),(2442,2023,'2023-12-15 17:23:01',2,100,'2024-09-16 00:00:00',NULL,2397,26,1),(2443,2023,'2023-12-15 17:27:18',2,100,'2024-09-16 00:00:00',NULL,2398,26,1),(2444,2023,'2023-12-15 17:30:34',2,100,'2024-09-16 00:00:00',NULL,2399,26,1),(2445,2023,'2023-12-15 17:42:53',2,100,'2024-09-16 00:00:00',NULL,2400,26,1),(2446,2023,'2023-12-15 17:45:35',2,100,'2024-09-16 00:00:00',NULL,2401,26,1),(2447,2024,'2023-12-15 17:46:27',2,100,'2024-09-16 00:00:00',NULL,2402,26,1),(2448,2024,'2023-12-15 17:50:52',2,150,'2024-09-16 00:00:00',NULL,2403,26,1),(2449,2023,'2023-12-15 18:22:56',2,100,'2024-09-16 00:00:00',NULL,2404,26,1),(2450,2023,'2023-12-15 19:12:00',2,100,'2024-09-16 00:00:00',NULL,2405,26,1),(2451,2023,'2023-12-15 19:14:22',2,100,'2024-09-16 00:00:00',NULL,2406,26,1),(2452,2023,'2023-12-15 19:18:14',2,100,'2024-09-16 00:00:00',NULL,2407,26,1),(2453,2023,'2023-12-15 19:18:52',2,100,'2024-09-16 00:00:00',NULL,2408,26,1),(2454,2023,'2023-12-15 19:22:09',2,100,'2024-09-16 00:00:00',NULL,2409,26,1),(2455,2023,'2023-12-18 09:37:50',2,100,'2024-09-16 00:00:00',NULL,2410,35,1),(2456,2024,'2023-12-18 09:52:13',2,100,'2024-09-16 00:00:00',NULL,2411,35,1),(2457,2024,'2023-12-18 10:10:39',2,150,'2024-09-16 00:00:00',NULL,2412,35,1),(2458,2024,'2023-12-18 10:14:25',2,150,'2024-09-16 00:00:00',NULL,2413,35,1),(2459,2024,'2023-12-18 10:15:51',2,150,'2024-09-16 00:00:00',NULL,2414,35,1),(2460,2024,'2023-12-18 10:21:04',2,150,'2024-09-16 00:00:00',NULL,2415,35,1),(2461,2024,'2023-12-18 10:38:02',2,150,'2024-09-16 00:00:00',NULL,2416,35,1),(2462,2024,'2023-12-18 10:40:37',2,150,'2024-09-16 00:00:00',NULL,2417,35,1),(2463,2023,'2023-12-18 15:08:09',2,100,'2024-09-16 00:00:00',NULL,2418,26,1),(2464,2023,'2023-12-18 16:02:26',2,100,'2024-09-16 00:00:00',NULL,2419,26,1),(2465,2023,'2023-12-18 16:03:25',2,100,'2024-09-16 00:00:00',NULL,2420,26,1),(2466,2024,'2023-12-18 16:05:58',2,150,'2024-09-16 00:00:00',NULL,2421,26,1),(2467,2024,'2023-12-19 08:22:23',2,150,'2024-09-16 00:00:00',NULL,2422,35,1),(2468,2024,'2023-12-19 09:36:49',2,150,'2024-09-16 00:00:00',NULL,2423,35,1),(2469,2024,'2023-12-19 09:36:08',2,150,'2024-09-16 00:00:00',NULL,2424,35,1),(2470,2024,'2023-12-19 09:38:54',2,150,'2024-09-16 00:00:00',NULL,2425,35,1),(2471,2024,'2023-12-19 11:45:37',2,100,'2024-09-16 00:00:00',NULL,2426,35,1),(2472,2023,'2023-12-19 16:49:20',2,100,'2024-09-16 00:00:00',NULL,2427,35,1),(2473,2024,'2023-12-19 17:08:40',2,100,'2024-09-16 00:00:00',NULL,2428,35,1),(2474,2024,'2023-12-20 09:26:54',2,150,'2024-09-16 00:00:00',NULL,2429,35,1),(2475,2024,'2023-12-20 09:28:30',2,150,'2024-09-16 00:00:00',NULL,2430,35,1),(2476,2024,'2023-12-20 10:05:04',2,150,'2024-09-16 00:00:00',NULL,2431,35,1),(2477,2023,'2024-01-17 00:00:00',2,150,'2024-09-17 12:42:44','uploads\\1726591596202-WhatsApp Image 2024-09-17 at 12.45.58_aefe1de1.jpg',2432,38,1),(2478,2024,'2024-09-17 12:46:36',2,150,'2024-09-17 12:46:36','uploads\\1726591596202-WhatsApp Image 2024-09-17 at 12.45.58_aefe1de1.jpg',2432,26,1),(2479,2024,'2024-09-28 08:44:10',2,150,'2024-09-28 08:44:10','uploads\\1727527449993-Screenshot 2024-02-06 193622.png',7,26,1),(2480,2024,'2024-09-28 08:58:17',2,100,'2024-09-28 08:58:17','uploads\\1727528296765-Screenshot 2024-01-08 185926.png',9,26,0);
/*!40000 ALTER TABLE `pago` ENABLE KEYS */;
UNLOCK TABLES;

--
-- Table structure for table `rol`
--

DROP TABLE IF EXISTS `rol`;
/*!40101 SET @saved_cs_client     = @@character_set_client */;
/*!40101 SET character_set_client = utf8 */;
CREATE TABLE `rol` (
  `rid` int(11) NOT NULL AUTO_INCREMENT,
  `nombreRol` varchar(50) DEFAULT NULL,
  PRIMARY KEY (`rid`)
) ENGINE=InnoDB AUTO_INCREMENT=5 DEFAULT CHARSET=latin1;
/*!40101 SET character_set_client = @saved_cs_client */;

--
-- Dumping data for table `rol`
--

LOCK TABLES `rol` WRITE;
/*!40000 ALTER TABLE `rol` DISABLE KEYS */;
INSERT INTO `rol` VALUES (1,'Administrador'),(2,'Gerente'),(3,'Medico'),(4,'Secretaria');
/*!40000 ALTER TABLE `rol` ENABLE KEYS */;
UNLOCK TABLES;

--
-- Table structure for table `usuario`
--

DROP TABLE IF EXISTS `usuario`;
/*!40101 SET @saved_cs_client     = @@character_set_client */;
/*!40101 SET character_set_client = utf8 */;
CREATE TABLE `usuario` (
  `uid` int(11) NOT NULL AUTO_INCREMENT,
  `nombre` varchar(90) DEFAULT NULL,
  `usuario` varchar(45) NOT NULL,
  `contraseña` varchar(255) NOT NULL,
  `ridFK` int(11) DEFAULT NULL,
  `apellidoPaterno` varchar(50) DEFAULT NULL,
  `apellidoMaterno` varchar(50) DEFAULT NULL,
  `estado` tinyint(4) DEFAULT NULL,
  `intentosFallidos` int(11) DEFAULT '0',
  `tiempoBloqueo` datetime DEFAULT NULL,
  `necesitaContraseña` tinyint(4) DEFAULT '1',
  `solicitudRestablecimiento` tinyint(4) DEFAULT '0',
  PRIMARY KEY (`uid`),
  KEY `rid_fk_idx` (`ridFK`),
  CONSTRAINT `rid_fk` FOREIGN KEY (`ridFK`) REFERENCES `rol` (`rid`)
) ENGINE=InnoDB AUTO_INCREMENT=41 DEFAULT CHARSET=latin1;
/*!40101 SET character_set_client = @saved_cs_client */;

--
-- Dumping data for table `usuario`
--

LOCK TABLES `usuario` WRITE;
/*!40000 ALTER TABLE `usuario` DISABLE KEYS */;
INSERT INTO `usuario` VALUES (26,'Ariel','admin','$2b$10$qj2eLMOLv9yGKw0MqjnnPu66VKYejp8zLEOr.NlFW008HmiaP7jL2',1,'Tellez','Torrico',1,0,NULL,0,0),(29,'Gary','vasquezg','$2b$10$FcDEjZMq7Ii9Mc2z4DJsbOa8KH.zYZcWgpCTFvJyIycGJYrrhwLTC',3,'Vasquez','Ribera',1,0,NULL,0,0),(33,'Andres','druguerrero','$2b$10$6Uzy99TySSJfu/9XOIDnQOD6XAcrONrf/K.uNMCJvmgJypW1HNfD.',4,'Guerrero','Camacho',1,0,NULL,0,0),(35,'Patricia','portizr','$2b$10$hVKlVxkjKl.ql7vsFqvpleMuGaspSJrjyuF/ryg6WcfxphplcZB.O',4,'Ortiz','Romero',1,0,NULL,1,0),(36,'Mariel','mtellezp','$2b$10$pzptjycFCJK6zpEMgwutjulCMQ/x9dulm5Gm1.7xR6sGOYIF3Kg8S',3,'Tellez','Perez',1,0,NULL,0,0),(38,'Gloria','ggonzalesf','$2b$10$lM7lHkRNawt0OVSCsimE9uA8dUwDW0ZlcKc.JQXNvzLxjbvT8Pl3a',4,'Gonzales','Fernandez',1,0,NULL,0,0),(39,'Juan','jperezs','$2b$10$3zXY10qour1ZV/YiHGQuBe3hiIfrkHNwFVq3ZHX31Jpn7vfLdiQNm',3,'Perez','Suarez',1,0,'2024-09-27 14:32:16',0,0),(40,'Yoelma','ymelendresf','$2b$10$.zjpUF/DhwsuhaxL/klNwed8m0N6NZqMBqJR/NgeY5z3fjg566H4.',4,'Melendres','Flores',1,0,NULL,0,0);
/*!40000 ALTER TABLE `usuario` ENABLE KEYS */;
UNLOCK TABLES;
/*!40103 SET TIME_ZONE=@OLD_TIME_ZONE */;

/*!40101 SET SQL_MODE=@OLD_SQL_MODE */;
/*!40014 SET FOREIGN_KEY_CHECKS=@OLD_FOREIGN_KEY_CHECKS */;
/*!40014 SET UNIQUE_CHECKS=@OLD_UNIQUE_CHECKS */;
/*!40101 SET CHARACTER_SET_CLIENT=@OLD_CHARACTER_SET_CLIENT */;
/*!40101 SET CHARACTER_SET_RESULTS=@OLD_CHARACTER_SET_RESULTS */;
/*!40101 SET COLLATION_CONNECTION=@OLD_COLLATION_CONNECTION */;
/*!40111 SET SQL_NOTES=@OLD_SQL_NOTES */;

-- Dump completed on 2024-10-16  1:46:47
